# 低轨卫星 TLE 离线备份
# 由 fetch-leo-tle.py 自动生成 | 2026-10-10 21:00:39 UTC
# 仅供 TwinkStar App 离线回退使用
#
0 STARLINK-30182
1 57412U 23102J   26283.72817808  .01020200  56137-3  14095-2 0  9990
2 57412  42.9947  92.4820 0002391 282.1899  77.8713 16.05295313179370
0 YAOGAN-39 05A
1 58557U 23194A   26283.66924005  .00009204  00000-0  38368-3 0  9998
2 58557  35.0019  51.1811 0006065 279.2557  80.7472 15.22937171157976
0 STARLINK-3073
1 49135U 21082F   26283.66668981  .00026296  00000-0  20287-2 0  9992
2 49135  70.0002  72.3931 0004244 276.1087 152.5482 15.01499703  5789
0 STARLINK-3057
1 49139U 21082K   26283.66668981  .00372552  00000-0  28858-2 0  9997
2 49139  70.0011  53.4932 0003390 277.2205 239.9412 15.70576041  5936
0 STARLINK-3072
1 49153U 21082Z   26283.66668981  .00027024  00000-0  20831-2 0  9997
2 49153  69.9993  72.4103 0003616 255.6406 105.9027 15.01526342  5772
0 STARLINK-3052
1 49165U 21082AM  26283.66668981  .01065612  00000-0  32166-1 0  9999
2 49165  70.0005 110.5563 0003016 273.3415 138.3262 15.31328962  5780
0 STARLINK-3225
1 49737U 21115P   26283.66668981  .00096546  00000-0  24813-2 0  9991
2 49737  53.1606 255.3769 0001418  83.3347 272.4415 15.38514036  5772
0 STARLINK-3306
1 50163U 21125H   26283.66668981  .00270495  39739-4  68092-3 0  9997
2 50163  53.2086 295.6920 0008233  32.6220  35.0219 15.95118667  5874
0 STARLINK-3399
1 51121U 22005T   26283.66668981  .00036808  00000-0  18183-2 0  9998
2 51121  53.1595  43.0351 0001297  92.4027 289.4500 15.17542934  5700
0 STARLINK-3172
1 51139U 22005AM  26283.66668981  .00067736  00000-0  20036-2 0  9991
2 51139  53.1596  35.7919 0001146  55.3511 322.0394 15.34309389  5896
0 STARLINK-3401
1 51465U 22010K   26283.66668981  .00306603  00000-0  42453-2 0  9995
2 51465  53.1628  20.7663 0001446  85.7110   8.0913 15.55526980  5898
0 STARLINK-3509
1 51737U 22016Z   26283.66668981  .01123902  00000-0  15014-1 0  9995
2 51737  53.1556  54.7074 0001783  96.5560  22.7682 15.54708295  5847
0 STARLINK-3620
1 51775U 22017H   26283.66668981  .00218426  29260-4  60719-3 0  9990
2 51775  53.2123  24.7721 0003567 337.6342 334.9219 15.93367331  5923
0 STARLINK-3602
1 51791U 22017Z   26283.66668981 -.00011929  00000-0 -35192-3 0  9993
2 51791  53.1570  85.7826 0001266  83.5267 244.3788 15.33550287  5727
0 STARLINK-3591
1 51870U 22022U   26283.66668981  .00737331  00000-0  12000-1 0  9998
2 51870  53.1597 108.4810 0001394 106.1116  60.4957 15.49858356  5895
0 STARLINK-3653
1 52000U 22025AW  26283.66668981 -.00008505  00000-0 -24089-3 0  9995
2 52000  53.1582 119.1224 0000992  92.0732 108.0066 15.34398296  5899
0 STARLINK-3659
1 52001U 22025AX  26283.66668981 -.00010506  00000-0 -30026-3 0  9998
2 52001  53.1577 119.1621 0001152 100.5732  64.6329 15.34395370  5786
0 STARLINK-3734
1 52112U 22029AA  26283.66668981  .00124931  00000-0  30997-2 0  9997
2 52112  53.1596 155.2576 0001055  80.0608 337.7074 15.39448719  5801
0 STARLINK-3888
1 52454U 22049D   26283.66668981  .00045553  00000-0  13522-2 0  9995
2 52454  53.1589 175.1157 0001342  97.5414 178.6624 15.34375784  5781
0 STARLINK-3906
1 52585U 22051BB  26283.66668981  .00067567  00000-0  35822-2 0  9999
2 52585  53.1606 233.1553 0001380  99.6224 255.0726 15.14770088  5704
0 STARLINK-3996
1 52617U 22052V   26283.66668981  .00050170  00000-0  15278-2 0  9991
2 52617  53.1604  21.1911 0001622  80.2562 122.4045 15.33522872  5811
0 STARLINK-3995
1 52632U 22052AL  26283.66668981  .00822424  00000-0  22665-1 0  9994
2 52632  53.1609  21.3624 0000898  95.5707 157.3835 15.34149218  5814
0 STARLINK-3994
1 52633U 22052AM  26283.66668981  .00047699  00000-0  13706-2 0  9995
2 52633  53.1602  21.1331 0001112  69.4253  61.0708 15.35379646  5818
0 STARLINK-4082
1 52658U 22053C   26283.66668981  .00013004  00000-0  75038-3 0  9993
2 52658  53.1604 268.2336 0002508  73.0167  69.9225 15.12674041  5814
0 STARLINK-4070
1 52664U 22053J   26283.66668981  .01056894  00000-0  31858-1 0  9995
2 52664  53.1600 267.0344 0001452  87.7669  33.2679 15.31038899  5812
0 STARLINK-4064
1 52665U 22053K   26283.66668981  .01106587  00000-0  33448-1 0  9998
2 52665  53.1615 267.0904 0001473 115.2185  76.2332 15.30813904  5656
0 STARLINK-4079
1 52666U 22053L   26283.66668981  .00012622  00000-0  67830-3 0  9998
2 52666  53.1610 267.7790 0001893  72.4250  86.9572 15.15251423  5755
0 STARLINK-4076
1 52667U 22053M   26283.66668981  .01102651  00000-0  36697-1 0  9997
2 52667  53.1595 267.3357 0001749  75.1500  11.3648 15.28138301  5817
0 STARLINK-4075
1 52670U 22053Q   26283.66668981  .00061705  00000-0  20612-2 0  9995
2 52670  53.1600 267.1532 0001813  83.3397  69.1603 15.30467053  5654
0 STARLINK-4073
1 52672U 22053S   26283.66668981  .01125255  00000-0  37485-1 0  9994
2 52672  53.1595 267.3630 0001800  76.7683  16.1535 15.28053679  5759
0 STARLINK-3936
1 52674U 22053U   26283.66668981  .00997420  00000-0  14848-1 0  9994
2 52674  53.1603 230.0674 0001388  91.6614 259.7890 15.52029374  5871
0 STARLINK-3774
1 52680U 22053AA  26283.66668981  .00006254  00000-0  19619-3 0  9990
2 52680  53.1585 253.0933 0001342  87.3522 171.2281 15.34381905  5840
0 STARLINK-4041
1 52695U 22053AR  26283.66668981  .00059764  00000-0  18207-2 0  9991
2 52695  53.1597 261.5943 0001233  95.9545  92.6987 15.33433893  5812
0 STARLINK-4049
1 52840U 22062L   26283.66668981  .00509274  00000-0  75700-2 0  9990
2 52840  53.1594 107.8593 0001122 109.1649 104.3205 15.52842341  5822
0 STARLINK-4181
1 52882U 22062BE  26283.66668981  .01393485  00000-0  31639-1 0  9994
2 52882  53.1544 118.5420 0001615  84.4871 269.8648 15.39627894  5872
0 STARLINK-4102
1 53143U 22083M   26283.66668981  .00165256  00000-0  27972-2 0  9996
2 53143  53.1589 273.7140 0000910  85.9423 235.4331 15.50496946  5896
0 STARLINK-4110
1 53166U 22083AL  26283.66668981  .00345392  00000-0  41507-2 0  9992
2 53166  53.1604 237.5450 0001090  92.1110 213.1618 15.59189098  5880
0 STARLINK-4405
1 53201U 22084N   26283.66668981  .01283139  00000-0  11003-1 0  9991
2 53201  97.4962 350.3579 0001254  98.0629 351.2681 15.66552090  5895
0 STARLINK-4425
1 53208U 22084V   26283.66668981  .00241842  00000-0  24053-2 0  9992
2 53208  97.2789 338.8949 0001306  88.9778 292.2047 15.64950398  5880
0 STARLINK-4061
1 53247U 22086F   26283.66668981 -.00016008  00000-0 -46374-3 0  9994
2 53247  53.1588 301.5221 0001006  81.0078 285.6752 15.34394247  5909
0 STARLINK-4142
1 53255U 22086P   26283.66668981  .00890958  00000-0  25178-1 0  9992
2 53255  53.1592 301.5890 0001036  58.5443 287.1321 15.33135634  5757
0 STARLINK-4512
1 53398U 22097L   26283.66668981  .00050752  00000-0  14578-2 0  9995
2 53398  53.1588 227.2069 0001406  97.2755  31.1739 15.35361725  5685
0 STARLINK-4500
1 53413U 22097AB  26283.66668981  .00132656  00000-0  43044-2 0  9997
2 53413  53.1598 227.0022 0000715  93.0011 263.0044 15.30995455  5753
0 STARLINK-4548
1 53431U 22097AV  26283.66668981  .00055481  00000-0  16430-2 0  9996
2 53431  53.1611 199.3112 0001254  91.7247  75.9691 15.34362370  5896
0 STARLINK-4394
1 53467U 22099C   26283.66668981  .01064300  00000-0  81963-2 0  9991
2 53467  97.5449  55.0011 0001362  95.4538 248.9095 15.69296414  5899
0 STARLINK-4389
1 53475U 22099L   26283.66668981  .00925126  00000-0  56025-2 0  9992
2 53475  97.4969  52.0426 0001119  65.8025  83.2458 15.74997651  5893
0 STARLINK-4392
1 53489U 22099AA  26283.66668981  .00101284  00000-0  27740-2 0  9990
2 53489  97.2863  37.1532 0001603  91.4822 100.2304 15.36922646  5811
0 STARLINK-4402
1 53509U 22099AW  26283.66668981  .00199563  00000-0  86902-3 0  9996
2 53509  97.6062  56.2877 0001418  84.9193 205.3655 15.84244894  5928
0 STARLINK-1063
1 44768U 19074BH  26283.66668981 -.00053686  00000-0 -49216-3 0  9996
2 44768  53.1466 270.8217 0001908  79.2857  28.6209 15.67049499  5915
0 STARLINK-1193
1 45100U 20006BJ  26283.66668981  .00142653  00000-0  59974-3 0  9997
2 45100  53.0374 247.5849 0006219  46.0356 127.1274 15.84579654  6021
0 STARLINK-1269
1 45197U 20012V   26283.66668981 -.00003369  00000-0 -61149-4 0  9990
2 45197  53.1501 111.2071 0002619 142.0902 301.8229 15.45132851  5759
0 STARLINK-1209
1 45206U 20012AE  26283.66668981  .00275111  39757-4  79362-3 0  9995
2 45206  53.0260 349.4959 0004864 349.6074  93.3545 15.92588813  5771
0 STARLINK-1212
1 45223U 20012AX  26283.66668981  .00254164  00000-0  80245-3 0  9996
2 45223  53.0347   6.3035 0003112 353.3543 165.0910 15.90114901  5974
0 STARLINK-1267
1 45384U 20019AA  26283.66668981  .00177637  22744-4  55613-3 0  9994
2 45384  53.0334 144.6254 0003794 150.1920 275.1139 15.91148884  6059
0 STARLINK-1274
1 45387U 20019AD  26283.66668981  .00194262  25533-4  53125-3 0  9995
2 45387  53.0036 124.1076 0004716 187.1243 125.3788 15.93699048  6049
0 STARLINK-1283
1 45389U 20019AF  26283.66668981  .00206045  28297-4  45192-3 0  9995
2 45389  53.0229 118.9513 0003397 218.5689 213.1861 15.97752083  6051
0 STARLINK-1284
1 45390U 20019AG  26283.66668981  .00212879  28017-4  63901-3 0  9997
2 45390  53.0327 145.4349 0003177 125.2994  67.0508 15.91905981  6058
0 STARLINK-1309
1 45414U 20019BG  26283.66668981  .00297475  47605-4  61597-3 0  9992
2 45414  53.0470 134.8930 0002813 189.2725 242.5639 15.98695691  6067
0 STARLINK-1338
1 45532U 20025B   26283.66668981  .00196691  26001-4  52416-3 0  9995
2 45532  53.0315  97.8188 0000689 243.6605 135.7641 15.94202606  5971
0 STARLINK-1327
1 45555U 20025AA  26283.66668981  .00248508  35305-4  62104-3 0  9997
2 45555  53.0285  79.6764 0001321 280.8168 359.2052 15.95332066  5986
0 STARLINK-1357
1 45565U 20025AL  26283.66668981  .00184394  00000-0  58899-3 0  9996
2 45565  53.0328  51.7759 0002777 251.3902 107.3750 15.90063561  5922
0 STARLINK-1347
1 45586U 20025BH  26283.66668981  .00181139  00000-0  64418-3 0  9997
2 45586  53.0303  45.1025 0002030 299.1316 351.6520 15.87930635  5911
0 STARLINK-1456
1 45673U 20035S   26283.66668981  .00146402  00000-0  55650-3 0  9997
2 45673  53.0345  65.9786 0000455 180.4819 324.2826 15.86677698  6032
0 STARLINK-1420
1 45695U 20035AQ  26283.66668981  .00275937  40534-4  73388-3 0  9995
2 45695  53.0345  35.9076 0002857 324.8613  11.0172 15.94141431  6045
0 STARLINK-1400
1 45700U 20035AV  26283.66668981  .00234373  31898-4  66842-3 0  9991
2 45700  53.0352  39.4500 0002430 341.6450 245.4653 15.92863250  6049
0 STARLINK-1423
1 45710U 20035BF  26283.66668981  .00188928  00000-0  62816-3 0  9990
2 45710  53.0371  37.2331 0000152  15.2442 308.4697 15.89259007  6035
0 STARLINK-1465
1 45731U 20038B   26283.66668981  .00201216  00000-0  68033-3 0  9999
2 45731  53.0354 242.0465 0005070  83.8600 312.1549 15.88878408  5920
0 STARLINK-1478
1 45755U 20038AB  26283.66668981  .00350429  60867-4  79911-3 0  9994
2 45755  53.0347 210.2753 0003757 107.6317 299.2318 15.96929969  6057
0 STARLINK-1496
1 45780U 20038BC  26283.66668981  .00275260  39785-4  79520-3 0  9992
2 45780  53.0328 196.2575 0002368 107.8492 150.1237 15.92577947  6047
0 STARLINK-1596
1 46141U 20057AA  26283.66668981  .00172896  00000-0  79385-3 0  9999
2 46141  53.0255 259.0565 0006195  76.7440  48.0252 15.82625206  6025
0 STARLINK-1641
1 46174U 20057BK  26283.66668981  .00480702  11047-3  94204-3 0  9996
2 46174  53.0295 306.5779 0007754  27.7019  62.1834 15.99550983  6042
0 STARLINK-1730
1 46563U 20070AH  26283.66668981  .00292131  00000-0  97600-3 0  9997
2 46563  53.0106 147.9915 0002786 189.3797 205.4623 15.88898887  6035
0 STARLINK-1821
1 46718U 20073BA  26283.66668981  .00026218  00000-0  17003-3 0  9992
2 46718  53.0301 267.6492 0005511  55.5392  33.7619 15.75843418  6008
0 STARLINK-1704
1 47625U 21012F   26283.66668981  .00456727  98344-4  98243-3 0  9993
2 47625  53.0303  86.7386 0005894 267.8631 274.6666 15.97929774  5874
0 STARLINK-2160
1 47746U 21017AA  26283.66668981  .00206137  00000-0  90676-3 0  9990
2 47746  53.1495 248.0614 0007564  67.5319  28.6211 15.83431961  6024
0 STARLINK-2211
1 47778U 21017BJ  26283.66668981  .00120845  00000-0  70512-3 0  9993
2 47778  53.1535 247.5370 0007684  71.8021 224.0633 15.77533514  5847
0 STARLINK-2298
1 48022U 21024AX  26283.66668981  .00327667  51083-4  10337-2 0  9994
2 48022  53.1122   6.9478 0006402 346.6048   1.4932 15.90813304  5861
0 STARLINK-2469
1 48128U 21027AN  26283.66668981  .00085995  00000-0  14372-2 0  9991
2 48128  53.0947 180.5385 0006477 153.4885 111.4164 15.51192338  5923
0 STARLINK-2472
1 48130U 21027AQ  26283.66668981  .00016636  00000-0  54661-3 0  9996
2 48130  53.1592 247.6822 0001383  84.9223 130.9901 15.31702426  5882
0 ONEWEB-0195
1 48240U 21031AG  26283.66668981 -.00026247  00000-0 -71028-1 0  9998
2 48240  87.8899 266.6562 0001681  95.4854 250.5133 13.14508044  5153
0 STARLINK-2644
1 48442U 21040Q   26283.66668981  .00277077  00000-0  11428-2 0  9998
2 48442  53.1517 227.0469 0002094 120.3976 318.8287 15.84630578  5952
0 STARLINK-2187
1 48562U 21041K   26283.66668981  .00445180  94720-4  91859-3 0  9997
2 48562  53.1411 159.9363 0003689 160.9765 129.4924 15.98697595  6043
0 STARLINK-2236
1 48582U 21041AF  26283.66668981  .00503693  11050-3  14520-2 0  9996
2 48582  53.0404 155.0830 0006834 172.6467  73.6896 15.92491107  6027
0 GLOBALSTAR M008
1 25309U 98023D   26283.66387176 -.00000095  00000-0  12391-4 0  9991
2 25309  51.9959 245.0005 0003008  98.3145  72.3676 12.36086890297266
0 YAOGAN-30 Y
1 48424U 21039B   26283.66314157  .00002401  00000-0  17655-3 0  9995
2 48424  34.9962  47.0034 0003342 118.6056 241.4989 15.03096061296920
0 FENGYUN 1C DEB
1 29919U 99025HR  26283.66211559  .00000133  00000-0  14123-3 0  9992
2 29919  98.5263  55.1011 0136775 237.0866 135.2870 13.85252628997158
0 STARLINK-36245
1 68328U 26059H   26283.66163727  .00023238  00000-0  69634-3 0  9997
2 68328  53.1594  67.2657 0000293  43.8154 316.2872 15.34419328 31124
0 KUIPER-00069
1 64816U 25151A   26283.66158175  .00003133  00000-0  43963-3 0  9997
2 64816  51.9035  50.0499 0000479 123.1922 236.9087 14.79940433 68594
0 STARLINK-3521
1 51742U 22016AE  26283.66156810  .00000557  00000-0  27620-4 0  9992
2 51742  53.1606  55.2562 0001244  67.7574 292.3561 15.34399024256274
0 STARLINK-11655
1 63675U 25085M   26283.66132703  .00186017  00000-0  14124-2 0  9993
2 63675  43.0000  62.4246 0002114 246.4489 113.6157 15.70983551 84050
0 STARLINK-34699
1 64921U 25157T   26283.66108699  .00037436  00000-0  11133-2 0  9992
2 64921  53.1599  63.1194 0000992  97.1229 262.9886 15.34408918 69098
0 STARLINK-34440
1 64614U 25137W   26283.66105157  .00030375  00000-0  90555-3 0  9996
2 64614  53.1584  53.4723 0002379  96.0061 264.1212 15.34431651 73692
0 STARLINK-37198
1 68386U 26063G   26283.66077098  .00027170  00000-0  84007-3 0  9991
2 68386  97.2865  64.3168 0002932  97.0216 263.1360 15.33473105 30847
0 STARLINK-30841
1 58208U 23170C   26283.66062124  .00001459  00000-0  62513-4 0  9994
2 58208  43.0024  60.4103 0001512 269.9808  90.0870 15.27586761163173
0 STARLINK-36932
1 68331U 26059L   26283.66059920  .00027963  00000-0  83486-3 0  9990
2 68331  53.1606  61.5666 0001189  89.1925 270.9214 15.34430116 31206
0 STARLINK-35287
1 65754U 25216W   26283.66052519  .00030834  00000-0  92000-3 0  9990
2 65754  53.1592  51.7393 0001709  77.1501 282.9692 15.34397881 59450
0 STARLINK-6302
1 56396U 23061Y   26283.66018771 -.00000136  00000-0  45632-5 0  9994
2 56396  43.0029  52.8212 0000780 262.3526  97.7237 15.27577243184887
0 STARLINK-5836
1 56386U 23061N   26283.66017954  .00000370  00000-0  22998-4 0  9993
2 56386  43.0053  64.1090 0002059 273.8218  86.2399 15.27577326189620
0 STARLINK-36897
1 67951U 26037V   26283.65983477  .00022737  00000-0  83278-3 0  9998
2 67951  43.0021  57.0199 0001703 272.6358  87.4298 15.27596638 36217
0 FENGYUN 1C DEB
1 31952U 99025CND 26283.65953127  .00001454  00000-0  32404-3 0  9994
2 31952  98.9923  67.3812 0113515  99.8372 261.5661 14.54701371 15863
0 STARLINK-3449
1 51745U 22016AH  26283.65946014 -.00000011  00000-0  10822-4 0  9999
2 51745  53.1609  55.1674 0001166  81.5953 278.5182 15.34390475256277
0 STARLINK-30095
1 56289U 23056D   26283.65932821  .00000223  00000-0  17619-4 0  9998
2 56289  43.0036  49.0035 0001289 271.4956  88.5748 15.27575864193219
0 STARLINK-2587
1 48399U 21038AY  26283.65909533 -.00000968  00000-0 -19437-4 0  9991
2 48399  53.1595  52.1059 0001441  72.8016 287.3143 15.31697974301597
0 STARLINK-34599
1 64919U 25157R   26283.65907073  .00037833  00000-0  11243-2 0  9994
2 64919  53.1615  63.8062 0002661  88.2276 271.9031 15.34425748 69084
0 STARLINK-31633
1 59331U 24057M   26283.65897695 -.00000693  00000-0 -15681-4 0  9990
2 59331  43.0038  53.2243 0001180 270.7204  89.3513 15.27575081142717
0 STARLINK-34416
1 64619U 25137AB  26283.65894982  .00029315  00000-0  87498-3 0  9995
2 64619  53.1575  53.4567 0000539  50.7745 309.3305 15.34413628 73694
0 STARLINK-6160
1 56382U 23061J   26283.65889220  .00000574  00000-0  30400-4 0  9994
2 56382  43.0051  64.0994 0002198 279.2952  80.7651 15.27590372189621
0 KUIPER-00072
1 64819U 25151D   26283.65887605  .00001027  00000-0  16376-3 0  9994
2 64819  51.8989  52.4209 0000473 124.8242 235.2765 14.79932248 67382
0 STARLINK-2607
1 48391U 21038AQ  26283.65882705  .00001165  00000-0  49281-4 0  9992
2 48391  53.1602  52.5446 0000765  79.1578 280.9510 15.31710917301593
0 FENGYUN 1C DEB
1 29865U 99025FK  26283.65872234  .00005308  00000-0  55023-3 0  9997
2 29865  98.9346 235.3511 0106857 262.7381 273.4037 14.86368590 52381
0 STARLINK-36861
1 67934U 26037C   26283.65855724  .00016786  00000-0  61764-3 0  9995
2 67934  43.0013  57.0207 0001262 269.9213  90.1494 15.27606378 36210
0 STARLINK-37182
1 68348U 26059AD  26283.65849680  .00039482  00000-0  11731-2 0  9999
2 68348  53.1594  61.5503 0001452  86.6750 273.4419 15.34412673 31204
0 STARLINK-35108
1 65738U 25216E   26283.65841982  .00028468  00000-0  84966-3 0  9993
2 65738  53.1585  51.7340 0001760 306.4482  53.6358 15.34430857 59542
0 STARLINK-11645
1 63316U 25057K   26283.65832854  .00036908  00000-0  28952-3 0  9995
2 63316  43.0008  49.0330 0001567 248.6584 111.4116 15.70867050 91016
0 STARLINK-31677
1 59749U 24090V   26283.65816873 -.00000195  00000-0  24563-5 0  9995
2 59749  43.0039  49.7338 0001324 277.7584  82.3118 15.27579590136305
0 STARLINK-38362
1 A0512U 26197L   26283.65806659  .00217154  00000-0  18701-2 0  9998
2 A0512  70.0007  64.5247 0002445 259.6163 100.4756 15.68465749  7161
0 STARLINK-30367
1 57791U 23134W   26283.65805688  .00000463  00000-0  26340-4 0  9991
2 57791  43.0036  60.4343 0001543 270.8046  89.2629 15.27577313172385
0 STARLINK-37187
1 68399U 26063V   26283.65805107  .00022792  00000-0  70566-3 0  9994
2 68399  97.2869  64.3214 0001658 105.2415 254.9011 15.33467784 30841
0 STARLINK-5601
1 55744U 23028D   26283.65793986  .00000730  00000-0  29852-4 0  9994
2 55744  69.9995  60.7286 0003075 271.2442  88.8381 15.29580385198280
0 STARLINK-1402
1 45685U 20035AE  26283.65786622  .00092832  00000-0  55037-3 0  9998
2 45685  53.0349  53.0682 0000893 130.1767 229.9331 15.77319188352945
0 STARLINK-6278
1 56412U 23061AQ  26283.65762147 -.00000024  00000-0  86265-5 0  9998
2 56412  43.0021  52.7965 0000385 196.4385 163.6454 15.27575927189755
0 FENGYUN 1C DEB
1 30121U 99025SA  26283.65748234  .00006187  00000-0  18163-2 0  9995
2 30121 102.1613  76.8572 0028212  91.2615 280.0383 14.44138840 18838
0 STARLINK-32712
1 62433U 24251B   26283.65735404  .00021807  00000-0  65430-3 0  9996
2 62433  53.1587  55.1873 0001776  97.2632 262.8572 15.34417954100880
0 STARLINK-34734
1 65696U 25212W   26283.65719571  .00033422  00000-0  10816-2 0  9998
2 65696  53.1595  65.2067 0001894  94.4134 265.7084 15.31767902 60183
0 STARLINK-34790
1 65690U 25212Q   26283.65699163  .00028453  00000-0  85066-3 0  9994
2 65690  53.1589  63.7919 0002210  80.4990 279.6262 15.34376397 60153
0 STARLINK-11404
1 62019U 24213M   26283.65693701  .00187721  00000-0  15129-2 0  9994
2 62019  53.1595  61.8867 0000556  94.7362 265.3719 15.69814271108670
0 STARLINK-34414
1 64620U 25137AC  26283.65684254  .00033119  00000-0  98640-3 0  9994
2 64620  53.1576  53.4427 0002701 100.2983 259.8325 15.34418318 73692
0 GLOBALSTAR M055
1 25910U 99049D   26283.65684235 -.00000077  00000-0  14512-3 0  9999
2 25910  52.0020  63.9381 0007418  56.1490 304.0067 12.29449318227388
0 GLOBALSTAR M035
1 25851U 99037A   26283.65683325 -.00000057  00000-0  23495-3 0  9997
2 25851  51.9952  63.4571 0014171  43.6323 329.4181 11.04543149149357
0 YAOGAN 9B
1 36414U 10009B   26283.65678195 -.00000092  00000-0  11559-5 0  9994
2 36414  63.3647  59.0001 0548018  21.8340 340.5096 13.45727454815281
0 STARLINK-30871
1 58228U 23170Y   26283.65676207 -.00000225  00000-0  13588-5 0  9998
2 58228  43.0043  60.3781 0001697 264.9285  95.1373 15.27579057163179
0 STARLINK-37088
1 68322U 26059B   26283.65639113  .00024278  00000-0  72706-3 0  9996
2 68322  53.1607  61.5409 0000630 320.8005  39.2952 15.34412879 31207
0 STARLINK-6145
1 56389U 23061R   26283.65635000 -.00001877  00000-0 -58724-4 0  9994
2 56389  43.0043  64.0773 0001581 287.7822  72.2857 15.27557131189629
0 STARLINK-6277
1 56399U 23061AB  26283.65632339  .00002454  00000-0  98598-4 0  9990
2 56399  43.0033  52.7975 0001195 264.5489  95.5226 15.27603954189757
0 STARLINK-34894
1 65753U 25216V   26283.65631993  .00042503  00000-0  12593-2 0  9991
2 65753  53.1603  51.7186 0001857  93.8600 266.2615 15.34465573 59466
0 QIANFAN-55
1 62785U 25016A   26283.65612320  .00000051  00000-0  60118-4 0  9994
2 62785  88.9698  71.8572 0017161 190.2361 169.8443 13.51026047 87959
0 STARLINK-32610
1 61971U 24210N   26283.65604049  .00016033  00000-0  59048-3 0  9990
2 61971  43.0046  46.0311 0004021 279.5513  80.4885 15.27597750107792
0 STARLINK-36824
1 67953U 26037X   26283.65597581  .00021206  00000-0  77715-3 0  9996
2 67953  43.0024  57.0102 0000713 135.2128 224.8781 15.27612609 36216
0 STARLINK-38275
1 A0526U 26197AA  26283.65594253  .00162971  00000-0  14205-2 0  9998
2 A0526  70.0008  64.9404 0003343 271.7851  88.2961 15.68336505  7150
0 STARLINK-37398
1 69249U 26117M   26283.65580857  .00032031  00000-0  95436-3 0  9991
2 69249  53.1607  59.3678 0004152  95.9391 264.2085 15.34419098 20766
0 STARLINK-37121
1 68383U 26063D   26283.65533053  .00025726  00000-0  79562-3 0  9990
2 68383  97.2855  64.1741 0004022  96.2788 263.8913 15.33472634 30831
0 STARLINK-32697
1 62436U 24251E   26283.65528260  .00035225  00000-0  10494-2 0  9997
2 62436  53.1598  55.1844 0002977  95.1409 264.9934 15.34378279100887
0 STARLINK-31628
1 59342U 24057Y   26283.65511518  .00000193  00000-0  16546-4 0  9993
2 59342  43.0023  53.1968 0001019 272.0575  88.0160 15.27577903142712
0 YAOGAN 9C
1 36415U 10009C   26283.65493847 -.00000080  00000-0  95305-5 0  9992
2 36415  63.3643  59.5072 0548691  22.1732 340.2065 13.45728883815445
0 STARLINK-34290
1 64929U 25157AB  26283.65486338  .00043517  00000-0  12891-2 0  9997
2 64929  53.1603  63.7856 0000676 122.3079 237.7989 15.34463056 69083
0 STARLINK-34435
1 64602U 25137J   26283.65471750  .00034193  00000-0  10167-2 0  9999
2 64602  53.1597  53.4366 0002136 109.1568 250.9666 15.34456648 73694
0 STARLINK-6242
1 56424U 23061BC  26283.65469744  .00003327  00000-0  13027-3 0  9990
2 56424  43.0036  45.7304 0000554 263.4122  96.6667 15.27599204189839
0 STARLINK-36860
1 67935U 26037D   26283.65469437  .00035801  00000-0  13038-2 0  9997
2 67935  43.0009  57.0042 0000265 159.2485 200.8378 15.27590392 36216
0 FENGYUN 1C DEB
1 37053U 99025EEM 26283.65467888  .00004105  00000-0  91454-3 0  9992
2 37053  99.1635  63.3982 0039089 342.9599  75.3338 14.57063947694301
0 STARLINK-2593
1 48404U 21038BD  26283.65444268 -.00000823  00000-0 -14763-4 0  9994
2 48404  53.1598  52.2258 0000996  83.5247 276.5868 15.31698659300389
0 STARLINK-3514
1 51731U 22016T   26283.65439788  .00000544  00000-0  26492-4 0  9999
2 51731  53.1601  55.3714 0001114  85.6886 274.4244 15.35407179256279
0 STARLINK-31818
1 59741U 24090M   26283.65433558 -.00002005  00000-0 -63405-4 0  9992
2 59741  43.0032  49.7023 0000585 255.3146 104.7640 15.27559422136317
0 YAOGAN-32 2A
1 49383U 21099A   26283.65422081  .00000631  00000-0  12883-3 0  9992
2 49383  98.2642  57.7305 0001230 152.7468 207.3799 14.64340988263269
0 STARLINK-32702
1 62432U 24251A   26283.65419685  .00029016  00000-0  86566-3 0  9998
2 62432  53.1597  51.6219 0002202  94.4603 265.6651 15.34433228100934
0 STARLINK-30380
1 57780U 23134K   26283.65418459  .00001982  00000-0  81512-4 0  9994
2 57780  43.0036  60.3997 0001307 255.4195 104.6512 15.27592170172380
0 STARLINK-2571
1 48401U 21038BA  26283.65414625  .00000226  00000-0  19031-4 0  9993
2 48401  53.1618  52.4536 0000116  40.7509 319.3501 15.31702188300372
0 STARLINK-37652
1 69354U 26123B   26283.65410167  .00029469  00000-0  85170-3 0  9996
2 69354  53.1617  48.2643 0001916  88.7488 271.3735 15.35425462 19958
0 YAOGAN-32 2B
1 49384U 21099B   26283.65410097  .00000621  00000-0  12678-3 0  9998
2 49384  98.2636  57.7327 0000848 114.9051 245.2240 14.64339762263269
0 STARLINK-38374
1 A0509U 26197H   26283.65399237  .00123051  00000-0  10789-2 0  9993
2 A0509  70.0004  64.9282 0003454 269.0721  91.0078 15.68318879  7155
0 STARLINK-11650
1 63312U 25057F   26283.65393677  .00221796  00000-0  16745-2 0  9993
2 63312  43.0002  48.9987 0002210 245.1466 114.9172 15.71006060 91016
0 ORBCOMM FM 16 DEB
1 44024U 98046T   26283.65373677  .00000559  00000-0  22637-3 0  9998
2 44024  44.9960  54.6115 0006679 191.5122 168.5574 14.38712584408291
0 STARLINK-37499
1 69250U 26117N   26283.65370683  .00027405  00000-0  81898-3 0  9993
2 69250  53.1608  59.3492 0000668  33.4875 326.6169 15.34411393 20761
0 STARLINK-5594
1 55742U 23028B   26283.65370423  .00002035  00000-0  75204-4 0  9991
2 55742  69.9993  60.7128 0003546 270.4551  89.6218 15.29584370198282
0 KUIPER-00082
1 64828U 25151N   26283.65349409  .00002848  00000-0  40231-3 0  9998
2 64828  51.9015  57.5549 0000677 129.0615 231.0408 14.79939237 67319
0 STARLINK-3500
1 51740U 22016AC  26283.65315194  .00000357  00000-0  21699-4 0  9999
2 51740  53.1622  55.1727 0001136  81.7598 278.3533 15.34386140256272
0 STARLINK-11648
1 63313U 25057G   26283.65302388  .00196753  00000-0  14919-2 0  9998
2 63313  43.0013  48.9911 0002272 255.6386 104.4229 15.70980575 90984
0 STARLINK-30874
1 58227U 23170X   26283.65291417  .00005496  00000-0  20916-3 0  9998
2 58227  43.0047  60.3548 0001629 230.5787 129.4921 15.27570491163177
0 STARLINK-6270
1 56421U 23061AZ  26283.65291239  .00001533  00000-0  65185-4 0  9999
2 56421  43.0036  49.1323 0001089 271.1009  88.9718 15.27593601189790
0 STARLINK-34700
1 64922U 25157U   26283.65276101  .00028818  00000-0  86039-3 0  9998
2 64922  53.1624  63.7754 0000602  95.9402 264.1669 15.34414296 69036
0 STARLINK-34519
1 64608U 25137Q   26283.65263728  .00025255  00000-0  75573-3 0  9991
2 64608  53.1577  53.4220 0003175  96.2318 263.9047 15.34412510 73697
0 STARLINK-31614
1 59328U 24057J   26283.65254902 -.00000720  00000-0 -16659-4 0  9991
2 59328  43.0022  53.1827 0001159 275.2614  84.8105 15.27572796142711
0 STARLINK-4796
1 53909U 22119Z   26283.65219246  .00000279  00000-0  19407-4 0  9990
2 53909  53.1613  61.5871 0001024  83.1247 276.9872 15.34387858224378
0 STARLINK-32607
1 61977U 24210U   26283.65218657  .00017342  00000-0  63775-3 0  9998
2 61977  43.0038  46.0000 0004361 283.4783  76.5583 15.27599483107790
0 STARLINK-36381
1 67952U 26037W   26283.65211759  .00011417  00000-0  42346-3 0  9990
2 67952  42.9992  56.9613 0001682 272.3019  87.7641 15.27604647 36214
0 STARLINK-35275
1 65756U 25216Y   26283.65210984  .00034675  00000-0  10319-2 0  9992
2 65756  53.1594  51.6877 0003014  99.0646 261.0698 15.34419651 59492
0 IRIDIUM 33 DEB
1 34088U 97051CX  26283.65195230  .00047951  00000-0  28685-2 0  9994
2 34088  86.3633 249.5058 0007939 118.4693  56.6312 15.10814003932726
0 STARLINK-31472
1 59730U 24090A   26283.65194709  .00061259  00000-0  15930-2 0  9994
2 59730  42.9972  45.3543 0012322 336.6006  23.4288 15.38014376136361
0 QIANFAN-69
1 62799U 25016Q   26283.65184837  .00000050  00000-0  58694-4 0  9991
2 62799  88.9674  71.5409 0015710 186.4892 173.6059 13.51022093 88042
0 STARLINK-37489
1 69251U 26117P   26283.65160042  .00029275  00000-0  87357-3 0  9993
2 69251  53.1598  59.3369 0001898  95.6773 264.4447 15.34422000 20761
0 STARLINK-37427
1 69381U 26123AE  26283.65155493  .00024613  00000-0  73704-3 0  9990
2 69381  53.1610  47.4970 0001144  92.1694 267.9440 15.34406866 19967
0 STARLINK-38356
1 A0504U 26197C   26283.65151206  .00138023  00000-0  12038-2 0  9994
2 A0504  70.0006  64.4985 0003045 273.7861  86.2985 15.68401025  7160
0 ONEWEB-0651
1 56080U 23043AL  26283.65145072  .00000019  00000-0  17321-4 0  9990
2 56080  87.9022 236.1984 0002200  80.3195 279.8184 13.15549903172809
0 FENGYUN 1C DEB
1 32181U 99025CUB 26283.65123009  .00003313  00000-0  70535-3 0  9990
2 32181  99.4998  74.0637 0070273 263.3737 157.9561 14.58307830 11131
0 STARLINK-35060
1 65693U 25212T   26283.65104729  .00025439  00000-0  76085-3 0  9998
2 65693  53.1596  55.1835 0001809  95.8553 264.2656 15.34425853 60322
0 STARLINK-6224
1 56425U 23061BD  26283.65085446 -.00003586  00000-0 -12086-3 0  9997
2 56425  43.0052  45.6984 0001637 272.7564  87.3100 15.27576150189831
0 STARLINK-36370
1 67937U 26037F   26283.65083350  .00012257  00000-0  45396-3 0  9998
2 67937  43.0006  56.9699 0001494 263.4355  96.6327 15.27595889 36211
0 KUIPER-00476
1 68874U 26095L   26283.65079148  .00002961  00000-0  41721-3 0  9992
2 68874  51.9019  59.9999 0000704 138.1254 221.9762 14.79939528 25277
0 STARLINK-34248
1 64928U 25157AA  26283.65065608  .00028002  00000-0  83634-3 0  9995
2 64928  53.1597  63.7603 0002280 295.7995  64.2772 15.34416907 69085
0 STARLINK-32719
1 62448U 24251S   26283.65055601  .00022650  00000-0  67915-3 0  9993
2 62448  53.1589  53.5792 0000725  64.1600 295.9477 15.34414726100730
0 STARLINK-31833
1 59733U 24090D   26283.65045476  .00003315  00000-0  12994-3 0  9990
2 59733  43.0045  49.6749 0001398 277.3879  82.6814 15.27584486136311
0 STARLINK-30369
1 57781U 23134L   26283.65034533  .00000140  00000-0  14619-4 0  9991
2 57781  43.0046  60.3707 0001605 273.9210  86.1458 15.27577016172380
0 FENGYUN 1C DEB
1 29841U 99025EK  26283.65032512  .00000634  00000-0  14763-3 0  9991
2 29841  98.8573 249.1492 0199048 147.0238  27.0518 14.47287552 36864
0 FENGYUN 1C DEB
1 29970U 99025KU  26283.65029257  .00001439  00000-0  40732-3 0  9995
2 29970  98.8307 228.1881 0090421   6.5431 117.4939 14.44881090 34795
0 STARLINK-37314
1 68740U 26082N   26283.65025692  .00002107  00000-0  67612-4 0  9995
2 68740  97.2859 145.5168 0002428  89.3893 270.7628 15.33427402 27397
0 STARLINK-37185
1 68340U 26059V   26283.65007633  .00026413  00000-0  79002-3 0  9991
2 68340  53.1595  61.4996 0001164  80.2805 279.8329 15.34403569 31207
0 STARLINK-34086
1 65734U 25216A   26283.65000843  .00032143  00000-0  95794-3 0  9998
2 65734  53.1587  51.6847 0001698  90.1909 269.9288 15.34414390 59517
0 STARLINK-6289
1 56408U 23061AL  26283.64989718  .00000847  00000-0  40284-4 0  9999
2 56408  43.0017  52.7275 0001209 258.2774 101.7942 15.27589091189756
0 STARLINK-37111
1 68381U 26063B   26283.64989516  .00022020  00000-0  68190-3 0  9995
2 68381  97.2866  64.1811 0002631  93.3540 266.8004 15.33466457 30837
0 STARLINK-2226
1 48010U 21024AK  26283.64978023  .00018651  00000-0  61157-3 0  9996
2 48010  53.1598  52.2483 0000876  83.8938 276.2163 15.31684486307508
0 STARLINK-30352
1 57736U 23131E   26283.64961719  .00000953  00000-0  44159-4 0  9996
2 57736  43.0029  45.9774 0001298 269.2806  90.7897 15.27580247172705
0 STARLINK-37434
1 69252U 26117Q   26283.64949717  .00031509  00000-0  93842-3 0  9996
2 69252  53.1592  59.3320 0000757  99.0964 261.0125 15.34446031 20762
0 STARLINK-37631
1 69369U 26123S   26283.64945248  .00020997  00000-0  63056-3 0  9990
2 69369  53.1600  47.5047 0002375  97.5375 262.5897 15.34412669 19965
0 STARLINK-38370
1 A0519U 26197T   26283.64937082  .00267862  00000-0  22865-2 0  9996
2 A0519  69.9997  64.4932 0003034 247.7459 112.3414 15.68526085  7168
0 STARLINK-30836
1 58221U 23170R   26283.64906368 -.00000497  00000-0 -85245-5 0  9995
2 58221  43.0042  60.3350 0001445 266.6845  93.3841 15.27581712163176
0 QIANFAN-225
1 69854U 26155G   26283.64875007  .00000088  00000-0  11737-3 0  9997
2 69854  89.0121  51.7299 0001771 105.6114 254.5233 13.51033157 13436
0 STARLINK-6305
1 56394U 23061W   26283.64862052 -.00009803  00000-0 -34675-3 0  9993
2 56394  43.0036  52.7349 0001397 210.0224 150.0548 15.27618091189759
0 STARLINK-30371
1 57735U 23131D   26283.64833789  .00004101  00000-0  15852-3 0  9996
2 57735  43.0036  45.9684 0001381 260.5294  99.5401 15.27569055172702
0 STARLINK-30107
1 56287U 23056B   26283.64832281  .00005674  00000-0  21564-3 0  9992
2 56287  43.0052  57.1793 0001445 262.6966  97.3721 15.27566654193174
0 KUIPER-00076
1 64823U 25151H   26283.64810024  .00001654  00000-0  24596-3 0  9998
2 64823  51.9005  62.5541 0000674 121.9863 238.1165 14.79932797 67248
0 ORBCOMM FM 106
1 40088U 14040C   26283.64801600  .00000718  00000-0  14772-3 0  9995
2 40088  47.0605  49.0154 0016208 144.6288 215.5681 14.70669686654171
0 FENGYUN 1C DEB
1 30041U 99025NS  26283.64792431  .00000489  00000-0  28378-3 0  9992
2 30041  99.4943  52.8731 0035373  98.5204 275.9335 14.13612655 15490
0 STARLINK-35319
1 65743U 25216K   26283.64791422  .00027474  00000-0  82107-3 0  9992
2 65743  53.1596  51.6656 0001370  80.9912 279.1246 15.34407907 59549
0 QIANFAN-63
1 62793U 25016J   26283.64785730  .00000046  00000-0  52277-4 0  9999
2 62793  88.9698  71.7058 0015943 190.2370 169.8459 13.51024224 88034
0 FENGYUN 1C DEB
1 30623U 99025ANE 26283.64782919  .00000108  00000-0  19324-3 0  9997
2 30623  98.8595  64.9395 0404014  82.5769 295.4004 13.29582775952285
0 STARLINK-30359
1 57779U 23134J   26283.64781593 -.00001341  00000-0 -39191-4 0  9990
2 57779  43.0053  49.2575 0001824 287.8795  72.1858 15.27578136172517
0 FENGYUN 1C DEB
1 30946U 99025BAL 26283.64774503  .00001197  00000-0  31228-3 0  9991
2 30946  99.0740  65.5984 0087309  11.8314   1.1225 14.49348160 27072
0 STARLINK-11640
1 63314U 25057H   26283.64771411  .00202935  00000-0  15370-2 0  9997
2 63314  43.0006  48.9477 0001869 243.2312 116.8365 15.70989393 90982
0 GAOFEN 11 04
1 54818U 22176A   26283.64767534  .00005420  00000-0  23058-3 0  9999
2 54818  97.4393  55.7120 0006117 260.6684  99.3861 15.23414752210834
0 FENGYUN 1C DEB
1 29870U 99025FQ  26283.64765689  .00000105  00000-0  54183-4 0  9994
2 29870  98.5013 251.4534 0120529  24.6436 149.9949 14.29078537 29037
0 FENGYUN 1C DEB
1 30297U 99025ZJ  26283.64753140  .00015358  00000-0  31362-2 0  9996
2 30297  98.8372 242.6962 0358263 319.5717 219.1756 14.27597904994529
0 FENGYUN 1C DEB
1 31608U 99025BZN 26283.64748535  .00008073  00000-0  70134-3 0  9992
2 31608  98.4138  64.6778 0135202 137.2539 223.9289 14.90447701 31055
0 IRIDIUM 33 DEB
1 34375U 97051FT  26283.64744608  .00000723  00000-0  32534-3 0  9996
2 34375  86.4275  60.8789 0099956 246.8285 125.4853 14.18465711909911
0 STARLINK-37368
1 69253U 26117R   26283.64738926  .00025993  00000-0  77729-3 0  9991
2 69253  53.1603  59.2900 0000806  89.8476 270.2619 15.34419950 20769
0 STARLINK-37673
1 69370U 26123T   26283.64735745  .00025399  00000-0  75994-3 0  9996
2 69370  53.1609  47.5048 0002215 298.9581  61.1199 15.34414135 19964
0 STARLINK-37175
1 68401U 26063X   26283.64717630  .00022738  00000-0  70429-3 0  9998
2 68401  97.2875  64.1816 0000956  91.8572 268.2780 15.33454880 30835
0 STARLINK-6236
1 56422U 23061BA  26283.64700403  .00001108  00000-0  49801-4 0  9992
2 56422  43.0040  45.6699 0001293 278.9273  81.1433 15.27569928189837
0 STARLINK-36848
1 67936U 26037E   26283.64698469  .00015855  00000-0  58425-3 0  9993
2 67936  43.0020  56.9453 0001102 279.2069  80.8658 15.27590701 36217
0 STARLINK-37439
1 69377U 26123AA  26283.64688351  .00047560  00000-0  13622-2 0  9996
2 69377  53.1584  47.4787 0001277  80.4196 279.6951 15.35480971 19969
0 FENGYUN 1C DEB
1 30629U 99025ANL 26283.64679594  .00010680  00000-0  18846-2 0  9990
2 30629  99.2569  61.5504 0005118 346.8151  25.9157 14.67676528 23079
0 STARLINK-30083
1 56295U 23056K   26283.64663881  .00002630  00000-0  10509-3 0  9995
2 56295  43.0060  49.7510 0002341 273.3247  86.7337 15.27578495193196
0 STARLINK-3451
1 51749U 22016AM  26283.64642897 -.00000805  00000-0 -14168-4 0  9993
2 51749  53.1612  57.0064 0001201  84.1380 275.9758 15.31702777256248
0 STARLINK-34415
1 64618U 25137AA  26283.64632726  .00034819  00000-0  10357-2 0  9993
2 64618  53.1598  53.3799 0000011 232.3046 127.7955 15.34433746 73697
0 STARLINK-1446
1 45663U 20035G   26283.64626856  .00037490  00000-0  55477-3 0  9992
2 45663  53.0177  49.2792 0001306 222.3679 137.7230 15.54947266352982
0 STARLINK-31612
1 59337U 24057T   26283.64612649 -.00000270  00000-0 -27082-6 0  9990
2 59337  43.0007  53.1280 0002119 279.1222  80.9390 15.27576251142715
0 FENGYUN 1C DEB
1 32212U 99025CVJ 26283.64590543  .00001191  00000-0  34804-3 0  9996
2 32212  99.5979  61.4340 0134683 282.2883  89.1271 14.41233919  3802
0 STARLINK-36983
1 68323U 26059C   26283.64587164  .00025110  00000-0  75122-3 0  9995
2 68323  53.1603  61.4795 0000743  69.5424 290.5658 15.34424370 31190
0 FENGYUN 1C DEB
1 30198U 99025VF  26283.64581176  .00002877  00000-0  65714-3 0  9995
2 30198  98.4816  62.1373 0101104 355.7882  14.3306 14.53440891 28765
0 STARLINK-34893
1 65752U 25216U   26283.64579059  .00025654  00000-0  76704-3 0  9996
2 65752  53.1589  51.6544 0001607 103.5361 256.5821 15.34431269 59467
0 STARLINK-4777
1 53847U 22114AF  26283.64577181 -.00000433  00000-0 -91306-5 0  9993
2 53847  53.1622  48.2941 0001118  93.4936 266.6183 15.08840024225420
0 STARLINK-32487
1 61963U 24210E   26283.64576282  .00023911  00000-0  87572-3 0  9993
2 61963  43.0024  45.9535 0001165 273.5494  86.5224 15.27575597107781
0 IRIDIUM 33 DEB
1 35680U 97051RJ  26283.64548042  .00004735  00000-0  18381-2 0  9990
2 35680  86.1002 247.4867 0151512  37.7498 138.5208 14.23626287649931
0 YAOGAN 25C
1 40340U 14080C   26283.64538409 -.00000141  00000-0 -55162-4 0  9995
2 40340  63.3886  13.8030 0376984  10.2095 350.6319 13.45356181581284
0 STARLINK-37517
1 69254U 26117S   26283.64528598  .00029495  00000-0  88001-3 0  9990
2 69254  53.1612  59.2810 0001497  87.3290 272.7884 15.34422850 20768
0 STARLINK-37599
1 69360U 26123H   26283.64524260  .00045984  00000-0  13607-2 0  9997
2 69360  53.1572  47.4871 0001140  94.5560 265.5573 15.34470982 19966
0 STARLINK-1647
1 47978U 21024B   26283.64507379 -.00001356  00000-0 -31919-4 0  9990
2 47978  53.1593  51.9842 0001468  85.4478 274.6691 15.31707004307561
0 STARLINK-4754
1 53842U 22114AA  26283.64498718 -.00001295  00000-0 -26245-4 0  9992
2 53842  53.1656  45.4900 0001370  60.7533 299.3607 15.35381366225463
0 JILIN-01-10
1 43946U 19005E   26283.64494555  .00005656  00000-0  21751-3 0  9995
2 43946  97.4816  22.5512 0006973 223.3250 136.7441 15.26794388426924
0 YAOGAN-36 05A
1 57452U 23106A   26283.64492719  .00008889  00000-0  37008-3 0  9992
2 57452  35.0058  51.6241 0001686 343.9650  16.1012 15.23001307178768
0 STARLINK-33960
1 63966U 25099Q   26283.64488202  .00023818  00000-0  87123-3 0  9996
2 63966  43.0053  42.0248 0004073 283.6425  76.3973 15.27613148 80215
0 STARLINK-3523
1 51729U 22016R   26283.64474738  .00000090  00000-0  13795-4 0  9997
2 51729  53.1596  55.2335 0001400  79.6517 280.4643 15.34393323256273
0 STARLINK-4757
1 53824U 22114G   26283.64473951  .00000898  00000-0  37701-4 0  9999
2 53824  53.1625  45.6602 0000927  95.2656 264.8453 15.34393315225378
0 QIANFAN-224
1 69853U 26155F   26283.64466814  .00000087  00000-0  11627-3 0  9995
2 69853  89.0113  51.6813 0001774 104.3561 255.7787 13.51029460 13453
0 STARLINK-11353
1 61941U 24209C   26283.64459865  .00086014  00000-0  70597-3 0  9996
2 61941  53.1582  31.2720 0000358 345.7338  14.3670 15.69761517110440
0 STARLINK-30483
1 57914U 23147B   26283.64443136  .00000193  00000-0  16532-4 0  9999
2 57914  43.0030  45.6771 0001116 268.1235  91.9489 15.27578752171181
0 STARLINK-36371
1 67938U 26037G   26283.64441417  .00024029  00000-0  87930-3 0  9990
2 67938  43.0029  56.9127 0001764 278.9647  81.1005 15.27601004 36217
0 STARLINK-35359
1 65670U 25211U   26283.64428200  .00023376  00000-0  72389-3 0  9995
2 65670  97.2857 323.6357 0001016 101.5234 258.6123 15.33456827 59619
0 GLOBALSTAR M043
1 25874U 99041C   26283.64407483 -.00000120  00000-0 -15247-2 0  9992
2 25874  51.9421  42.2276 0013680  51.8041 321.2942 11.25699796176989
0 STARLINK-31821
1 59737U 24090H   26283.64403531  .00000379  00000-0  23285-4 0  9996
2 59737  43.0003  49.6316 0000698 259.4631 100.6142 15.27578947136318
0 STARLINK-4750
1 53841U 22114Z   26283.64397334 -.00002941  00000-0 -73489-4 0  9994
2 53841  53.1647  45.4916 0001631 296.2252  63.8583 15.35375507225460
0 YAOGAN-30 B
1 42946U 17058B   26283.64394672  .00002791  00000-0  20384-3 0  9997
2 42946  34.9983  46.0500 0002711 254.4614 105.5796 15.03282203493246
0 STARLINK-33981
1 63888U 25094AA  26283.64372299  .00024233  00000-0  84462-3 0  9997
2 63888  70.0024  47.6003 0003622 273.2937  86.7824 15.29582675 79522
0 STARLINK-35167
1 65736U 25216C   26283.64369403  .00035423  00000-0  10535-2 0  9992
2 65736  53.1601  51.6430 0001803  94.2178 265.9031 15.34432926 59499
0 QIANFAN-67
1 62797U 25016N   26283.64364238  .00000053  00000-0  64048-4 0  9996
2 62797  88.9691  71.6805 0014889 186.9474 173.1473 13.51021416 88028
0 STARLINK-6281
1 56410U 23061AN  26283.64348642 -.00000690  00000-0 -15555-4 0  9998
2 56410  43.0031  52.6871 0001565 260.0973  99.9703 15.27571503189755
0 STARLINK-11339
1 61691U 24195E   26283.64342513  .00001930  00000-0  20786-4 0  9993
2 61691  53.1608  46.6838 0001120  68.8454 291.2684 15.69712471112797
0 STARLINK-11696
1 64324U 25124H   26283.64339265  .00165865  00000-0  12702-2 0  9997
2 64324  42.9996 173.3091 0003167 201.4408 158.6327 15.70841758 76641
0 STARLINK-30357
1 57750U 23131U   26283.64321423 -.00001265  00000-0 -36463-4 0  9992
2 57750  43.0036  45.9257 0001871 280.0536  80.0105 15.27565709172691
0 STARLINK-37378
1 69255U 26117T   26283.64318143  .00025432  00000-0  76086-3 0  9991
2 69255  53.1604  59.2662 0002103 296.1131  63.9655 15.34416516 20762
0 FENGYUN 1C DEB
1 30145U 99025TA  26283.64316376  .00003157  00000-0  15459-2 0  9997
2 30145  99.2768  50.2525 0084868  19.2933 353.6360 14.16773955  4666
0 STARLINK-37687
1 69368U 26123R   26283.64313722  .00032365  00000-0  96412-3 0  9999
2 69368  53.1595  47.4543 0001673  93.5389 266.5805 15.34425290 19965
0 STARLINK-3111
1 49418U 21104L   26283.64298877  .00000709  00000-0  32885-4 0  9992
2 49418  53.1596 327.8336 0001405  86.8916 273.2247 15.33551579271299
0 STARLINK-34695
1 64916U 25157N   26283.64272991  .00020761  00000-0  62357-3 0  9999
2 64916  53.1605  55.9088 0002062  88.0143 272.1096 15.34415984 69193
0 STARLINK-4756
1 53826U 22114J   26283.64262177 -.00000181  00000-0  57818-5 0  9995
2 53826  53.1619  45.6348 0001040  67.2662 292.8451 15.34394410225469
0 STARLINK-38328
1 A0541U 26200H   26283.64253601  .00134250  00000-0  11713-2 0  9998
2 A0541  69.9997  77.9547 0003880 250.1893 109.8884 15.68402145  6063
0 STARLINK-11575
1 63308U 25057B   26283.64240542  .00177914  00000-0  13529-2 0  9998
2 63308  43.0005  48.9078 0002023 246.2573 113.8082 15.70974673 90984
0 STARLINK-6258
1 56413U 23061AR  26283.64234326  .00000277  00000-0  19606-4 0  9994
2 56413  43.0041  53.5322 0002108 262.6122  97.4490 15.27577364189744
0 STARLINK-33963
1 63968U 25099S   26283.64231104  .00025322  00000-0  92577-3 0  9996
2 63968  43.0021  42.0048 0000714 263.8430  96.2340 15.27607647 80210
0 STARLINK-3085
1 49156U 21082AC  26283.64221876  .00080250  00000-0  65392-2 0  9997
2 49156  69.9996  72.4680 0003376 289.6126  70.4669 14.99017812280245
0 FENGYUN 1C DEB
1 35160U 99025DMQ 26283.64191897  .00000572  00000-0  17862-3 0  9997
2 35160  99.1912  62.5494 0175813  78.2853 283.7999 14.36617701692657
0 STARLINK-4753
1 53845U 22114AD  26283.64191268  .00001318  00000-0  48664-4 0  9998
2 53845  53.1610  45.4912 0000950  65.5768 294.5334 15.35402854225465
0 STARLINK-32586
1 61975U 24210S   26283.64190604  .00015537  00000-0  57263-3 0  9995
2 61975  42.9981  45.9223 0001474 273.1859  86.8824 15.27597079107757
0 STARLINK-3447
1 51736U 22016Y   26283.64177594 -.00000384  00000-0 -60153-6 0  9995
2 51736  53.1607  57.0678 0001259  86.3466 273.7680 15.31696969256246
0 STARLINK-37216
1 68391U 26063M   26283.64173887  .00024760  00000-0  76607-3 0  9997
2 68391  97.2866  64.1916 0002978 101.2661 258.8916 15.33469725 30835
0 YAOGAN-31 C
1 43277U 18034C   26283.64173289 -.00000002  00000-0  11597-3 0  9999
2 43277  63.3946 153.5723 0285796   7.5175 352.9999 13.45452640417770
0 STARLINK-33986
1 63870U 25094G   26283.64170762  .00022442  00000-0  76195-3 0  9993
2 63870  70.0016  47.5896 0006665 280.0028  80.0395 15.30442071 79527
0 YAOGAN-40 04A
1 A0823U 26222A   26283.64159435  .00000201  00000-0  66549-4 0  9992
2 A0823  85.9999  63.9902 0013545 207.4954 152.5525 14.32669036  2335
0 STARLINK-31640
1 59748U 24090U   26283.64146334 -.00000019  00000-0  88511-5 0  9999
2 59748  43.0026  49.6089 0002693 281.2028  78.8520 15.27577956136317
0 STARLINK-37396
1 69256U 26117U   26283.64107637  .00042965  00000-0  12729-2 0  9999
2 69256  53.1602  59.2512 0000508 113.9051 246.2004 15.34464844 20760
0 STARLINK-34068
1 63914U 25095AA  26283.64104918  .00044848  00000-0  16259-2 0  9991
2 63914  43.0033  42.1215 0001366 279.6422  80.4275 15.27649196 80656
0 YAOGAN 14
1 38257U 12021A   26283.64065948  .00010239  00000-0  36454-3 0  9994
2 38257  97.3193  58.8071 0005997 122.8164 237.3655 15.29122343803455
0 QIANFAN-222
1 69851U 26155D   26283.64059538  .00000078  00000-0  10195-3 0  9993
2 69851  89.0130  51.7343 0001726 102.6168 257.5176 13.51026374 13431
0 STARLINK-6239
1 56423U 23061BB  26283.64057957 -.00000427  00000-0 -59909-5 0  9998
2 56423  43.0029  45.6306 0000961 272.1908  87.8834 15.27573786189837
0 STARLINK-36246
1 67939U 26037H   26283.64055386  .00012315  00000-0  45596-3 0  9994
2 67939  43.0032  56.8927 0001760 286.5880  73.4779 15.27605010 36212
0 TIANMU-1 04
1 55974U 23039B   26283.64052100  .00017204  00000-0  29786-3 0  9995
2 55974  97.5178 101.6142 0004186  37.8709 322.2836 15.50986417198726
0 STARLINK-1992
1 47632U 21012N   26283.64045040 -.00003008  00000-0 -85160-4 0  9999
2 47632  53.1613  52.3214 0000720  62.8223 297.2852 15.31714675314296
0 STARLINK-11347
1 63054U 25035C   26283.64041147  .00185001  00000-0  14120-2 0  9996
2 63054  43.0016 159.9944 0002232 259.9212 100.1404 15.70863074 95021
0 FENGYUN 1C DEB
1 30035U 99025NL  26283.64018916  .00000090  00000-0  45409-4 0  9997
2 30035  99.2860 226.8789 0113522 262.5862 273.0202 14.37101489 34601
0 STARLINK-2303
1 47981U 21024E   26283.64009781  .00001366  00000-0  55744-4 0  9999
2 47981  53.1606  52.0682 0000945  78.6831 281.4277 15.31710227307567
0 IRIDIUM 33 DEB
1 34487U 97051GC  26283.64002230  .00000459  00000-0  12899-3 0  9996
2 34487  86.3411 242.3396 0029441 208.2937 325.6809 14.43580655926035
0 STARLINK-34280
1 64594U 25137A   26283.64001502  .00033289  00000-0  99126-3 0  9990
2 64594  53.1604  53.3518 0003685  94.7826 265.3598 15.34420073 73694
0 FENGYUN 1C DEB
1 31426U 99025BTN 26283.63995782  .00001631  00000-0  86500-3 0  9994
2 31426  98.6081  64.3581 0320170  72.9561 303.7225 13.91690994977703
0 STARLINK-34356
1 64303U 25123N   26283.63993492  .00029518  00000-0  10268-2 0  9999
2 64303  69.9999   7.8053 0002862 168.1048 192.0196 15.29594442 73933
0 FENGYUN 1C DEB
1 38725U 99025ETS 26283.63992518  .00005641  00000-0  15514-2 0  9998
2 38725  98.8896  67.6035 0031753  77.8018 282.6726 14.47066208777138
0 STARLINK-3360
1 51149U 22005AX  26283.63990822 -.00001331  00000-0 -28266-4 0  9997
2 51149  53.1612  43.2100 0001236  79.0778 281.0364 15.34398338261336
0 STARLINK-31849
1 59734U 24090E   26283.63986008  .00000280  00000-0  19693-4 0  9996
2 59734  43.0065  42.6802 0000854 244.6719 115.4044 15.27580581136393
0 GAOFEN 7
1 44703U 19072A   26283.63979208  .00003646  00000-0  16493-3 0  9997
2 44703  97.5592 344.7687 0018452   9.5270 350.6311 15.21425344385195
0 STARLINK-3243
1 51116U 22005N   26283.63978542  .00000214  00000-0  18656-4 0  9995
2 51116  53.1619  30.0276 0001123  79.6476 280.4652 15.31704978261512
0 STARLINK-6273
1 56395U 23061X   26283.63977593 -.00000114  00000-0  53796-5 0  9992
2 56395  43.0037  53.5242 0001595 273.5525  86.5144 15.27576735190452
0 YAOGAN 28
1 41026U 15064A   26283.63955400  .00007664  00000-0  27647-3 0  9994
2 41026  97.3240  59.7779 0011305 136.4293 223.7842 15.28738234608311
0 YAOGAN-30 Z
1 48425U 21039C   26283.63953503  .00002359  00000-0  17340-3 0  9990
2 48425  34.9959  46.7924 0001687 343.6971  16.3683 15.03121311296935
0 STARLINK-34704
1 65746U 25216N   26283.63948455  .00030218  00000-0  90126-3 0  9994
2 65746  53.1604  51.6118 0001626  82.7542 277.3645 15.34421728 59481
0 STARLINK-3452
1 51744U 22016AG  26283.63938116  .00000021  00000-0  11968-4 0  9992
2 51744  53.1611  55.9018 0001103  81.2109 278.9018 15.33548063256268
0 STARLINK-30343
1 57753U 23131X   26283.63933576  .00002234  00000-0  90627-4 0  9999
2 57753  43.0005  45.8987 0000702 256.6556 103.4217 15.27591251172709
0 GLOBALSTAR M077
1 37191U 10054D   26283.63923829 -.00000077  00000-0  18524-4 0  9993
2 37191  51.9944 246.2603 0003204  30.7562 140.2050 11.67547685734624
0 STARLINK-37508
1 69257U 26117V   26283.63899370  .00046576  00000-0  13798-2 0  9990
2 69257  53.1603  59.2417 0001561  89.7265 270.3917 15.34428849 20769
0 STARLINK-11333
1 62273U 24237G   26283.63896144  .00219880  00000-0  16688-2 0  9999
2 62273  43.0011 201.3761 0002030 244.6001 115.4657 15.70887745106854
0 STARLINK-37688
1 69372U 26123V   26283.63893198  .00011671  00000-0  35601-3 0  9993
2 69372  53.1599  47.4357 0001573  95.4841 264.6341 15.34401713 19968
0 STARLINK-31819
1 59738U 24090J   26283.63886417  .00002770  00000-0  11008-3 0  9990
2 59738  43.0005  49.5852 0000934 248.3180 111.7572 15.27600124136317
0 STARLINK-11602
1 63183U 25048A   26283.63877306  .00174435  00000-0  13303-2 0  9997
2 63183  42.9954 104.5637 0000787 205.0117 155.0712 15.70916689 91946
0 STARLINK-6283
1 56406U 23061AJ  26283.63849058 -.00000317  00000-0 -19701-5 0  9993
2 56406  43.0027  53.5018 0002234 265.5851  94.4746 15.27575908189746
0 STARLINK-34153
1 63967U 25099R   26283.63845972  .00028431  00000-0  10376-2 0  9998
2 63967  43.0035  41.9776 0002634 284.4528  75.6032 15.27612392 80212
0 STARLINK-11674
1 64327U 25124L   26283.63808571  .00180303  00000-0  13778-2 0  9998
2 64327  43.0012 173.2664 0002096 245.8441 114.2207 15.70849479 76642
0 YAOGAN-31 B
1 43276U 18034B   26283.63802461  .00000011  00000-0  13426-3 0  9990
2 43276  63.3939 154.2030 0285575   7.8203 352.7136 13.45465235417753
0 STARLINK-34413
1 64616U 25137Y   26283.63790943  .00044783  00000-0  13258-2 0  9990
2 64616  53.1605  53.3282 0000664 117.0638 243.0432 15.34466964 73792
0 STARLINK-3396
1 51129U 22005AB  26283.63784538 -.00001125  00000-0 -22167-4 0  9995
2 51129  53.1643  43.5172 0001303  78.1967 281.9182 15.34393830261323
0 STARLINK-31132
1 58777U 24011N   26283.63784106  .00007490  00000-0  25280-3 0  9998
2 58777  53.1605   3.3518 0001537 112.4786 247.6378 15.31711235154490
0 STARLINK-31218
1 58895U 24020V   26283.63778469 -.00000285  00000-0  25857-5 0  9992
2 58895  53.1626  42.3724 0001393  75.1743 284.9413 15.31707681151002
0 YAOGAN-33 02
1 53698U 22106A   26283.63754976  .00000106  00000-0  32482-4 0  9990
2 53698  98.1846 289.7912 0002617 130.9504 229.1922 14.58757188218557
0 STARLINK-30387
1 57788U 23134T   26283.63753950 -.00000077  00000-0  67445-5 0  9993
2 57788  43.0026  49.1842 0001609 267.2915  92.7752 15.27576050172514
0 STARLINK-35313
1 65758U 25216AA  26283.63738070  .00023391  00000-0  70078-3 0  9995
2 65758  53.1599  51.5929 0000795  96.8571 263.2522 15.34421546 59453
0 STARLINK-34075
1 63917U 25095AD  26283.63720224  .00018597  00000-0  68276-3 0  9996
2 63917  43.0038  42.0930 0002718 284.4349  75.6201 15.27619830 80658
0 FENGYUN 1C DEB
1 29774U 99025BQ  26283.63709911  .00000244  00000-0  12804-3 0  9999
2 29774  99.1109 238.6746 0050100 341.4085 195.8280 14.22955845 23695
0 STARLINK-11652
1 63315U 25057J   26283.63709514  .00216592  00000-0  16367-2 0  9993
2 63315  43.0006  48.8621 0002063 245.0151 115.0503 15.71000758 91011
0 STARLINK-4435
1 53502U 22099AP  26283.63684023 -.00000872  00000-0 -21888-4 0  9990
2 53502  97.4452  52.4861 0000767  90.9653 269.1679 15.36970226229055
0 STARLINK-37436
1 69365U 26123N   26283.63683408  .00044353  00000-0  13134-2 0  9995
2 69365  53.1607  47.4305 0000718  82.2932 277.8153 15.34464037 19963
0 YAOGAN-30 AB
1 48861U 21055B   26283.63678167  .00001830  00000-0  13490-3 0  9997
2 48861  34.9946 167.9625 0004123 356.4112   3.6566 15.03150547290550
0 STARLINK-6272
1 56420U 23061AY  26283.63672381 -.00000257  00000-0  16717-6 0  9999
2 56420  43.0029  45.5905 0001276 269.9758  90.0948 15.27574302189832
0 STARLINK-34516
1 64605U 25137M   26283.63646193  .00019641  00000-0  64254-3 0  9993
2 64605  53.1590  54.7383 0001841  95.5893 264.5318 15.31723761 73778
0 YAOGAN-31 A
1 43275U 18034A   26283.63645380  .00000031  00000-0  16044-3 0  9995
2 43275  63.3936 154.1954 0285573   7.8695 352.6672 13.45469864417639
0 STARLINK-3518
1 51732U 22016U   26283.63636301  .00000020  00000-0  11721-4 0  9996
2 51732  53.1608  55.4186 0001343  80.5582 279.5573 15.34394653257411
0 QIANFAN-230
1 69859U 26155M   26283.63636205  .00000066  00000-0  82916-4 0  9990
2 69859  89.0126  51.7296 0001756 105.9021 254.2324 13.51035555 13438
0 STARLINK-37215
1 68392U 26063N   26283.63630219  .00023685  00000-0  73316-3 0  9993
2 68392  97.2879  64.1984 0002990  95.9615 264.1968 15.33464534 30837
0 STARLINK-34006
1 63869U 25094F   26283.63625327  .00015131  00000-0  51615-3 0  9999
2 63869  70.0037  47.5775 0002857 263.9717  96.1133 15.30427932 79525
0 YAOGAN-39 04B
1 58143U 23163C   26283.63621019  .00005598  00000-0  27909-3 0  9992
2 58143  34.9953   9.5401 0009339 162.9237 197.1791 15.16874813164852
0 GAOFEN 11 3
1 49492U 21107A   26283.63610140  .00004440  00000-0  18715-3 0  9998
2 49492  97.1960 323.2118 0005313  49.7740 310.3962 15.23805873272215
0 STARLINK-31681
1 59746U 24090S   26283.63600668  .00000389  00000-0  23672-4 0  9996
2 59746  43.0038  42.6487 0001122 270.6953  89.3770 15.27577988136395
0 KUIPER-00192
1 68575U 26072C   26283.63590456  .00003121  00000-0  43813-3 0  9996
2 68575  51.9008  42.6307 0000502 132.4466 227.6539 14.79939927 28252
0 FENGYUN 1C DEB
1 30863U 99025AWZ 26283.63587333  .00001353  00000-0  26974-2 0  9996
2 30863  99.1505  48.9245 0865700 333.6215  33.8997 12.41266459634857
0 STARLINK-31493
1 59329U 24057K   26283.63585006 -.00000710  00000-0 -16259-4 0  9997
2 59329  43.0036  53.0533 0001685 269.2164  90.8494 15.27573397142713
0 STARLINK-11380
1 62099U 24220M   26283.63582886  .00150394  00000-0  11439-2 0  9995
2 62099  43.0013 187.0003 0003240 279.0060  81.0441 15.71055466108761
0 YAOGAN 25A
1 40338U 14080A   26283.63581138 -.00000152  00000-0 -67421-4 0  9991
2 40338  63.3894  13.2936 0376730   9.7361 351.0706 13.45418956581191
0 STARLINK-34500
1 64613U 25137V   26283.63580338  .00024168  00000-0  72364-3 0  9991
2 64613  53.1575  53.3119 0002905 103.3527 256.7799 15.34419218 73796
0 STARLINK-3395
1 51130U 22005AC  26283.63575639  .00000705  00000-0  32013-4 0  9999
2 51130  53.1627  43.6712 0001214  83.5787 276.5354 15.34394678261310
0 QIANFAN-68
1 62798U 25016P   26283.63549485  .00000062  00000-0  78006-4 0  9994
2 62798  88.9694  71.7372 0015023 184.8664 175.2343 13.51023360 88008
0 STARLINK-34278
1 64391U 25127X   26283.63543603  .00020404  00000-0  74800-3 0  9993
2 64391  43.0015  45.5811 0000229 267.0829  92.9996 15.27621740 75347
0 STARLINK-35099
1 65735U 25216B   26283.63527926  .00028962  00000-0  86432-3 0  9996
2 65735  53.1605  51.5891 0001692  98.8626 261.2568 15.34425168 59467
0 STARLINK-2568
1 48406U 21038BF  26283.63524070  .00044120  00000-0  12678-2 0  9991
2 48406  53.1581  54.7633 0000596 119.9863 240.1199 15.35413780300345
0 QIANFAN-83
1 63169U 25046L   26283.63520331  .00000047  00000-0  44610-4 0  9996
2 63169  88.9627 287.7347 0012308 310.0829  49.9249 13.62066417 88696
0 STARLINK-34029
1 63805U 25092B   26283.63517443  .00019991  00000-0  73359-3 0  9993
2 63805  43.0008  39.0035 0000832 250.3641 109.7121 15.27598714 81484
0 STARLINK-4772
1 53932U 22119AY  26283.63516157  .00100959  00000-0  61290-2 0  9996
2 53932  53.1661  53.4883 0001422  85.9155 274.1999 15.09679926224495
0 STARLINK-11509
1 63059U 25035H   26283.63510589  .00194023  00000-0  14766-2 0  9991
2 63059  42.9996 159.9502 0001790 265.3916  94.6747 15.70903235 94908
0 FENGYUN 1C DEB
1 32099U 99025CQR 26283.63492837  .00000700  00000-0  35302-3 0  9994
2 32099  98.3063 229.6752 0338629 151.8498  21.5926 13.93084236688897
0 YAOGAN-30 U
1 46807U 20076A   26283.63491255  .00002315  00000-0  17022-3 0  9992
2 46807  34.9928 107.3127 0000809 287.5597  72.5023 15.03112148325491
0 STARLINK-36815
1 68313U 26057V   26283.63481920  .00031448  00000-0  97138-3 0  9996
2 68313  97.2870  48.8134 0000556 325.7385  34.3822 15.33478644 31600
0 STARLINK-37597
1 69356U 26123D   26283.63473453  .00029797  00000-0  88890-3 0  9999
2 69356  53.1600  47.4356 0000394  61.2673 298.8369 15.34422288 19965
0 STARLINK-34112
1 63969U 25099T   26283.63460173  .00014933  00000-0  55075-3 0  9994
2 63969  43.0034  41.9487 0001376 273.0307  87.0387 15.27598727 80218
0 STARLINK-31473
1 59339U 24057V   26283.63456054 -.00000868  00000-0 -22009-4 0  9992
2 59339  43.0058  53.0416 0001088 276.5879  83.4849 15.27576478142714
0 QIANFAN-5
1 60383U 24140E   26283.63441899  .00000023  00000-0  16804-4 0  9994
2 60383  88.9651 267.8568 0017142  62.4056 297.8833 13.51032246108061
0 STARLINK-4655
1 53613U 22104AB  26283.63423065 -.00000727  00000-0 -10380-4 0  9991
2 53613  53.1605 333.7352 0001245  87.5326 272.5819 15.34384229228297
0 STARLINK-4751
1 53825U 22114H   26283.63419949  .00001676  00000-0  60723-4 0  9991
2 53825  53.1625  45.5796 0001013  78.5542 281.5574 15.34399849225465
0 STARLINK-32522
1 61981U 24210Y   26283.63419811  .00016460  00000-0  60603-3 0  9993
2 61981  42.9991  45.8671 0000831 272.8969  87.1788 15.27596289107750
0 ONEWEB-0613
1 56071U 23043AB  26283.63404241  .00000189  00000-0  46878-3 0  9990
2 56071  87.9020 236.2051 0001662  74.0081 286.1233 13.15548330171615
0 FENGYUN 1C DEB
1 37591U 99025EKK 26283.63401400  .00014135  00000-0  26667-2 0  9992
2 37591  98.4052 238.6023 0060208 136.8813  37.4365 14.63414254708664
0 YAOGAN-33 04
1 57958U 23149A   26283.63390944  .00000406  00000-0  96643-4 0  9994
2 57958  98.2092 231.5673 0001649  57.0884 303.0474 14.58817701161837
0 STARLINK-34102
1 63806U 25092C   26283.63388926  .00024502  00000-0  89594-3 0  9998
2 63806  43.0048  38.9939 0004169 283.4356  76.6031 15.27611539 81536
0 ONEWEB-0449
1 51642U 22012W   26283.63386801  .00000599  00000-0  16785-2 0  9993
2 51642  87.8921  13.3011 0002298 106.2237 253.9143 13.10371211224427
0 STARLINK-4783
1 53835U 22114T   26283.63379776  .00001028  00000-0  82659-4 0  9998
2 53835  53.1614  58.2007 0001162  93.8206 266.2918 15.08830441225283
0 YAOGAN-33 03
1 57797U 23136A   26283.63375534  .00000362  00000-0  87168-4 0  9992
2 57797  98.1945 206.3835 0007481 178.6489 181.4732 14.58805194164768
0 STARLINK-34494
1 64611U 25137T   26283.63370064  .00029131  00000-0  86920-3 0  9990
2 64611  53.1615  53.3055 0001641  94.7609 265.3581 15.34427449 73697
0 STARLINK-30385
1 57778U 23134H   26283.63368093 -.00000441  00000-0 -64833-5 0  9996
2 57778  43.0030  49.1154 0001455 261.1958  98.8729 15.27580030172359
0 STARLINK-3393
1 51132U 22005AE  26283.63366078  .00000525  00000-0  26691-4 0  9991
2 51132  53.1629  43.6969 0001320  83.9672 276.1481 15.34391813261318
0 QIANFAN-73
1 63159U 25046A   26283.63362341  .00000027  00000-0  23717-4 0  9993
2 63159  88.9622 288.6565 0014050 338.5171  21.5389 13.51026150 88175
0 STARLINK-11348
1 61694U 24195H   26283.63362045 -.00000268  00000-0  26436-5 0  9990
2 61694  53.1610  46.6188 0001158  77.3175 282.7973 15.69710002112791
0 FENGYUN 1C DEB
1 35147U 99025DMB 26283.63361122  .00006621  00000-0  82687-3 0  9999
2 35147  99.4868  55.3246 0024953 353.2032   6.8834 14.82582729787663
0 STARLINK-37128
1 68385U 26063F   26283.63358384  .00028371  00000-0  87746-3 0  9994
2 68385  97.2871  64.2015 0001522  89.2588 270.8830 15.33458143 30833
0 STARLINK-34007
1 63868U 25094E   26283.63352941  .00027174  00000-0  92141-3 0  9996
2 63868  70.0027  47.5680 0004562 273.1642  86.9012 15.30443053 79528
0 STARLINK-4738
1 53819U 22114B   26283.63342577  .00000422  00000-0  25378-4 0  9991
2 53819  53.1620  42.0879 0001292  82.2266 277.8882 15.31702983225511
0 STARLINK-33770
1 63906U 25095S   26283.63332358  .00021761  00000-0  79693-3 0  9993
2 63906  42.9986  42.0660 0000533 240.9449 119.1349 15.27623303 80654
0 TIANMU-1 22
1 58663U 23208D   26283.63329541  .00007851  00000-0  25282-3 0  9990
2 58663  97.4605  40.5478 0002179 298.6905  61.4118 15.32483893155005
0 KUIPER-00131
1 68573U 26072A   26283.63320842  .00003175  00000-0  44523-3 0  9992
2 68573  51.9003  45.1486 0000414 122.8894 237.2108 14.79939694 28217
0 STARLINK-32425
1 61216U 24171S   26283.63319013  .00000489  00000-0  27527-4 0  9996
2 61216  53.1603  42.8944 0001833  83.7905 276.3305 15.31711150115293
0 STARLINK-35284
1 65741U 25216H   26283.63317652  .00025374  00000-0  75901-3 0  9999
2 65741  53.1594  51.5801 0001545  98.6411 261.4767 15.34422942 59492
0 STARLINK-31511
1 59462U 24068H   26283.63316338  .00000588  00000-0  30902-4 0  9999
2 59462  43.0019 260.7948 0001379 273.7585  86.3109 15.27578459141396
0 STARLINK-34208
1 64740U 25144S   26283.63308452  .00021027  00000-0  63143-3 0  9991
2 64740  53.1590 255.3432 0001410 100.1042 260.0120 15.34414184 72728
0 STARLINK-30589
1 58103U 23161G   26283.63300265 -.00000084  00000-0  86617-5 0  9992
2 58103  53.1595 245.2991 0001504  85.0518 275.0656 15.34387510167356
0 STARLINK-34269
1 64386U 25127S   26283.63286114  .00022888  00000-0  83790-3 0  9994
2 64386  42.9974  45.5607 0000856 257.7270 102.3486 15.27610240 75341
0 STARLINK-3716
1 52092U 22029E   26283.63279433  .00012027  00000-0  30352-3 0  9999
2 52092  53.1612 190.0985 0002181  95.5043 264.6211 15.40286603253296
0 STARLINK-1166
1 45060U 20006S   26283.63271475  .00111540  00000-0  51775-3 0  9999
2 45060  53.0346 299.4995 0007057  33.7816 326.3654 15.82582616370296
0 STARLINK-30573
1 58058U 23158H   26283.63271335  .00000031  00000-0  10655-4 0  9991
2 58058  43.0060 253.0865 0001467 261.5905  98.4781 15.27576501166443
0 QIANFAN-185
1 69403U 26125C   26283.63263714  .00000016  00000-0  62302-5 0  9996
2 69403  88.9905 268.2175 0002294  94.8542 265.2872 13.51029185 17569
0 STARLINK-37651
1 69353U 26123A   26283.63262212  .00023996  00000-0  71875-3 0  9995
2 69353  53.1585  47.4188 0002399  94.9672 265.1605 15.34413310 19962
0 STARLINK-34048
1 63816U 25092N   26283.63261032  .00024897  00000-0  91060-3 0  9995
2 63816  43.0012  38.9839 0001388 277.6703  82.3991 15.27602062 81538
0 STARLINK-2474
1 48132U 21027AS  26283.63251724  .00002098  00000-0  79332-4 0  9998
2 48132  53.1610 247.4395 0001487  94.9659 265.1512 15.31709682305408
0 QIANFAN-23
1 61556U 24185E   26283.63250752  .00000343  00000-0  16512-3 0  9992
2 61556  88.9884  43.0379 0009299  71.4118 288.8080 14.16563622112483
0 STARLINK-31707
1 59736U 24090G   26283.63247407 -.00001700  00000-0 -52253-4 0  9990
2 59736  43.0028  49.5426 0001766 276.8289  83.2362 15.27579131136310
0 STARLINK-3515
1 51738U 22016AA  26283.63245269 -.00000378  00000-0 -41740-6 0  9995
2 51738  53.1614  57.0912 0001261  75.9038 284.2104 15.31696032256237
0 ONEWEB-0246
1 48786U 21045V   26283.63245029  .00000167  00000-0  40907-3 0  9994
2 48786  87.9031 236.1815 0001909  74.7502 285.3839 13.15548419259457
0 STARLINK-4775
1 53934U 22119BA  26283.63244118 -.00000070  00000-0  13676-4 0  9994
2 53934  53.1605  53.4702 0001087 134.2886 225.8195 15.08838767224503
0 GAOFEN 5 01A
1 54640U 22165A   26283.63238300  .00000358  00000-0  88391-4 0  9990
2 54640  98.2430 219.8061 0002466  40.3647 319.7734 14.57774215204234
0 STARLINK-11526
1 63007U 25032C   26283.63237314  .00165421  00000-0  12596-2 0  9992
2 63007  43.0004 339.2946 0001809  75.2486 284.8582 15.70982563 96025
0 STARLINK-5819
1 55780U 23028AR  26283.63225610  .00000226  00000-0  26727-4 0  9994
2 55780  70.0008  42.3414 0003320 268.1707  91.9072 14.98333725198730
0 KUIPER-00075
1 64822U 25151G   26283.63224262  .00026667  00000-0  68844-3 0  9994
2 64822  51.8645 254.3910 0002725 340.1968  19.8913 15.38954922 69570
0 STARLINK-34073
1 64606U 25137N   26283.63215814  .00025809  00000-0  77207-3 0  9991
2 64606  53.1609  55.4247 0001794  82.0947 278.0259 15.34411876 73548
0 STARLINK-31809
1 59743U 24090P   26283.63215326 -.00000331  00000-0 -24997-5 0  9997
2 59743  43.0046  42.6184 0001005 262.8563  97.2175 15.27578651136390
0 STARLINK-3143
1 49738U 21115Q   26283.63210844  .00017591  00000-0  95979-3 0  9995
2 49738  53.2161 260.7640 0002420  72.4375 287.6884 15.14448389268031
0 STARLINK-37113
1 68318U 26057AA  26283.63209982  .00022730  00000-0  70430-3 0  9997
2 68318  97.2839  48.6647 0001422  89.3297 270.8109 15.33443524 31597
0 STARLINK-6271
1 56397U 23061Z   26283.63206507 -.00000057  00000-0  74857-5 0  9991
2 56397  43.0053  53.4655 0002129 273.9931  86.0677 15.27577857189740
0 STARLINK-2483
1 48140U 21027BA  26283.63189795  .00004847  00000-0  16778-3 0  9993
2 48140  53.1589 245.3367 0001190  84.7118 275.4020 15.31713257305441
0 STARLINK-31225
1 59040U 24038T   26283.63187701  .00000021  00000-0  10291-4 0  9999
2 59040  43.0032 249.4092 0001205 278.4126  81.6589 15.27579286147562
0 STARLINK-11588
1 63319U 25057N   26283.63178601  .00154658  00000-0  11808-2 0  9993
2 63319  43.0005  48.8190 0002339 252.1162 107.9451 15.70954294 90981
0 STARLINK-34463
1 64598U 25137E   26283.63159579  .00031807  00000-0  94783-3 0  9999
2 64598  53.1602  53.2914 0002179  89.4304 270.6949 15.34422346 73698
0 STARLINK-34351
1 64387U 25127T   26283.63157894  .00014272  00000-0  52712-3 0  9995
2 64387  43.0008  45.5506 0001407 290.2701  69.8000 15.27581433 75344
0 KUIPER-00601
1 69285U 26118U   26283.63157293  .00001329  00000-0  20333-3 0  9994
2 69285  51.9002 250.1751 0000884  60.4360 299.6691 14.79935353 21250
0 STARLINK-36628
1 67595U 26018G   26283.63156478  .00015196  00000-0  47193-3 0  9999
2 67595  97.2831 346.7701 0000061 288.0409  72.0827 15.33454741 40276
0 STARLINK-3389
1 51124U 22005W   26283.63153341  .00000573  00000-0  28107-4 0  9996
2 51124  53.1627  43.4881 0001091  91.6151 268.4976 15.34392442261335
0 STARLINK-31598
1 59263U 24050K   26283.63150789  .00000378  00000-0  22320-4 0  9997
2 59263  53.1600 259.2941 0001547  89.3637 270.7543 15.34391647143501
0 STARLINK-34592
1 64746U 25144Y   26283.63147381  .00021590  00000-0  64829-3 0  9996
2 64746  53.1604 247.5214 0001730  86.5292 273.5909 15.34400108 72837
0 QIANFAN-57
1 62787U 25016C   26283.63135816  .00000058  00000-0  71734-4 0  9997
2 62787  88.9702  71.8633 0001768  74.7656 285.3691 13.51029063 87965
0 YAOGAN-39 03A
1 57986U 23152A   26283.63135789  .00008972  00000-0  37316-3 0  9990
2 57986  35.0010 266.5113 0002858 152.4246 207.6621 15.23031267168051
0 STARLINK-33781
1 63826U 25092Y   26283.63131507  .00020749  00000-0  76079-3 0  9994
2 63826  43.0006  38.9700 0000851 250.7395 109.3365 15.27606046 81533
0 STARLINK-11364
1 61543U 24184M   26283.63120763 -.00000910  00000-0 -26529-5 0  9998
2 61543  53.1594 256.8736 0001199 107.5640 252.5509 15.69708577114175
0 STARLINK-2586
1 48390U 21038AP  26283.63113952  .00001129  00000-0  48124-4 0  9995
2 48390  53.1609  52.3194 0001058  77.9854 282.1266 15.31702685301591
0 STARLINK-35288
1 65749U 25216R   26283.63107043  .00039319  00000-0  11682-2 0  9997
2 65749  53.1601  51.5613 0001200  92.0127 268.1013 15.34415696 59463
0 FENGYUN 1A
1 19467U 88080A   26283.63101649 -.00000016  00000-0  18053-4 0  9991
2 19467  99.0125 336.0122 0014551  27.5055 332.6878 14.03559603950098
0 STARLINK-36972
1 68072U 26042D   26283.63098047  .00020963  00000-0  62955-3 0  9995
2 68072  53.1590 255.3678 0001334  98.3123 261.8031 15.34413638 35288
0 STARLINK-33689
1 63322U 25057R   26283.63096405  .00004620  00000-0  17730-3 0  9992
2 63322  42.9974 256.6426 0001239 284.2494  75.8220 15.27578590 88652
0 STARLINK-32493
1 62025U 24213T   26283.63092236  .00023630  00000-0  70831-3 0  9995
2 62025  53.1600 245.4651 0001852  83.2984 276.8229 15.34398820106128
0 STARLINK-37223
1 68387U 26063H   26283.63086511  .00030785  00000-0  95156-3 0  9992
2 68387  97.2872  64.2052 0001560  83.0582 277.0838 15.33459987 30839
0 ONEWEB-0236
1 48797U 21045AG  26283.63085331  .00000179  00000-0  44095-3 0  9999
2 48797  87.9028 236.1907 0001919  83.5440 276.5908 13.15549056259432
0 JILIN-01-07
1 43159U 18008E   26283.63080566  .00007832  00000-0  22306-3 0  9990
2 43159  97.1734 300.5973 0008281  16.6453 343.5062 15.36332904482717
0 STARLINK-6279
1 56411U 23061AP  26283.63077736 -.00001122  00000-0 -31259-4 0  9991
2 56411  43.0054  53.4516 0001883 277.8210  82.2428 15.27572668189740
0 STARLINK-34084
1 63970U 25099U   26283.63074504  .00016818  00000-0  61892-3 0  9993
2 63970  42.9991  41.9160 0000947 259.4403 100.6342 15.27598807 80218
0 TIANMU-1 18
1 58703U 24004D   26283.63060802  .00005052  00000-0  19035-3 0  9992
2 58703  97.4644 109.8547 0003964 300.4400  59.6447 15.27536130153395
0 YAOGAN-30 H
1 43082U 17085B   26283.63059078  .00002322  00000-0  17070-3 0  9994
2 43082  34.9937 166.2760 0005744 274.1509  85.8543 15.03101789480077
0 STARLINK-35778
1 66973U 25288Q   26283.63056834  .00014629  00000-0  53975-3 0  9996
2 66973  43.0024 249.2559 0000962 288.0170  72.0576 15.27601100 48164
0 STARLINK-37039
1 69361U 26123J   26283.63052200  .00041707  00000-0  12378-2 0  9990
2 69361  53.1589  47.4036 0001864  87.0678 273.0538 15.34420572 19963
0 STARLINK-3229
1 49751U 21115AD  26283.63051711  .00000366  00000-0  21977-4 0  9996
2 49751  53.1565 253.9615 0001477  91.2913 268.8259 15.34386689268120
0 KUIPER-00090
1 64835U 25151V   26283.63050863  .00003111  00000-0  43678-3 0  9999
2 64835  51.8996  47.6158 0000498 136.0607 224.0395 14.79938330 67444
0 QIANFAN-15
1 60393U 24140Q   26283.63047771  .00000041  00000-0  45072-4 0  9995
2 60393  88.9670 267.9080 0014090  48.6431 311.5929 13.51029397108024
0 STARLINK-5276
1 55399U 23014J   26283.63040709 -.00001064  00000-0 -81419-4 0  9991
2 55399  69.9992 242.4216 0003092 266.9001  93.1805 14.98322220204258
0 STARLINK-11531
1 62841U 25019N   26283.63037675  .00461916  00000-0  34392-2 0  9996
2 62841  42.9987  90.5390 0001249 277.2562  82.8164 15.70613947 97687
0 STARLINK-36805
1 68116U 26044R   26283.63034821  .00029845  00000-0  92219-3 0  9990
2 68116  97.2841 242.3122 0003568  84.6094 275.5556 15.33471975 34528
0 STARLINK-5248
1 54174U 22141T   26283.63033977 -.00004421  00000-0 -11614-3 0  9999
2 54174  53.1622  47.5683 0000834  69.5319 290.5773 15.35337511219305
0 STARLINK-35544
1 65922U 25225N   26283.63033216  .00024287  00000-0  72720-3 0  9999
2 65922  53.1592 243.2461 0001582  91.7397 268.3786 15.34417566 57379
0 STARLINK-34198
1 64388U 25127U   26283.63029281  .00018496  00000-0  67949-3 0  9994
2 64388  43.0006  45.5453 0000338 225.2217 134.8608 15.27602560 75348
0 STARLINK-2702
1 48441U 21040P   26283.63026038  .00001746  00000-0  68027-4 0  9992
2 48441  53.1604 257.8774 0001380 111.3612 248.7537 15.31697139299617
0 FENGYUN 1C DEB
1 31823U 99025CHM 26283.63016674  .00005553  00000-0  89651-3 0  9996
2 31823  99.5186  63.9533 0034935  18.7943 341.4540 14.71501182 11487
0 STARLINK-31211
1 59031U 24038J   26283.63011500  .00002587  00000-0  10351-3 0  9997
2 59031  43.0042 252.8774 0001454 281.6265  78.4423 15.27579215147523
0 STARLINK-3517
1 51735U 22016X   26283.63005258  .00001011  00000-0  41060-4 0  9990
2 51735  53.1611  55.4178 0001493 114.4353 245.6806 15.34396034256279
0 STARLINK-32514
1 61965U 24210G   26283.63002918  .00024039  00000-0  87928-3 0  9991
2 61965  43.0031  38.9197 0005243 285.1213  74.9058 15.27606751107868
0 IRIDIUM 33 DEB
1 34486U 97051GB  26283.62999279  .00045223  00000-0  24584-2 0  9992
2 34486  86.3777 230.2482 0010257  88.4947  86.4844 15.14250417935282
0 STARLINK-11422
1 61944U 24209F   26283.62998896  .00157347  00000-0  12719-2 0  9998
2 61944  53.1582  31.9108 0000744  96.5994 263.5108 15.69846290110433
0 STARLINK-11619
1 63272U 25053H   26283.62998067  .00174882  00000-0  13332-2 0  9997
2 63272  42.9998 256.6747 0000717 350.3890   9.6964 15.70923571 91478
0 STARLINK-11555
1 62915U 25027J   26283.62990214  .00190164  00000-0  14484-2 0  9997
2 62915  42.9988 132.3426 0002149 257.8951 102.1676 15.70894996 96993
0 STARLINK-30865
1 58226U 23170W   26283.62983417 -.00000404  00000-0 -51387-5 0  9996
2 58226  43.0023  49.1453 0001223 255.6873 104.3843 15.27591336163305
0 STARLINK-5516
1 57253U 23094AM  26283.62980415  .00013282  00000-0  49250-3 0  9995
2 57253  43.0031 245.9069 0001704 244.2274 115.8402 15.27499178180112
0 STARLINK-11392
1 63056U 25035E   26283.62979290  .00164036  00000-0  12555-2 0  9990
2 63056  43.0010 159.9079 0001889 266.7534  93.3118 15.70864727 95027
0 STARLINK-31267
1 59468U 24068P   26283.62964468  .00000327  00000-0  21397-4 0  9996
2 59468  43.0009 256.4300 0000921 271.1760  88.8986 15.27577730141441
0 FENGYUN 1C DEB
1 31443U 99025BUF 26283.62956404  .00004065  00000-0  82428-3 0  9999
2 31443  99.2298  56.6890 0182978 277.3818  80.6615 14.51837091713186
0 QIANFAN-87
1 63173U 25046Q   26283.62955218  .00000013  00000-0  10975-5 0  9997
2 63173  88.9622 288.5261 0010860 343.8877  16.1927 13.51020575 88241
0 STARLINK-3071
1 49147U 21082T   26283.62954184  .00101828  00000-0  82355-2 0  9993
2 49147  69.9991  72.5094 0002772 278.0054  82.0791 14.99179369279161
0 STARLINK-34517
1 64595U 25137B   26283.62949318  .00026298  00000-0  78635-3 0  9999
2 64595  53.1603  53.2822 0002115  84.0761 276.0483 15.34414374 73697
0 STARLINK-34106
1 63907U 25095T   26283.62948240  .00012767  00000-0  47242-3 0  9997
2 63907  43.0021  42.0342 0001105 271.0669  89.0056 15.27595384 80656
0 STARLINK-3184
1 51143U 22005AR  26283.62946038  .00000406  00000-0  23170-4 0  9999
2 51143  53.1618  43.7284 0001288  88.4959 271.6191 15.34392891261326
0 STARLINK-31616
1 59270U 24050S   26283.62941179  .00006170  00000-0  19361-3 0  9991
2 59270  53.1581 259.2955 0001054 103.3671 256.7449 15.34397818143505
0 STARLINK-37154
1 68316U 26057Y   26283.62937278  .00025868  00000-0  80045-3 0  9998
2 68316  97.2835  48.6678 0001526  96.4678 263.6739 15.33460865 31598
0 STARLINK-3148
1 49736U 21115N   26283.62934909  .00000421  00000-0  23603-4 0  9997
2 49736  53.1607 247.3570 0001632  95.2445 264.8744 15.34389749268219
0 STARLINK-31621
1 59465U 24068L   26283.62931137 -.00000492  00000-0 -83776-5 0  9995
2 59465  43.0014 260.7757 0000942 271.5074  88.5670 15.27580302141393
0 STARLINK-31432
1 59932U 24106L   26283.62929137  .00000500  00000-0  27681-4 0  9994
2 59932  43.0033 198.7769 0001431 262.7467  97.3222 15.27576040133383
0 STARLINK-3683
1 53167U 22083AM  26283.62920999 -.00000165  00000-0  61803-5 0  9990
2 53167  53.1600 254.0571 0001434  90.8224 269.2943 15.35394508234142
0 STARLINK-3511
1 51752U 22016AQ  26283.62916092  .00002860  00000-0  10389-3 0  9997
2 51752  53.1593  45.0353 0000839  69.4767 290.6325 15.31696332256411
0 LEMUR 2 HUBBLE-4
1 64565U 25135AP  26283.62912895  .00000919  00000-0  92222-4 0  9995
2 64565  97.7794  36.2659 0001066 254.0476 106.0627 14.93692670 71101
0 STARLINK-5356
1 56418U 23061AW  26283.62901305  .00000184  00000-0  16223-4 0  9994
2 56418  43.0041  45.5345 0001806 268.7904  91.2741 15.27574790189835
0 STARLINK-11566
1 62914U 25027H   26283.62899089  .00280082  00000-0  21181-2 0  9995
2 62914  42.9986 132.3361 0001680 265.5452  94.5224 15.70788323 96998
0 STARLINK-35260
1 65751U 25216T   26283.62896761  .00031125  00000-0  92814-3 0  9995
2 65751  53.1608  51.5457 0001866  87.5385 272.5831 15.34412370 59498
0 KUIPER-00570
1 69271U 26118E   26283.62889110  .00002194  00000-0  31676-3 0  9991
2 69271  51.8995 252.7815 0000836  55.7193 304.3849 14.79933693 21201
0 STARLINK-36320
1 68090U 26042X   26283.62888334  .00025058  00000-0  75024-3 0  9991
2 68090  53.1602 255.3592 0001954  81.3968 278.7256 15.34401763 35286
0 STARLINK-32386
1 61213U 24171P   26283.62887411  .00000230  00000-0  17968-4 0  9996
2 61213  53.1636  39.3198 0001779  79.5242 280.5961 15.34395086115344
0 STARLINK-30553
1 58056U 23158F   26283.62886227  .00000278  00000-0  19634-4 0  9999
2 58056  43.0027 253.0572 0000750 285.5191  74.5577 15.27576555166443
0 STARLINK-30555
1 58040U 23156N   26283.62880733  .00003186  00000-0  10544-3 0  9997
2 58040  53.1579 245.3689 0001385  97.4061 262.7099 15.34388539168009
0 STARLINK-11327
1 61695U 24195J   26283.62871821 -.00000325  00000-0  21816-5 0  9998
2 61695  53.1607  46.5843 0001340  79.5986 280.5183 15.69704657112790
0 STARLINK-31822
1 59752U 24090Y   26283.62861388 -.00003955  00000-0 -13423-3 0  9996
2 59752  43.0022  49.5096 0001464 275.8910  84.1775 15.27592226136307
0 STARLINK-32423
1 61218U 24171U   26283.62851999  .00003868  00000-0  13628-3 0  9991
2 61218  53.1597  42.8636 0001145  72.2642 287.8484 15.31714474116201
0 STARLINK-31381
1 59469U 24068Q   26283.62850830  .00000414  00000-0  24569-4 0  9995
2 59469  43.0013 257.2959 0001107 276.4686  83.6039 15.27578257141434
0 STARLINK-5026
1 57260U 23094AU  26283.62850183 -.00000496  00000-0 -85077-5 0  9995
2 57260  43.0045 245.8965 0001802 270.9951  89.0694 15.27577920180753
0 STARLINK-5209
1 54061U 22136L   26283.62848134 -.00001012  00000-0 -18815-4 0  9990
2 54061  53.1632  47.9451 0001126  64.7648 295.3472 15.34401364220000
0 QIANFAN-189
1 69407U 26125G   26283.62846538  .00000021  00000-0  14149-4 0  9991
2 69407  88.9873 268.2486 0002637  95.3389 264.8063 13.51019574 17522
0 STARLINK-4074
1 52678U 22053Y   26283.62842269 -.00000613  00000-0 -79724-5 0  9996
2 52678  53.1595 249.1123 0001436  97.3051 262.8114 15.31690227243750
0 STARLINK-31661
1 59735U 24090F   26283.62830024  .00000432  00000-0  25194-4 0  9994
2 59735  43.0004  42.5891 0000655 279.7375  80.3403 15.27578938136392
0 STARLINK-30606
1 58109U 23161N   26283.62824135  .00000091  00000-0  13842-4 0  9990
2 58109  53.1603 243.3380 0001476  81.6307 278.4863 15.34392170167387
0 QIANFAN-238
1 69867U 26155V   26283.62823731  .00000078  00000-0  10267-3 0  9992
2 69867  89.0131  51.6787 0001855  94.9467 265.1896 13.51025643 13463
0 IRIDIUM 33 DEB
1 35848U 97051SY  26283.62816509  .00010198  00000-0  11933-2 0  9996
2 35848  86.3860 239.5023 0004455 204.1861 155.9154 14.84968190711622
0 STARLINK-31599
1 59327U 24057H   26283.62814152 -.00001984  00000-0 -62576-4 0  9998
2 59327  43.0042  52.9968 0001807 268.3921  91.6724 15.27577986142718
0 STARLINK-34022
1 63866U 25094C   26283.62807406  .00026089  00000-0  88498-3 0  9998
2 63866  70.0023  47.5465 0005129 272.4596  87.5992 15.30438591 79528
0 STARLINK-33831
1 63595U 25076AC  26283.62804875  .00007105  00000-0  26746-3 0  9990
2 63595  43.0003 187.6604 0001378 268.1581  91.9113 15.27580683 84700
0 QIANFAN-24
1 61557U 24185F   26283.62804534  .00000586  00000-0  24799-3 0  9990
2 61557  88.9871  41.9527 0010754  44.9208 315.2853 14.24175537112986
0 STARLINK-38202
1 A0546U 26200N   26283.62800982  .00150467  00000-0  13091-2 0  9990
2 A0546  70.0022  78.3215 0004797 280.1623  79.9031 15.68414373  6055
0 STARLINK-36113
1 66982U 25288Z   26283.62799186  .00014748  00000-0  54410-3 0  9996
2 66982  43.0033 249.2270 0001552 263.9928  96.0747 15.27596032 48166
0 STARLINK-35496
1 66114U 25237A   26283.62787064  .00015460  00000-0  46769-3 0  9999
2 66114  53.1568 117.3553 0001076  80.5825 279.5299 15.34403647 55577
0 STARLINK-34279
1 64389U 25127V   26283.62787002  .00015391  00000-0  56732-3 0  9995
2 64389  43.0024  46.3949 0001673 272.8373  87.2287 15.27600072 75331
0 YAOGAN-30 N
1 44449U 19045A   26283.62784943  .00001691  00000-0  12485-3 0  9998
2 44449  34.9953 346.2123 0003980 219.3318 140.7102 15.03143236393994
0 ONEWEB-0696
1 56723U 23068P   26283.62768087  .00000202  00000-0  50186-3 0  9994
2 56723  87.9021 236.2057 0001796  64.2049 295.9266 13.15547019164540
0 STARLINK-3236
1 49750U 21115AC  26283.62767981 -.00001960  00000-0 -51410-4 0  9995
2 49750  53.1610 246.1148 0001317  98.9276 261.1875 15.31692607268222
0 QIANFAN-36
1 61569U 24185T   26283.62764375  .00000115  00000-0  14777-3 0  9994
2 61569  88.9836  49.5958 0004970 233.0723 126.9976 13.55651422108824
0 STARLINK-34475
1 64603U 25137K   26283.62747796  .00032782  00000-0  97549-3 0  9995
2 64603  53.1608  53.9759 0001859  88.6727 271.4488 15.34452247 73688
0 STARLINK-30362
1 57745U 23131P   26283.62747303  .00000401  00000-0  24096-4 0  9991
2 57745  43.0035  39.0004 0001046 265.1951  94.8782 15.27579925172786
0 STARLINK-34373
1 64944U 25158N   26283.62744178  .00023428  00000-0  72535-3 0  9992
2 64944  97.2824 141.6908 0002320  81.7626 278.3879 15.33460889 67797
0 ONEWEB-0669
1 55828U 23029AJ  26283.62743949  .00000026  00000-0  33099-4 0  9995
2 55828  87.9167 251.4079 0002495  81.4245 278.7171 13.20770004176382
0 IRIDIUM 33 DEB
1 37550U 97051XK  26283.62731698  .00005432  00000-0  88200-3 0  9990
2 37550  86.3727 249.5598 0004664 114.1555 246.0150 14.70994178907665
0 STARLINK-34729
1 65364U 25190P   26283.62728399  .00014574  00000-0  44164-3 0  9991
2 65364  53.1582 247.6494 0001854  82.7036 277.4177 15.34400527 63117
0 QIANFAN-59
1 62789U 25016E   26283.62715893  .00000056  00000-0  68665-4 0  9994
2 62789  88.9696  71.7485 0014083 187.8974 172.1958 13.51025948 88009
0 JILIN 1
1 40961U 15057D   26283.62706396  .00000484  00000-0  73192-4 0  9990
2 40961  97.6597 277.3240 0015477 245.8314 114.1280 14.78299549592664
0 YAOGAN 3
1 32289U 07055A   26283.62702829  .00001471  00000-0  15403-3 0  9997
2 32289  97.8081 312.3484 0001657  80.8517 279.2889 14.91122599 23072
0 IRIDIUM 124
1 42810U 17039H   26283.62689918  .00000202  00000-0  53983-4 0  9991
2 42810  86.4469 242.0640 0002211  84.9973 275.1480 14.43278814491764
0 STARLINK-34889
1 65761U 25216AD  26283.62686341  .00022600  00000-0  67794-3 0  9994
2 65761  53.1609  51.5328 0000701  62.4516 297.6558 15.34402441 59540
0 FENGYUN 1C DEB
1 29794U 99025CL  26283.62681807  .00000923  00000-0  49127-3 0  9995
2 29794  98.2368  61.1073 0154804 253.0143 171.3870 14.09667729 10893
0 STARLINK-33591
1 62777U 25015V   26283.62679328  .00023655  00000-0  70860-3 0  9991
2 62777  53.1588  39.5060 0002205 309.1451  50.9356 15.34418057 97457
0 STARLINK-2574
1 48395U 21038AU  26283.62678017 -.00000045  00000-0  10304-4 0  9993
2 48395  53.1621  54.5892 0000589  73.3290 286.7776 15.31698518301563
0 STARLINK-34556
1 64733U 25144K   26283.62677602  .00024718  00000-0  74033-3 0  9998
2 64733  53.1598 255.3071 0001947  87.6978 272.4248 15.34397167 72728
0 STARLINK-11583
1 62991U 25031L   26283.62674439  .00174547  00000-0  13342-2 0  9993
2 62991  42.9994 146.1372 0001802 265.1345  94.9317 15.70860753 96557
0 STARLINK-31625
1 59458U 24068D   26283.62673883  .00000148  00000-0  14894-4 0  9998
2 59458  43.0033 260.7480 0001048 256.0117 104.0618 15.27578993141392
0 STARLINK-35761
1 66961U 25288C   26283.62671647  .00018650  00000-0  68498-3 0  9991
2 66961  43.0024 249.2260 0000388 313.0502  47.0318 15.27606205 48167
0 STARLINK-35175
1 65929U 25225V   26283.62670284  .00024686  00000-0  73945-3 0  9990
2 65929  53.1587 245.3516 0001767  78.1611 281.9589 15.34395513 57343
0 STARLINK-36849
1 68304U 26057L   26283.62665149  .00025626  00000-0  79305-3 0  9999
2 68304  97.2850  48.6727 0001187  91.2497 268.8882 15.33458915 31591
0 STARLINK-30499
1 57918U 23147F   26283.62657549  .00001723  00000-0  72090-4 0  9997
2 57918  43.0026  46.3675 0000456 213.0838 146.9985 15.27586084171207
0 STARLINK-11585
1 63309U 25057C   26283.62647687  .00230412  00000-0  17431-2 0  9997
2 63309  43.0004  48.7790 0003484 257.9715 102.0762 15.70928604 91015
0 STARLINK-37260
1 68510U 26068C   26283.62641267  .00022901  00000-0  68654-3 0  9993
2 68510  53.1589 203.6945 0001354  85.3818 274.7339 15.34413745 29955
0 YAOGAN-34
1 48340U 21037A   26283.62637804 -.00000208  00000-0 -19739-3 0  9993
2 48340  63.4033 209.8757 0050790 353.7104   6.3279 13.45438694267539
0 STARLINK-37066
1 68081U 26042N   26283.62630341  .00028865  00000-0  86192-3 0  9991
2 68081  53.1596 253.9121 0001357  76.8020 283.3134 15.34407952 35301
0 STARLINK-34468
1 64424U 25129N   26283.62629004  .00015439  00000-0  52660-3 0  9993
2 64424  70.0012 247.7019 0003105 271.6326  88.4494 15.30423857 73609
0 STARLINK-30566
1 58054U 23158D   26283.62628895  .00000430  00000-0  25157-4 0  9999
2 58054  42.9997 253.0442 0001259 261.6612  98.4097 15.27580314166449
0 ONEWEB-0228
1 48780U 21045P   26283.62626112  .00000190  00000-0  46936-3 0  9997
2 48780  87.9030 236.1822 0001850  79.2282 280.9057 13.15549275259508
0 STARLINK-4786
1 55393U 23014C   26283.62625032 -.00000770  00000-0 -56792-4 0  9991
2 55393  70.0015 242.4201 0002379 273.5780  86.5107 14.98316581204254
0 YAOGAN-40 01B
1 57832U 23139C   26283.62620169  .00000138  00000-0  64348-4 0  9997
2 57832  85.9959 208.1359 0002074  87.6464 272.4956 14.12465833159005
0 KUIPER-00420
1 68932U 26098P   26283.62618342  .00002514  00000-0  35864-3 0  9997
2 68932  51.9002 255.1597 0000707  61.7477 298.3556 14.79934642 24752
0 STARLINK-32452
1 61961U 24210C   26283.62617516  .00015970  00000-0  58793-3 0  9994
2 61961  43.0034  38.8902 0001355 281.7662  78.3037 15.27618146107866
0 YAOGAN-40 01C
1 57833U 23139D   26283.62613071  .00000137  00000-0  64285-4 0  9991
2 57833  85.9964 207.4276 0002828  80.6296 279.5207 14.12466916159106
0 STARLINK-30592
1 58102U 23161F   26283.62611352 -.00020018  00000-0 -58156-3 0  9997
2 58102  53.1618 243.3251 0001202 104.2431 255.8705 15.34470992167383
0 YAOGAN-40 01A
1 57830U 23139A   26283.62604924  .00000096  00000-0  41958-4 0  9991
2 57830  85.9961 208.1596 0002029  88.7223 271.4192 14.12466324158998
0 STARLINK-35286
1 65803U 25218N   26283.62596860  .00022215  00000-0  68798-3 0  9996
2 65803  97.2819 140.6477 0002851  91.4821 268.6748 15.33461417 57413
0 ONEWEB-0233
1 48795U 21045AE  26283.62596748  .00000170  00000-0  41847-3 0  9998
2 48795  87.9019 236.2180 0001633  76.6431 283.4881 13.15549090259479
0 YAOGAN-30 K
1 43170U 18011B   26283.62596675  .00002324  00000-0  17085-3 0  9998
2 43170  34.9950 167.1359 0004248 268.2643  91.7579 15.03105721475524
0 STARLINK-3355
1 50808U 22001F   26283.62595698  .00000233  00000-0  19282-4 0  9991
2 50808  53.1587 258.0640 0001211  83.1312 276.9827 15.31707307263219
0 STARLINK-5476
1 57258U 23094AS  26283.62593101  .00000270  00000-0  19346-4 0  9999
2 57258  43.0042 245.8751 0001243 266.2515  93.8195 15.27578493180118
0 STARLINK-6250
1 57230U 23094N   26283.62592600 -.00000373  00000-0 -40458-5 0  9997
2 57230  43.0021 257.1774 0000958 269.2472  90.8269 15.27571393179987
0 IRIDIUM 109
1 41919U 17003C   26283.62583154  .00000219  00000-0  71251-4 0  9992
2 41919  86.3990  40.2224 0002096  94.6252 265.5183 14.34218946509747
0 STARLINK-5036
1 53917U 22119AH  26283.62580547 -.00004603  00000-0 -13656-3 0  9997
2 53917  53.1607  30.1188 0001206  79.3337 280.7800 15.31717340224826
0 QIANFAN-44
1 62245U 24232J   26283.62578704  .00000109  00000-0  14963-3 0  9998
2 62245  89.0175  10.8051 0014681  48.7775 311.4639 13.51033809140098
0 STARLINK-37268
1 68747U 26082V   26283.62577610  .00018866  00000-0  58508-3 0  9993
2 68747  97.2833 145.5507 0002634  81.0398 279.1143 15.33450837 27394
0 QIANFAN-22
1 61555U 24185D   26283.62577566  .00000108  00000-0  81638-4 0  9996
2 61555  88.9866  46.1873 0007890 140.2680 219.9070 13.86435903110768
0 ONEWEB-0370
1 49296U 21090T   26283.62576606  .00000037  00000-0  59961-4 0  9995
2 49296  87.9167 251.4075 0001900  90.7781 269.3570 13.20773194245107
0 STARLINK-33910
1 63916U 25095AC  26283.62562390  .00007822  00000-0  29347-3 0  9997
2 63916  43.0007  42.0062 0000513 256.5798 103.4996 15.27579749 80653
0 STARLINK-2682
1 48440U 21040N   26283.62558945  .00009376  00000-0  31346-3 0  9997
2 48440  53.1567 257.8104 0001195  93.4888 266.6250 15.31704440299615
0 QIANFAN-26
1 61559U 24185H   26283.62556472  .00000142  00000-0  12881-3 0  9994
2 61559  88.9872  47.1811 0006443 161.7192 198.4208 13.77951793110248
0 QIANFAN-82
1 63168U 25046K   26283.62551860  .00000070  00000-0  90480-4 0  9997
2 63168  88.9624 288.5547 0011966 345.5069  14.5737 13.51023284 88234
0 KUIPER-00016
1 63732U 25088J   26283.62546904  .00000526  00000-0  98063-4 0  9994
2 63732  51.9003 240.1243 0000870  51.4591 308.6450 14.79934598 79176
0 STARLINK-11379
1 62089U 24220B   26283.62533752  .00248906  00000-0  18839-2 0  9999
2 62089  43.0009 187.8101 0001354 267.6279  92.4434 15.70863901108758
0 STARLINK-32690
1 62453U 24251X   26283.62532340  .00033549  00000-0  99890-3 0  9992
2 62453  53.1604  53.5682 0001419  90.3968 269.7197 15.34422666100528
0 GLOBALSTAR M039
1 25961U 99062A   26283.62530016 -.00000070  00000-0  18806-3 0  9997
2 25961  51.9837 245.3547 0002914 342.5446  17.5320 12.62353647240892
0 STARLINK-31094
1 58593U 23200E   26283.62528569  .00000120  00000-0  13898-4 0  9997
2 58593  43.0041  34.9129 0000894 259.8383 100.2368 15.27576170156486
0 STARLINK-34879
1 65377U 25190AC  26283.62517945  .00019953  00000-0  60015-3 0  9997
2 65377  53.1602 247.6286 0001860  84.1767 275.9448 15.34397744 62699
0 FENGYUN 1C DEB
1 30398U 99025ADM 26283.62517457  .00000247  00000-0  25917-3 0  9996
2 30398  99.6941 192.3338 0171944 228.4864 251.7342 13.78951480989176
0 KUIPER-00091
1 64836U 25151W   26283.62512135  .00003065  00000-0  43082-3 0  9991
2 64836  51.9012  52.6739 0000632 136.2287 223.8725 14.79936644 67374
0 STARLINK-1152
1 45096U 20006BE  26283.62502116  .00098738  00000-0  10184-2 0  9997
2 45096  53.0244 253.1011 0003625  91.2879 268.8550 15.64036226370941
0 QIANFAN-31
1 61564U 24185N   26283.62500630  .00000011  00000-0 -14442-5 0  9998
2 61564  88.9846  49.0815 0006158 213.7668 146.3096 13.58069333109131
0 STARLINK-37664
1 69044U 26101V   26283.62491438  .00017040  00000-0  52867-3 0  9994
2 69044  97.2819 136.8319 0002867  83.2201 276.9368 15.33459210 24269
0 STARLINK-36789
1 68118U 26044T   26283.62490716  .00046050  00000-0  14185-2 0  9992
2 68118  97.2825 242.3176 0002298  81.9952 278.1552 15.33477373 34526
0 STARLINK-34023
1 63875U 25094M   26283.62488358  .00024490  00000-0  85331-3 0  9996
2 63875  70.0021  47.5367 0003397 268.5922  91.4864 15.29589990 79510
0 STARLINK-31062
1 58590U 23200B   26283.62479287 -.00003441  00000-0 -11552-3 0  9991
2 58590  43.0058  38.3203 0001801 273.1996  86.8650 15.27588708156449
0 STARLINK-31636
1 59747U 24090T   26283.62475809  .00002038  00000-0  83597-4 0  9998
2 59747  43.0048  49.4817 0001448 271.3418  88.7268 15.27572383136315
0 STARLINK-37334
1 68700U 26081B   26283.62475487  .00016738  00000-0  50527-3 0  9999
2 68700  53.1577 111.9625 0001284  96.0032 264.1117 15.34408791 27701
0 STARLINK-32737
1 62444U 24251N   26283.62474659  .00032335  00000-0  96347-3 0  9996
2 62444  53.1616  51.4348 0000976 103.4121 256.6990 15.34418040100933
0 STARLINK-34738
1 64951U 25158V   26283.62472944  .00021097  00000-0  65419-3 0  9992
2 64951  97.2848 141.6952 0002149 104.1099 256.0383 15.33433423 67790
0 STARLINK-33575
1 62760U 25015C   26283.62468966  .00033464  00000-0  99578-3 0  9993
2 62760  53.1605  39.4658 0002640  83.5864 276.5440 15.34441321 96690
0 STARLINK-37062
1 68087U 26042U   26283.62467221  .00012785  00000-0  38880-3 0  9997
2 68087  53.1597 255.3173 0001903  79.2602 280.8615 15.34406873 35285
0 STARLINK-11654
1 63265U 25053A   26283.62466359  .00189944  00000-0  14465-2 0  9996
2 63265  43.0000 256.6295 0002385 283.3819  76.6783 15.70899464 91479
0 STARLINK-33921
1 65934U 25225AA  26283.62459961  .00025161  00000-0  75336-3 0  9998
2 65934  53.1586 245.3367 0001816  87.5428 272.5782 15.34397353 56453
0 GAOFEN 12 04
1 57654U 23123A   26283.62453723  .00000858  00000-0  12056-3 0  9999
2 57654  97.9081 199.8765 0003812  97.0547 263.1099 14.79900059169701
0 ONEWEB-0632
1 56073U 23043AD  26283.62452859  .00000070  00000-0  15141-3 0  9997
2 56073  87.9022 236.1989 0002061  75.9104 284.2256 13.15549396171604
0 STARLINK-4084
1 52657U 22053B   26283.62448701  .00000336  00000-0  22613-4 0  9990
2 52657  53.1600 252.0887 0001539  87.8550 272.2628 15.31702590244096
0 LEMUR-2 CARROLLEMO
1 68489U 26067CB  26283.62437763  .00002998  00000-0  29967-3 0  9999
2 68489  97.7675 240.0091 0003571  62.1392 298.0188 14.92206024 28931
0 QIANFAN-192
1 69410U 26125K   26283.62434861  .00000029  00000-0  25942-4 0  9998
2 69410  88.9895 268.2640 0002597  93.5824 266.5624 13.51020207 17539
0 STARLINK-33955
1 63902U 25095N   26283.62433966  .00026186  00000-0  95701-3 0  9999
2 63902  43.0009  41.9991 0001160 275.0327  85.0392 15.27604236 80657
0 ORBCOMM FM 15
1 25418U 98046F   26283.62431893  .00000724  00000-0  27358-3 0  9995
2 25418  44.9964  55.1618 0005687 192.7178 167.3528 14.39859086473464
0 STARLINK-37685
1 69373U 26123W   26283.62420237  .00025271  00000-0  75631-3 0  9991
2 69373  53.1594  47.3143 0001610  98.6513 261.4672 15.34409452 19969
0 STARLINK-1351
1 45697U 20035AS  26283.62417204  .00114633  00000-0  55953-3 0  9996
2 45697  53.0346  42.3826 0001575 252.4984 107.5866 15.81522781353083
0 STARLINK-35780
1 66974U 25288R   26283.62415031  .00027362  00000-0  99922-3 0  9994
2 66974  43.0006 249.2048 0000823  48.9177 311.1746 15.27611319 48163
0 STARLINK-2417
1 48096U 21027E   26283.62411273  .00040550  00000-0  12465-2 0  9990
2 48096  53.1589 245.1685 0001922  69.3213 290.7995 15.33322676305444
0 STARLINK-35521
1 65916U 25225G   26283.62411221  .00022673  00000-0  68000-3 0  9990
2 65916  53.1602 243.9187 0001640  90.1533 269.9657 15.34407197 57368
0 QIANFAN-237
1 69866U 26155U   26283.62411017  .00000084  00000-0  11086-3 0  9998
2 69866  89.0129  51.6604 0001876  94.4508 265.6857 13.51037042 13469
0 STARLINK-36214
1 67129U 25299AD  26283.62410080  .00020166  00000-0  73969-3 0  9996
2 67129  43.0002  35.4972 0000532 222.1336 137.9474 15.27608375 45980
0 ONEWEB-0524
1 54142U 22138AF  26283.62408230  .00000068  00000-0  13487-3 0  9998
2 54142  87.9169 251.4060 0001781 108.5185 251.6142 13.20770391194548
0 STARLINK-36397
1 67538U 26014G   26283.62393607  .00030240  00000-0  93520-3 0  9990
2 67538  97.2841 168.7233 0001905  98.4474 261.6984 15.33446632 41720
0 STARLINK-37118
1 68299U 26057F   26283.62393410  .00024916  00000-0  77135-3 0  9991
2 68299  97.2876  48.6767 0000631 294.4849  65.6328 15.33453726 31590
0 STARLINK-32578
1 61979U 24210W   26283.62391720  .00015343  00000-0  56575-3 0  9999
2 61979  42.9998  45.7878 0001268 270.1396  89.9310 15.27589528107795
0 QIANFAN-220
1 69849U 26155B   26283.62388689  .00000086  00000-0  11493-3 0  9991
2 69849  89.0130  51.7173 0033082 312.6730  47.1635 13.50936916 13442
0 STARLINK-32342
1 61217U 24171T   26283.62385685  .00001609  00000-0  63574-4 0  9991
2 61217  53.1606  42.8394 0000441  92.7805 267.3247 15.31707027116204
0 STARLINK-34660
1 64800U 25150L   26283.62383535  .00692813  00000-0  51583-1 0  9999
2 64800  70.0003 312.4601 0003183 273.0916  86.9880 15.00543713 68710
0 STARLINK-31208
1 59037U 24038Q   26283.62382840 -.00000385  00000-0 -44864-5 0  9994
2 59037  43.0020 253.6578 0000793 280.8681  79.2082 15.27578359147689
0 IRIDIUM 115
1 42806U 17039D   26283.62374715  .00000135  00000-0  34241-4 0  9993
2 42806  86.4438 273.8225 0002101  88.2056 271.9386 14.43280953490915
0 STARLINK-11564
1 62913U 25027G   26283.62368210  .00154771  00000-0  11850-2 0  9998
2 62913  42.9992 132.2928 0002077 257.3982 102.6654 15.70885385 96950
0 GAOFEN 9 02
1 45625U 20034B   26283.62362154  .00003489  00000-0  13438-3 0  9997
2 45625  97.5885  82.6720 0012899  28.8577 331.3373 15.26985463353774
0 STARLINK-32450
1 61969U 24210L   26283.62359932  .00021668  00000-0  79401-3 0  9997
2 61969  42.9976  38.8689 0000490 139.9913 220.0975 15.27605227107730
0 STARLINK-34478
1 64435U 25129Z   26283.62356509  .00020737  00000-0  70524-3 0  9998
2 64435  70.0010 247.6886 0002985 273.2549  86.8285 15.30426819 73544
0 YAOGAN 21
1 40143U 14053A   26283.62353833  .00008012  00000-0  29913-3 0  9997
2 40143  97.1366 318.9376 0009259  51.2205 308.9861 15.27596588672571
0 KUIPER-00412
1 68927U 26098J   26283.62349061  .00001872  00000-0  27444-3 0  9991
2 68927  51.9029 257.7276 0000835  60.1978 299.9068 14.79934037 24717
0 STARLINK-5513
1 57251U 23094AK  26283.62336429 -.00000532  00000-0 -97991-5 0  9996
2 57251  43.0051 245.8592 0001851 274.4292  85.6348 15.27576181180113
0 STARLINK-6233
1 57229U 23094M   26283.62335253 -.00000703  00000-0 -16018-4 0  9995
2 57229  43.0014 257.1603 0000866 251.5253 108.5505 15.27577829179987
0 IRIDIUM 33 DEB
1 38022U 97051YJ  26283.62332156  .00002382  00000-0  69536-3 0  9993
2 38022  86.2654 243.9630 0045225 129.1601 231.3632 14.43113143735452
0 GAOFEN 9 05
1 46232U 20058A   26283.62322396  .00010070  00000-0  31192-3 0  9993
2 46232  97.1975 320.9121 0009434  51.1410 309.0673 15.33592503341290
0 STARLINK-2481
1 48138U 21027AY  26283.62320576 -.00002573  00000-0 -71186-4 0  9994
2 48138  53.1610 247.4622 0001331  91.0997 269.0157 15.31699834305414
0 QIANFAN-62
1 62792U 25016H   26283.62317889  .00000056  00000-0  67398-4 0  9993
2 62792  88.9691  71.7364 0016036 184.8735 175.2263 13.51028330 87994
0 STARLINK-34680
1 65356U 25190F   26283.62307657  .00018218  00000-0  54885-3 0  9992
2 65356  53.1599 247.6244 0001607  85.7828 274.3358 15.34408559 62228
0 STARLINK-35874
1 66962U 25288D   26283.62301023  .00026414  00000-0  96510-3 0  9993
2 66962  43.0035 250.0584 0000534 342.7167  17.3666 15.27609349 48155
0 YAOGAN-35 04A
1 53522U 22100A   26283.62293991  .00009803  00000-0  40679-3 0  9993
2 53522  35.0112  45.9233 0008729 236.8168 123.1710 15.23062783230879
0 ONEWEB-0221
1 48789U 21045Y   26283.62293922  .00000177  00000-0  43540-3 0  9998
2 48789  87.9030 236.1859 0001743  75.7173 284.4151 13.15549163259553
0 STARLINK-11642
1 63188U 25048F   26283.62284064  .00211862  00000-0  16129-2 0  9999
2 63188  42.9975 104.4341 0001189 275.5049  84.5683 15.70838991 92323
0 QIANFAN-77
1 63163U 25046E   26283.62283676  .00000095  00000-0  59323-4 0  9997
2 63163  88.9635 284.2828 0013522 210.8202 149.2182 13.96250665 90573
0 KUIPER-00035
1 63748U 25088AA  26283.62277126  .00001295  00000-0  19882-3 0  9993
2 63748  51.9002 242.6516 0000792  61.0110 299.0932 14.79930704 79352
0 STARLINK-35214
1 65747U 25216P   26283.62265453  .00035898  00000-0  10677-2 0  9995
2 65747  53.1612  51.5060 0001629  84.3853 275.7335 15.34425080 59496
0 STARLINK-33601
1 62768U 25015L   26283.62258284  .00028073  00000-0  83812-3 0  9995
2 62768  53.1582  39.4817 0001784 101.4502 258.6701 15.34428377 97458
0 FENGYUN 1C DEB
1 30823U 99025AVH 26283.62254955  .00000264  00000-0  18368-3 0  9991
2 30823  98.8056  59.0310 0132419 320.9753 101.7762 14.02854609  2578
0 STARLINK-34467
1 64423U 25129M   26283.62254584  .00013546  00000-0  47466-3 0  9994
2 64423  70.0020 247.6901 0002914 271.2686  88.8155 15.29590521 73607
0 GAOFEN 6
1 43484U 18048A   26283.62252397  .00001033  00000-0  15577-3 0  9996
2 43484  98.0855 346.4735 0011162 153.0970 207.0821 14.76462429450428
0 STARLINK-2476
1 48134U 21027AU  26283.62252381 -.00000235  00000-0  41895-5 0  9995
2 48134  53.1621 244.9511 0001643 109.5441 250.5738 15.31700922305440
0 JILIN-01 KUANFU 02B 5
1 61193U 24169E   26283.62251044  .00002879  00000-0  18314-3 0  9993
2 61193  97.5549  11.5514 0011647 251.8981 108.0979 15.09551545113246
0 STARLINK-30548
1 58046U 23156U   26283.62250045  .00000753  00000-0  33449-4 0  9997
2 58046  53.1611 245.3318 0001811  94.1963 265.9247 15.34384906167957
0 ONEWEB-0672
1 55831U 23029AM  26283.62241559  .00000069  00000-0  13770-3 0  9999
2 55831  87.9172 251.4032 0002134  87.2786 272.8592 13.20771957176385
0 GAOFEN 1-03
1 43260U 18031B   26283.62230610  .00000570  00000-0  89258-4 0  9997
2 43260  98.0394 345.5898 0003914  70.1526 290.0105 14.76471404459722
0 STARLINK-36850
1 68119U 26044U   26283.62219802  .00023561  00000-0  72979-3 0  9996
2 68119  97.2851 242.3229 0001857  97.9031 262.2422 15.33446310 34527
0 STARLINK-37067
1 68086U 26042T   26283.62209206  .00016489  00000-0  49792-3 0  9992
2 68086  53.1581 253.8693 0001768  94.9963 265.1242 15.34409170 35308
0 STARLINK-5504
1 57262U 23094AW  26283.62207494  .00000392  00000-0  23781-4 0  9994
2 57262  43.0053 245.8463 0001622 266.7204  93.3462 15.27579173180114
0 STARLINK-5283
1 55396U 23014F   26283.62205943  .00000014  00000-0  89838-5 0  9996
2 55396  69.9991 242.3946 0003300 271.0362  89.0419 14.98330762204257
0 YAOGAN 25B
1 40339U 14080B   26283.62205406 -.00000137  00000-0 -51044-4 0  9999
2 40339  63.3903  13.4501 0377036   9.5187 351.2728 13.45440398581165
0 TIANMU-1 05
1 55975U 23039C   26283.62203640  .00016565  00000-0  29511-3 0  9996
2 55975  97.5241 101.9965 0003203  67.7347 292.4243 15.50188297198688
0 STARLINK-32031
1 60142U 24120H   26283.62201969 -.00000489  00000-0 -33417-5 0  9994
2 60142  53.1601  37.3071 0000801  98.7971 261.3123 15.34395929129428
0 STARLINK-34694
1 66189U 25243N   26283.62201689  .00015841  00000-0  47881-3 0  9991
2 66189  53.1581 325.3059 0001347  77.5560 282.5593 15.34411923 53585
0 YAOGAN-30 A
1 42945U 17058A   26283.62198368  .00002972  00000-0  21485-3 0  9992
2 42945  34.9982  44.9450 0001357  68.7967 291.2886 15.03639568493273
0 STARLINK-33619
1 63324U 25057T   26283.62197042  .00016677  00000-0  61390-3 0  9998
2 63324  42.9994 256.5768 0000619 261.9398  98.1383 15.27594877 88654
0 STARLINK-11676
1 63757U 25089G   26283.62196323  .00289776  00000-0  21618-2 0  9994
2 63757  42.9997  76.2647 0005012 297.3426  62.6931 15.71075282 83830
0 STARLINK-30600
1 58100U 23161D   26283.62193295  .00001885  00000-0  66966-4 0  9994
2 58100  53.1609 243.2910 0001771  83.1135 277.0069 15.34383375167386
0 STARLINK-35777
1 66975U 25288S   26283.62173866  .00027472  00000-0  10037-2 0  9993
2 66975  43.0043 250.0482 0000445 348.8868  11.1974 15.27594829 48151
0 FENGYUN 1C DEB
1 29885U 99025GF  26283.62158774  .00000195  00000-0  11611-3 0  9996
2 29885  98.3677 204.3219 0118496  15.9939 102.9438 14.13741353 17232
0 STARLINK-3944
1 52544U 22051M   26283.62157385  .00004015  00000-0  14112-3 0  9990
2 52544  53.1598 240.3691 0001317  87.5818 272.5334 15.31690459243937
0 YAOGAN-32 A
1 43642U 18077A   26283.62145350  .00000480  00000-0  10210-3 0  9998
2 43642  98.1408 310.7453 0001468 101.0258 259.1109 14.63286433426728
0 STARLINK-34245
1 64193U 25113Z   26283.62145326  .00024576  00000-0  73619-3 0  9998
2 64193  53.1581 167.7229 0001290  86.0309 274.0842 15.34395931 78005
0 IRIDIUM 153
1 43078U 17083J   26283.62138166  .00000191  00000-0  61148-4 0  9990
2 43078  86.3948 242.1832 0002261  82.3778 277.7675 14.34218092461826
0 ONEWEB-0224
1 48794U 21045AD  26283.62134282  .00000160  00000-0  38990-3 0  9992
2 48794  87.9020 236.2130 0001314 102.5111 257.6167 13.15549449259451
0 YAOGAN-32 B
1 43643U 18077B   26283.62130867  .00000452  00000-0  96685-4 0  9996
2 43643  98.1411 310.7059 0005026 205.7908 154.3044 14.63287247426710
0 STARLINK-37115
1 68297U 26057D   26283.62121415  .00027477  00000-0  84949-3 0  9999
2 68297  97.2879  48.6807 0002404  97.7367 262.4149 15.33475114 31598
0 STARLINK-11593
1 63318U 25057M   26283.62116758  .00192357  00000-0  14594-2 0  9999
2 63318  43.0008  48.7331 0001854 243.0681 116.9997 15.70982504 91010
0 TIANMU-1 20
1 58661U 23208B   26283.62106230  .00008869  00000-0  26917-3 0  9991
2 58661  97.4554  41.4659 0005473 268.3137  91.7479 15.34324524155113
0 STARLINK-34870
1 65370U 25190V   26283.62098462  .00033628  00000-0  10021-2 0  9994
2 65370  53.1595 247.6131 0001262  95.2578 264.8568 15.34395582 62228
0 STARLINK-31620
1 59460U 24068F   26283.62080085  .00000121  00000-0  13927-4 0  9994
2 59460  43.0012 257.2422 0001057 265.5929  94.4802 15.27575973141432
0 YAOGAN-30 L
1 43171U 18011C   26283.62073329  .00002357  00000-0  17330-3 0  9994
2 43171  34.9942 166.9165 0002531 273.9730  86.0689 15.03099317475590
0 ONEWEB-0360
1 49286U 21090H   26283.62071412  .00000069  00000-0  13831-3 0  9999
2 49286  87.9168 251.4092 0001926  85.0746 275.0607 13.20770693245085
0 STARLINK-33570
1 62776U 25015U   26283.62048348  .00029871  00000-0  89101-3 0  9996
2 62776  53.1589  39.4664 0001191  78.6510 281.4627 15.34423671 97396
0 STARLINK-36324
1 68091U 26042Y   26283.62046309  .00021110  00000-0  63405-3 0  9995
2 68091  53.1568 255.3072 0001157 101.8502 258.2631 15.34405222 35282
0 STARLINK-35539
1 65915U 25225F   26283.62038617  .00034579  00000-0  10311-2 0  9992
2 65915  53.1599 245.3340 0001568  76.1014 284.0163 15.34361425 57347
0 FENGYUN 1C DEB
1 30160U 99025TR  26283.62031575  .00000646  00000-0  83674-3 0  9992
2 30160  98.8978 202.4356 0343075  86.4579  31.7799 13.43289948964662
0 STARLINK-11410
1 61946U 24209H   26283.62017451  .00264589  00000-0  21022-2 0  9993
2 61946  53.1582  31.8411 0001271 162.4001 197.7061 15.69912813110474
0 QIANFAN-188
1 69406U 26125F   26283.62017362  .00000035  00000-0  35699-4 0  9993
2 69406  88.9891 268.2584 0002460  93.5040 266.6392 13.51018654 17532
0 STARLINK-31080
1 58603U 23200Q   26283.62014488 -.00000400  00000-0 -50328-5 0  9992
2 58603  43.0031  34.8657 0000873 276.7591  83.3162 15.27576165156294
0 KUIPER-00587
1 69275U 26118J   26283.62008450  .00000310  00000-0  69631-4 0  9996
2 69275  51.8993 245.2210 0001000  67.0321 293.0746 14.79930880 21320
0 STARLINK-32560
1 61982U 24210Z   26283.62005957  .00020992  00000-0  76953-3 0  9995
2 61982  42.9996  45.7586 0001428 267.3311  92.7378 15.27607736107750
0 QIANFAN-236
1 69865U 26155T   26283.62003300  .00000087  00000-0  11568-3 0  9997
2 69865  89.0129  51.6963 0001861  95.3477 264.7886 13.51035923 13452
0 STARLINK-32707
1 62478U 24254S   26283.62003206  .00029540  00000-0  10776-2 0  9997
2 62478  43.0031 242.5659 0000314  42.0815 318.0060 15.27614505100523
0 STARLINK-11387
1 62090U 24220C   26283.62002576  .00240651  00000-0  18123-2 0  9991
2 62090  43.0003 187.7675 0003350 306.1489  53.9069 15.71006307108856
0 STARLINK-30863
1 59027U 24038E   26283.61997862 -.00000241  00000-0  76872-6 0  9993
2 59027  43.0011 253.6472 0001054 272.4426  87.6305 15.27575104147514
0 STARLINK-30596
1 58110U 23161P   26283.61991069 -.00001147  00000-0 -22814-4 0  9996
2 58110  53.1589 243.9943 0001383  88.5714 271.5447 15.34389632167378
0 TIANMU-1 21
1 58662U 23208C   26283.61977148  .00010808  00000-0  30128-3 0  9990
2 58662  97.4620  44.6787 0005492 259.5269 100.5356 15.36941197155288
0 ONEWEB-0230
1 48769U 21045C   26283.61976826  .00000135  00000-0  32568-3 0  9998
2 48769  87.9028 236.1930 0002087  76.9861 283.1502 13.15549030259848
0 QIANFAN-152
1 69111U 26108H   26283.61962371  .00000133  00000-0  18756-3 0  9998
2 69111  89.0200  10.5248 0001932  95.7224 264.4147 13.51024924 20037
0 STARLINK-5517
1 57249U 23094AH  26283.61949683  .00000260  00000-0  18981-4 0  9991
2 57249  43.0057 245.7693 0001439 291.4890  68.5808 15.27576455180117
0 STARLINK-6350
1 57226U 23094J   26283.61949339  .00000235  00000-0  18075-4 0  9990
2 57226  43.0017 257.1288 0000959 258.2799 101.7945 15.27578690179988
0 IRIDIUM 103
1 41918U 17003B   26283.61947572  .00000191  00000-0  61091-4 0  9998
2 41918  86.3986  40.1636 0002076  89.7822 270.3611 14.34217575509773
0 STARLINK-36868
1 68120U 26044V   26283.61946591  .00030609  00000-0  94541-3 0  9999
2 68120  97.2850 242.3276 0001658  88.8803 271.2630 15.33484475 34520
0 STARLINK-11659
1 63266U 25053B   26283.61935634  .00169857  00000-0  12992-2 0  9997
2 63266  43.0008 256.5854 0001617 289.1827  70.8866 15.70861599 91474
0 STARLINK-37937
1 69944U 26157B   26283.61933223  .00035183  00000-0  10482-2 0  9990
2 69944  53.1606 239.5289 0001647  91.3025 268.8166 15.34379768 14466
0 STARLINK-32248
1 61219U 24171V   26283.61918573  .00000713  00000-0  34729-4 0  9995
2 61219  53.1625  42.8056 0001364  88.3925 271.7232 15.31709062116205
0 STARLINK-4734
1 53790U 22111T   26283.61912716  .00043870  00000-0  42212-3 0  9991
2 53790  53.1595   1.5680 0003014  29.2345 330.8839 15.66133631226523
0 YAOGAN-31 E
1 47533U 21007B   26283.61911921 -.00000247  00000-0 -23837-3 0  9994
2 47533  63.4028 205.4468 0186701   1.0735 359.0656 13.45454541279766
0 YAOGAN-31 D
1 47532U 21007A   26283.61911328 -.00000245  00000-0 -23536-3 0  9998
2 47532  63.4033 206.4470 0186249   0.9498 359.1847 13.45454304279766
0 STARLINK-4294
1 53176U 22083AW  26283.61909147 -.00001356  00000-0 -31958-4 0  9992
2 53176  53.1594 249.1358 0001226  97.6576 262.4565 15.31686807234211
0 ONEWEB-0530
1 55796U 23029A   26283.61903565  .00000086  00000-0  17865-3 0  9998
2 55796  87.9158 251.4263 0002398  84.7062 275.4345 13.20770855176387
0 STARLINK-32915
1 63152U 25043W   26283.61902029  .00024988  00000-0  91376-3 0  9991
2 63152  43.0037 249.2446 0000502 358.2185   1.8665 15.27606821 90155
0 STARLINK-35781
1 67110U 25299J   26283.61896566  .00027129  00000-0  99062-3 0  9990
2 67110  43.0019  35.4672 0000886 266.4682  93.6069 15.27617070 45982
0 FENGYUN 1C DEB
1 30540U 99025AKE 26283.61895441  .00003706  00000-0  12989-2 0  9993
2 30540  98.8907  44.9992 0050958 254.0893 116.7212 14.34971801 16128
0 QIANFAN-61
1 62791U 25016G   26283.61893471  .00000051  00000-0  60371-4 0  9996
2 62791  88.9743  72.0303 0014711 184.1145 175.9887 13.51028961 88006
0 YAOGAN-31 F
1 47536U 21007E   26283.61893398 -.00000250  00000-0 -24275-3 0  9995
2 47536  63.4027 205.4649 0186317   1.0944 359.0454 13.45452458279743
0 YAOGAN 10
1 36834U 10038A   26283.61893380  .00000589  00000-0  74221-4 0  9997
2 36834  97.8932 306.0971 0001633  85.9591  66.8279 14.85628639874346
0 YAOGAN-30 X
1 48423U 21039A   26283.61891407  .00002512  00000-0  18439-3 0  9991
2 48423  34.9980  47.8490 0004466 322.4898  37.5499 15.03126070296924
0 STARLINK-11346
1 61697U 24195L   26283.61890398 -.00000353  00000-0  19425-5 0  9993
2 61697  53.1595  46.5169 0000764 105.6019 254.5083 15.69708891112790
0 STARLINK-32937
1 63148U 25043S   26283.61869358  .00025762  00000-0  94126-3 0  9990
2 63148  43.0031 242.3665 0001595 264.3818  95.6852 15.27620243 90236
0 STARLINK-30587
1 58064U 23158P   26283.61857626  .00000522  00000-0  28504-4 0  9996
2 58064  43.0009 252.9779 0001184 275.9223  84.1494 15.27577978166445
0 STARLINK-36355
1 68298U 26057E   26283.61849456  .00024983  00000-0  77293-3 0  9994
2 68298  97.2877  48.6818 0002494  93.6105 266.5422 15.33471607 31595
0 STARLINK-34047
1 63821U 25092T   26283.61846915  .00024633  00000-0  90124-3 0  9996
2 63821  43.0005  38.8716 0001308 258.6056 101.4649 15.27595999 81534
0 STARLINK-3934
1 52675U 22053V   26283.61838667 -.00000657  00000-0 -94217-5 0  9991
2 52675  53.1583 246.2584 0001910  80.6121 279.5097 15.31665410243798
0 STARLINK-31255
1 58893U 24020T   26283.61837697 -.00000032  00000-0  10178-4 0  9996
2 58893  53.1617  39.4178 0001378  82.9736 277.1424 15.34393855151048
0 STARLINK-11552
1 62907U 25027A   26283.61837141  .00157660  00000-0  12063-2 0  9991
2 62907  42.9983 132.2537 0001884 255.4993 104.5666 15.70893324 96995
0 STARLINK-31817
1 59731U 24090B   26283.61833922 -.00000300  00000-0 -13710-5 0  9997
2 59731  43.0046  49.4367 0001847 276.9738  83.0904 15.27574186136313
0 STARLINK-34891
1 65373U 25190Y   26283.61830698  .00019005  00000-0  57227-3 0  9994
2 65373  53.1610 245.4555 0001562  84.4304 275.6877 15.34395436 62204
0 IRIDIUM 33 DEB
1 33887U 97051BG  26283.61827637  .00000339  00000-0  10690-3 0  9996
2 33887  86.3041 233.2667 0005747 354.3712 130.3418 14.37455873925014
0 STARLINK-5490
1 57254U 23094AN  26283.61822095  .00001639  00000-0  69033-4 0  9999
2 57254  43.0055 245.8161 0001159 305.7583  54.3161 15.27593931180112
0 STARLINK-11609
1 63132U 25043A   26283.61816804  .00145300  00000-0  11148-2 0  9994
2 63132  43.0020  35.3051 0001905 256.3151 103.7505 15.70868047 93268
0 ONEWEB-0633
1 56074U 23043AE  26283.61816692  .00000058  00000-0  12081-3 0  9992
2 56074  87.9029 236.1847 0001506  76.1856 283.9441 13.15549633171588
0 QIANFAN-16
1 60394U 24140R   26283.61816664  .00000025  00000-0  19410-4 0  9998
2 60394  88.9673 268.0377 0016575  63.4705 296.8143 13.51025678107938
0 STARLINK-37132
1 68233U 26054B   26283.61814991  .00029404  00000-0  87691-3 0  9992
2 68233  53.1617   7.5110 0001413  95.6063 264.5101 15.34439018 32056
0 UME 1 (ISS 1)
1 08709U 76019A   26283.61813840 -.00000030  00000-0  24414-4 0  9992
2 08709  69.6723 255.5760 0009557 170.6629 297.5803 13.71753890532925
0 STARLINK-4760
1 53828U 22114L   26283.61811805  .00001492  00000-0  53665-4 0  9992
2 53828  53.1618  46.1894 0001207  82.8142 277.2998 15.35405326225455
0 STARLINK-37454
1 69375U 26123Y   26283.61798211  .00035224  00000-0  10479-2 0  9999
2 69375  53.1614  48.0191 0003065  90.9350 269.2004 15.34424610 19952
0 JILIN-01 KUANFU 01C
1 52443U 22048A   26283.61794684  .00002780  00000-0  17466-3 0  9994
2 52443  97.5172 358.6435 0016544 285.2151  74.7249 15.09972214244619
0 STARLINK-34120
1 63898U 25095J   26283.61791754  .00018675  00000-0  68614-3 0  9991
2 63898  43.0003  41.9502 0001408 261.9232  98.1460 15.27593828 80663
0 FENGYUN 1C DEB
1 30339U 99025ABA 26283.61790889  .00004798  00000-0  14722-2 0  9998
2 30339  98.9787  49.6279 0020975 260.2508 112.5486 14.42014340 17706
0 STARLINK-2471
1 48129U 21027AP  26283.61790547  .00001298  00000-0  53586-4 0  9997
2 48129  53.1598 245.2922 0001275 101.0392 259.0753 15.31703820305441
0 STARLINK-37036
1 68077U 26042J   26283.61788705  .00027235  00000-0  81405-3 0  9995
2 68077  53.1582 253.8595 0001521  74.1564 285.9606 15.34408151 35306
0 STARLINK-5274
1 55395U 23014E   26283.61788472 -.00000514  00000-0 -35277-4 0  9991
2 55395  69.9993 242.3682 0003827 265.6356  94.4366 14.98333706204253
0 STARLINK-31230
1 58890U 24020Q   26283.61781592 -.00000609  00000-0 -68711-5 0  9993
2 58890  53.1615  37.3147 0001613  97.9015 262.2171 15.34399598151071
0 STARLINK-30617
1 58104U 23161H   26283.61779734  .00004655  00000-0  14898-3 0  9999
2 58104  53.1598 243.7884 0001411  80.5786 279.5376 15.34364996167371
0 GLOBALSTAR M061
1 25964U 99062D   26283.61776381 -.00000089  00000-0 -14190-3 0  9999
2 25964  51.9820  32.9429 0006600 145.5558 228.3158 11.76779803177741
0 STARLINK-32936
1 63147U 25043R   26283.61773588  .00018139  00000-0  66666-3 0  9996
2 63147  43.0031 249.2875 0002268 270.4980  89.5612 15.27598452 90153
0 STARLINK-35906
1 67112U 25299L   26283.61767419  .00026970  00000-0  98490-3 0  9993
2 67112  43.0033  35.4507 0001044 255.8361 104.2375 15.27616989 45987
0 STARLINK-11119
1 60121U 24118J   26283.61767347 -.00000263  00000-0  26874-5 0  9992
2 60121  53.1587 241.4867 0001162  96.2405 263.8745 15.69710402131756
0 STARLINK-33802
1 64392U 25127Y   26283.61758798  .00014557  00000-0  53713-3 0  9997
2 64392  43.0015  46.3114 0001636 276.3978  83.6688 15.27600150 75385
0 QIANFAN-46
1 62247U 24232L   26283.61751642  .00000120  00000-0  16733-3 0  9993
2 62247  89.0175  11.0198 0015554  53.2386 307.0190 13.51033638139972
0 KUIPER-00572
1 69272U 26118F   26283.61737301  .00001823  00000-0  26809-3 0  9995
2 69272  51.9007 247.7235 0000711  62.0449 298.0585 14.79924688 21282
0 STARLINK-3459
1 51757U 22016AV  26283.61735351  .00000309  00000-0  20285-4 0  9991
2 51757  53.1614  45.3335 0001054  80.5773 279.5349 15.34390769256414
0 ONEWEB-0363
1 49289U 21090L   26283.61735335 -.00000016  00000-0 -71114-4 0  9995
2 49289  87.9167 251.4087 0002274  78.0199 282.1189 13.20772439245547
0 QIANFAN-74
1 63160U 25046B   26283.61734886  .00000009  00000-0 -49332-5 0  9993
2 63160  88.9623 288.5483 0001948  98.7209 261.4163 13.51018503 88230
0 FENGYUN 1C DEB
1 37065U 99025EEZ 26283.61729122  .00001423  00000-0  14930-2 0  9996
2 37065 103.2834 209.9158 0295978 308.8484  48.6565 13.60329848263057
0 STARLINK-37165
1 68287U 26055AB  26283.61728035  .00027358  00000-0  81749-3 0  9999
2 68287  53.1604  35.5078 0001701  80.8855 279.2340 15.34415449 32915
0 STARLINK-36218
1 69968U 26157AB  26283.61722034  .00022909  00000-0  68709-3 0  9990
2 69968  53.1600 239.5012 0001775  74.9077 285.2122 15.34399123 14468
0 STARLINK-34091
1 63808U 25092E   26283.61718266  .00020549  00000-0  75368-3 0  9993
2 63808  43.0018  38.8658 0001202 271.5628  88.5086 15.27601522 81530
0 JILIN-01 GAOFEN 3H
1 46460U 20065G   26283.61703729  .00721539  26121-3  10578-2 0  9994
2 46460  97.1866 342.0409 0005149 223.1423 136.9456 16.05129375338116
0 STARLINK-31575
1 59471U 24068S   26283.61692932  .00001844  00000-0  76470-4 0  9990
2 59471  42.9979 257.2110 0000577 355.1983   4.8863 15.27591551141432
0 STARLINK-3919
1 52580U 22051AW  26283.61688625  .00000277  00000-0  20690-4 0  9990
2 52580  53.1599 240.1710 0001316  93.7152 266.4000 15.31695681243942
0 STARLINK-37193
1 68390U 26063L   26283.61684043  .00019361  00000-0  60013-3 0  9999
2 68390  97.2861  67.1306 0001064  83.8724 276.2640 15.33465297 31025
0 STARLINK-34710
1 65365U 25190Q   26283.61676125  .00022370  00000-0  67110-3 0  9999
2 65365  53.1601 247.5856 0001742  86.2514 273.8688 15.34405463 62229
0 STARLINK-34187
1 63956U 25099E   26283.61676081  .00021366  00000-0  78314-3 0  9994
2 63956  42.9942  42.6801 0000974 133.1871 226.9062 15.27602540 80205
0 STARLINK-36855
1 68121U 26044W   26283.61675064  .00039249  00000-0  12108-2 0  9991
2 68121  97.2850 242.3317 0002687  89.7467 270.4084 15.33467625 34528
0 ONEWEB-0238
1 48784U 21045T   26283.61674041  .00000078  00000-0  17223-3 0  9996
2 48784  87.9035 236.1743 0002129  96.4906 263.6467 13.15547365259559
0 FENGYUN 1C DEB
1 30709U 99025ART 26283.61672890  .00002853  00000-0  13240-2 0  9994
2 30709  99.1603 276.2858 0080928 131.6247 229.1898 14.19798734  2765
0 STARLINK-30556
1 58031U 23156D   26283.61665466  .00002448  00000-0  83594-4 0  9996
2 58031  53.1573 165.3502 0001340  85.5663 274.5493 15.34385515169130
0 STARLINK-5250
1 54200U 22141AV  26283.61665213 -.00082834  00000-0 -24509-2 0  9991
2 54200  53.1599  93.8231 0001312  93.9369 266.1783 15.34611448218659
0 STARLINK-36149
1 66969U 25288L   26283.61657772  .00016891  00000-0  62185-3 0  9993
2 66969  43.0019 250.0103 0001516 273.4750  86.5929 15.27584667 48155
0 LEMUR-2 CLARA
1 68483U 26067BV  26283.61657195  .00003287  00000-0  31872-3 0  9995
2 68483  97.7784 240.5861 0001384 269.4711  90.6350 14.93360144 28957
0 STARLINK-31630
1 59271U 24050T   26283.61655634  .00074205  00000-0  19374-2 0  9996
2 59271  53.1570 245.0024 0005135  84.4214 275.7375 15.38147427143704
0 ONEWEB-0367
1 49293U 21090Q   26283.61650910  .00000035  00000-0  53106-4 0  9995
2 49293  87.9169 251.4115 0001805  81.6391 278.4947 13.20770822245060
0 STARLINK-2119
1 47397U 21005BA  26283.61647906  .00053264  00000-0  11550-2 0  9992
2 47397  53.1525 135.9760 0001018  83.0898 277.0224 15.43912299316054
0 ONEWEB-0234
1 48783U 21045S   26283.61647684  .00000119  00000-0  28315-3 0  9998
2 48783  87.9035 236.1788 0001922 102.9054 257.2291 13.15549400259651
0 STARLINK-11649
1 64069U 25107F   26283.61638706  .00293746  00000-0  21974-2 0  9994
2 64069  43.0010 243.3338 0001630 299.6221  60.4484 15.71005975 81096
0 STARLINK-35316
1 65742U 25216J   26283.61634232  .00036757  00000-0  10921-2 0  9991
2 65742  53.1615  51.4705 0001465 103.7060 256.4106 15.34446221 58405
0 STARLINK-36388
1 68037U 26040Y   26283.61631508  .00030078  00000-0  92958-3 0  9991
2 68037  97.2844 230.7189 0003552  87.1043 273.0606 15.33464020 34401
0 STARLINK-31074
1 58601U 23200N   26283.61629145 -.00000306  00000-0 -15784-5 0  9993
2 58601  43.0047  34.8413 0001290 269.2056  90.8648 15.27578385156485
0 STARLINK-31209
1 58883U 24020H   26283.61627063 -.00000441  00000-0 -19045-5 0  9997
2 58883  53.1596  39.4123 0001121  91.5141 268.5990 15.34400862151044
0 STARLINK-32372
1 61960U 24210B   26283.61620717  .00012367  00000-0  45787-3 0  9995
2 61960  43.0024  45.7330 0001031 299.2901  60.7848 15.27600999107656
0 STARLINK-34826
1 65360U 25190K   26283.61620480  .00024972  00000-0  74762-3 0  9998
2 65360  53.1597 245.4556 0001574  82.5517 277.5664 15.34405081 62251
0 STARLINK-30904
1 58364U 23177P   26283.61619369  .00021431  00000-0  11966-2 0  9994
2 58364  42.9994 249.5332 0011008  94.7002 265.5101 15.13105577160715
0 STARLINK-30074
1 57508U 23113P   26283.61614392 -.00001068  00000-0 -29283-4 0  9993
2 57508  43.0053 242.4264 0002261 257.8965 102.1634 15.27585316176339
0 STARLINK-11576
1 62993U 25031N   26283.61612829  .00164475  00000-0  12531-2 0  9997
2 62993  43.0002 146.0508 0002404 296.7553  63.3068 15.70971463 96533
0 JILIN-01 GAOFEN 2F
1 49338U 21097A   26283.61612606  .00003717  00000-0  24201-3 0  9995
2 49338  97.6854  49.6832 0018176 189.0963 170.9939 15.08444309273715
0 QIANFAN-190
1 69408U 26125H   26283.61611453  .00000033  00000-0  33165-4 0  9999
2 69408  88.9875 268.2480 0002201  93.6911 266.4492 13.51019676 17536
0 STARLINK-1020
1 44725U 19074N   26283.61604396  .00065425  00000-0  50259-3 0  9995
2 44725  53.1482 248.1471 0004466  71.7084 288.4420 15.71450972381923
0 TIANMU-1 14
1 58648U 23205D   26283.61601183  .00005237  00000-0  19639-3 0  9998
2 58648  97.3363 302.5206 0005087 291.8164  68.2534 15.27656881155124
0 STARLINK-30368
1 57752U 23131W   26283.61590607 -.00000183  00000-0  28721-5 0  9999
2 57752  43.0007  38.8881 0000866 261.2993  98.7761 15.27579551172780
0 STARLINK-37376
1 69378U 26123AB  26283.61590108  .00030413  00000-0  90747-3 0  9999
2 69378  53.1603  48.0120 0001050  68.6175 291.4940 15.34404309 19953
0 ONEWEB-0214
1 48788U 21045X   26283.61581490 -.00000003  00000-0 -41477-4 0  9994
2 48788  87.9031 236.1801 0002182  71.6388 288.4979 13.15547303259467
0 ONEWEB-0377
1 49303U 21090AA  26283.61580427  .00000012  00000-0 -20485-5 0  9993
2 49303  87.9169 251.4059 0002246  80.0016 280.1370 13.20769940245751
0 STARLINK-32033
1 60144U 24120K   26283.61579776 -.00000902  00000-0 -15555-4 0  9991
2 60144  53.1624  37.9775 0001256  70.3625 289.7513 15.34394347129339
0 STARLINK-37099
1 68301U 26057H   26283.61577626  .00024802  00000-0  76738-3 0  9999
2 68301  97.2858  48.6879 0002767 103.5035 256.6517 15.33470115 31590
0 STARLINK-34768
1 65095U 25167T   26283.61571077  .00028665  00000-0  85482-3 0  9998
2 65095  53.1574  99.9865 0005103  83.0219 277.1364 15.34444542 66503
0 STARLINK-35519
1 65919U 25225K   26283.61569804  .00025004  00000-0  74888-3 0  9995
2 65919  53.1611 243.8614 0002138  81.2302 278.8943 15.34391689 57368
0 STARLINK-5514
1 57248U 23094AG  26283.61565115 -.00000255  00000-0  26942-6 0  9997
2 57248  43.0056 245.7983 0001088 291.2249  68.8487 15.27578512180115
0 STARLINK-5840
1 57231U 23094P   26283.61564639 -.00000466  00000-0 -74419-5 0  9995
2 57231  43.0006 257.0984 0000592 277.2527  82.8257 15.27572956179981
0 STARLINK-5499
1 55764U 23028Z   26283.61558543  .00000104  00000-0  16494-4 0  9993
2 55764  70.0011  42.6856 0003238 268.5144  91.5644 14.98330935198726
0 ONEWEB-0372
1 49298U 21090V   26283.61552907  .00000024  00000-0  26839-4 0  9998
2 49298  87.9169 251.4122 0001940  80.9757 279.1596 13.20772283245073
0 QIANFAN-153
1 69112U 26108J   26283.61550150  .00000132  00000-0  18620-3 0  9996
2 69112  89.0197  10.5008 0002141  99.1137 261.0256 13.51026033 20038
0 STARLINK-34114
1 63905U 25095R   26283.61549891  .00025689  00000-0  93916-3 0  9999
2 63905  43.0013  42.7997 0001333 272.2917  87.7782 15.27602586 80643
0 STARLINK-3458
1 51758U 22016AW  26283.61525049  .00000587  00000-0  28507-4 0  9996
2 51758  53.1615  45.3518 0000887  77.7140 282.3962 15.34408261257554
0 STARLINK-34480
1 64427U 25129R   26283.61520972  .00016269  00000-0  56929-3 0  9993
2 64427  70.0006 247.6587 0003285 271.9556  88.1243 15.29573661 73607
0 STARLINK-36962
1 68269U 26055H   26283.61517739  .00022737  00000-0  68166-3 0  9990
2 68269  53.1616  35.5000 0002575  88.2958 271.8339 15.34416539 32916
0 STARLINK-4081
1 52660U 22053E   26283.61516680  .00000317  00000-0  21987-4 0  9997
2 52660  53.1592 252.1545 0001185  87.7491 272.3646 15.31703762243791
0 STARLINK-32952
1 63146U 25043Q   26283.61516076  .00020645  00000-0  75699-3 0  9993
2 63146  43.0018 249.2459 0002739 273.7155  86.3383 15.27606056 90787
0 FENGYUN 1C DEB
1 31146U 99025BGY 26283.61514225  .00001506  00000-0  48937-3 0  9993
2 31146  99.0666 230.7088 0211406  14.4513 346.2588 14.28540237 10657
0 STARLINK-37928
1 69955U 26157N   26283.61511673  .00027420  00000-0  81972-3 0  9991
2 69955  53.1602 239.4892 0001804  94.5006 265.6203 15.34398835 14465
0 STARLINK-36188
1 67122U 25299W   26283.61510367  .00019998  00000-0  73372-3 0  9996
2 67122  43.0009  35.4325 0000840 258.7874 101.2883 15.27604130 45989
0 IRIDIUM 150
1 43257U 18030J   26283.61503936  .00000017  00000-0 -11614-5 0  9994
2 43257  86.3948 242.1797 0002052  85.7797 274.3633 14.34217462446708
0 ONEWEB-0678
1 56714U 23068E   26283.61501917  .00000085  00000-0  19161-3 0  9997
2 56714  87.9029 236.1895 0001798  71.3462 288.7864 13.15548561164465
0 STARLINK-34059
1 63872U 25094J   26283.61490446  .00022553  00000-0  78611-3 0  9994
2 63872  70.0017  47.5074 0003853 272.0682  88.0051 15.29599011 79523
0 QIANFAN-64
1 62794U 25016K   26283.61484482  .00000047  00000-0  53681-4 0  9998
2 62794  88.9685  71.6429 0014092 182.3493 177.7594 13.51028935 88024
0 FENGYUN 1C DEB
1 35243U 99025DRB 26283.61483113  .00016513  00000-0  13204-2 0  9998
2 35243  98.8791  46.2390 0049188   3.8104 356.3480 14.99351605955079
0 STARLINK-4450
1 53491U 22099AC  26283.61473462  .00075897  00000-0  20802-2 0  9998
2 53491  97.4581  51.9081 0000525  58.2335 301.8960 15.37013113229005
0 STARLINK-30544
1 58055U 23158E   26283.61472212 -.00000258  00000-0  13658-6 0  9993
2 58055  43.0000 252.9487 0000750 255.7891 104.2877 15.27578838166442
0 KUIPER-00590
1 69276U 26118K   26283.61469222  .00001848  00000-0  27129-3 0  9996
2 69276  51.9011 250.2593 0000779  42.8551 317.2472 14.79934466 21252
0 STARLINK-34028
1 63973U 25099X   26283.61467301  .00016475  00000-0  60643-3 0  9997
2 63973  42.9991  39.1932 0000916 285.4765  74.5986 15.27603803 80242
0 STARLINK-34869
1 65371U 25190W   26283.61465734  .00017238  00000-0  52006-3 0  9993
2 65371  53.1542 247.5683 0001739  81.3347 278.7852 15.34404394 62694
0 STARLINK-32523
1 62165U 24225C   26283.61465445  .00022800  00000-0  77481-3 0  9993
2 62165  69.9995 341.1596 0003445 268.7836  91.2945 15.30423348102101
0 STARLINK-38031
1 69827U 26154J   26283.61462089  .00032033  00000-0  95477-3 0  9993
2 69827  53.1591 237.8852 0001478  93.5473 266.5698 15.34412541 16328
0 STARLINK-33778
1 63877U 25094P   26283.61451828  .00053872  00000-0  18527-2 0  9997
2 63877  70.0020  47.8967 0003126 317.9318  42.1617 15.29796858 79510
0 STARLINK-32046
1 60198U 24124R   26283.61449852 -.00000593  00000-0 -73338-5 0  9995
2 60198  53.1608  42.6300 0001116  81.2343 278.8785 15.31703186128454
0 STARLINK-38422
1 A0637U 26204Y   26283.61446165  .00035045  00000-0  58760-3 0  9990
2 A0637  69.9998 181.5716 0003254 267.7162  92.3652 15.51661161  5366
0 STARLINK-36249
1 68532U 26068AA  26283.61437410  .00016369  00000-0  49457-3 0  9990
2 68532  53.1580 205.8013 0001122 107.4905 252.6220 15.34397696 29923
0 STARLINK-5481
1 57255U 23094AP  26283.61436750  .00000971  00000-0  44796-4 0  9996
2 57255  43.0048 245.7880 0001088 270.5229  89.5498 15.27571756180113
0 STARLINK-33853
1 63684U 25085W   26283.61430497  .00021133  00000-0  77468-3 0  9997
2 63684  43.0006 256.8019 0001568 277.1635  82.9038 15.27605692 81747
0 STARLINK-31141
1 58803U 24012S   26283.61425059 -.00008401  00000-0 -29567-3 0  9993
2 58803  43.0056  31.6571 0001401 254.0761 105.9936 15.27627370154102
0 QIANFAN-17
1 60395U 24140S   26283.61421249  .00000026  00000-0  21496-4 0  9998
2 60395  88.9683 268.1170 0016852  57.8147 302.4636 13.51026409108897
0 STARLINK-34123
1 63891U 25095B   26283.61421204  .00018745  00000-0  68852-3 0  9996
2 63891  43.0005  42.7917 0001502 261.8100  98.2581 15.27600943 80656
0 STARLINK-33574
1 62774U 25015S   26283.61417592  .00037831  00000-0  11231-2 0  9997
2 62774  53.1596  39.4306 0001308  83.2145 276.9007 15.34456828 97178
0 YAOGAN-30 M
1 43172U 18011D   26283.61407303  .00002323  00000-0  17057-3 0  9996
2 43172  34.9956 167.2079 0001622 351.4869   8.5812 15.03164522475463
0 STARLINK-36366
1 68122U 26044X   26283.61402737  .00019528  00000-0  60554-3 0  9994
2 68122  97.2853 242.3339 0001836  89.5743 270.5710 15.33450602 34520
0 ONEWEB-0556
1 55798U 23029C   26283.61398707  .00000039  00000-0  64354-4 0  9990
2 55798  87.9159 251.4279 0002471  63.6127 296.5260 13.20770879176383
0 GLOBALSTAR M050
1 25908U 99049B   26283.61397745 -.00000100  00000-0 -13003-3 0  9991
2 25908  51.9991 238.0689 0008630 271.9745 259.0897 12.07467974206227
0 IRIDIUM 175
1 43928U 19002G   26283.61392181  .00000246  00000-0  66557-4 0  9995
2 43928  86.4500 242.2442 0003045 159.1030 201.0296 14.43653095415631
0 STARLINK-36258
1 67104U 25299C   26283.61383031  .00012137  00000-0  44982-3 0  9995
2 67104  43.0016  35.4215 0001129 262.3648  97.7076 15.27582227 45981
0 DB-GLOBE MISSION EARTH-U
1 68459U 26067AV  26283.61378142  .00005797  00000-0  28386-3 0  9994
2 68459  97.4684 240.3106 0006945  38.9764 321.1969 15.18539193 29444
0 STARLINK-37309
1 69364U 26123M   26283.61377579  .00027112  00000-0  81002-3 0  9995
2 69364  53.1607  48.0055 0001529  74.4797 285.6374 15.34424384 19956
0 QIANFAN-32
1 61565U 24185P   26283.61375220  .00000149  00000-0  21261-3 0  9999
2 61565  88.9900  49.9810 0007743 275.0138  85.0129 13.50811510108792
0 STARLINK-34100
1 64385U 25127R   26283.61373183  .00017788  00000-0  65388-3 0  9990
2 64385  43.0027  46.2832 0001418 289.8134  70.2565 15.27603620 75287
0 ONEWEB-0527
1 54642U 22166A   26283.61372810  .00000068  00000-0  13417-3 0  9990
2 54642  87.9316 221.0297 0001887  73.9095 286.2247 13.21824805186782
0 STARLINK-3250
1 49749U 21115AB  26283.61370072 -.00000889  00000-0 -16893-4 0  9998
2 49749  53.1594 246.2228 0001187  94.4540 265.6597 15.31703973268220
0 FENGYUN 1C DEB
1 30516U 99025AJE 26283.61369953  .00004577  00000-0  13214-2 0  9999
2 30516  98.8670  44.7618 0009620 125.3847 247.7271 14.45097698 20704
0 STARLINK-37068
1 68085U 26042S   26283.61367864  .00025760  00000-0  77067-3 0  9993
2 68085  53.1585 253.8216 0001442  83.6389 276.4778 15.34409921 35301
0 STARLINK-37124
1 68283U 26055X   26283.61365180  .00027258  00000-0  81461-3 0  9993
2 68283  53.1592  37.6369 0001914  88.2870 271.8352 15.34412329 32889
0 STARLINK-35473
1 65937U 25225AD  26283.61359009  .00012761  00000-0  38805-3 0  9994
2 65937  53.1586 243.8491 0002086  82.7978 277.3261 15.34409273 56476
0 STARLINK-36943
1 68035U 26040W   26283.61358838  .00028403  00000-0  87777-3 0  9993
2 68035  97.2855 230.7240 0001870 102.0638 258.0814 15.33481900 35532
0 STARLINK-35237
1 65645U 25210Z   26283.61355040  .00033639  00000-0  10007-2 0  9995
2 65645  53.1622  27.5930 0000520 124.0837 236.0215 15.34451409 60657
0 ONEWEB-0190
1 48796U 21045AF  26283.61341776  .00000014  00000-0  18558-5 0  9999
2 48796  87.9026 236.1910 0001528  60.0218 300.1064 13.15549714259542
0 YAOGAN-39 05C
1 58559U 23194C   26283.61340023  .00004677  00000-0  23353-3 0  9994
2 58559  34.9901  81.8831 0016868 332.2956  27.6857 15.16780844157662
0 STARLINK-33874
1 63825U 25092X   26283.61333068  .00025131  00000-0  91921-3 0  9990
2 63825  42.9993  38.8341 0000712 268.8914  91.1856 15.27596569 81539
0 STARLINK-33614
1 63372U 25063K   26283.61329771  .00012299  00000-0  37460-3 0  9990
2 63372  53.1565 127.8908 0001307  99.2007 260.9143 15.34395352 87753
0 STARLINK-2450
1 48113U 21027X   26283.61320638  .00000475  00000-0  27087-4 0  9993
2 48113  53.1603 245.0508 0001456 117.9692 242.1457 15.31702288305439
0 JILIN-01 KUANFU 02B 1
1 61189U 24169A   26283.61317184  .00003229  00000-0  20527-3 0  9994
2 61189  97.5546  11.3959 0003095  38.8798 321.2654 15.09532183113231
0 STARLINK-3456
1 51759U 22016AX  26283.61315083  .00000303  00000-0  20120-4 0  9991
2 51759  53.1619  45.3481 0001249  89.0968 271.0178 15.34389506256413
0 TIANMU-1 15
1 58700U 24004A   26283.61314810  .00005584  00000-0  20934-3 0  9998
2 58700  97.4650 109.8735 0005708 294.4812  65.5832 15.27650477153390
0 IRIDIUM 114
1 41923U 17003G   26283.61312794  .00000004  00000-0 -54919-5 0  9992
2 41923  86.3984  40.1763 0001971  92.2429 267.8992 14.34217419509795
0 QIANFAN-80
1 63166U 25046H   26283.61307731  .00000084  00000-0  11160-3 0  9992
2 63166  88.9624 288.4444 0012980 349.1075  10.9794 13.51020322 88290
0 STARLINK-11537
1 62911U 25027E   26283.61306188  .00155697  00000-0  11923-2 0  9990
2 62911  43.0014 132.2078 0002764 265.4040  94.6512 15.70877942 96996
0 STARLINK-36875
1 68300U 26057G   26283.61305748  .00026961  00000-0  83435-3 0  9992
2 68300  97.2859  48.6933 0000264 261.9692  98.1521 15.33450367 31590
0 STARLINK-37921
1 69969U 26157AC  26283.61301471  .00032905  00000-0  98111-3 0  9996
2 69969  53.1608 239.4766 0001753  81.8837 278.2365 15.34387652 14464
0 GLOBALSTAR M097
1 39072U 13005A   26283.61294392 -.00000121  00000-0 -96013-4 0  9996
2 39072  52.0040 251.9656 0000320  69.3136 290.7765 12.62271649631489
0 KUIPER-00253
1 68584U 26072M   26283.61293232  .00003301  00000-0  46169-3 0  9993
2 68584  51.9049  32.7805 0000459 134.1632 225.9368 14.79940563 28388
0 STARLINK-34142
1 63957U 25099F   26283.61290745  .00020559  00000-0  75408-3 0  9998
2 63957  42.9999  42.6526 0000925 281.1168  78.9580 15.27599787 80209
0 STARLINK-11581
1 63144U 25043N   26283.61285679  .00208808  00000-0  15796-2 0  9993
2 63144  43.0004  35.2542 0002052 238.7488 121.3179 15.70999579 93277
0 STARLINK-34487
1 64417U 25129F   26283.61281180  .00012872  00000-0  45132-3 0  9997
2 64417  70.0011 247.6560 0002854 275.4894  84.5955 15.29590224 73545
0 STARLINK-11162
1 60123U 24118L   26283.61277188 -.00000840  00000-0 -20730-5 0  9990
2 60123  53.1587 241.4553 0001087  91.4001 268.7141 15.69705369131755
0 STARLINK-36103
1 66985U 25288AC  26283.61271842  .00016178  00000-0  59593-3 0  9998
2 66985  43.0002 249.9697 0002011 266.6785  93.3837 15.27590566 48152
0 YAOGAN 29
1 41038U 15069A   26283.61267934 -.00000188  00000-0 -16459-4 0  9994
2 41038  97.9963 312.3898 0002345  45.8831 314.2575 14.83155898587737
0 STARLINK-34589
1 64747U 25144Z   26283.61252964  .00028236  00000-0  84358-3 0  9992
2 64747  53.1588 247.3358 0001326  91.1477 268.9678 15.34403288 72837
0 STARLINK-33738
1 63889U 25094AB  26283.61252890  .00026113  00000-0  90928-3 0  9992
2 63889  70.0048  47.8662 0002549 271.6450  88.4433 15.29594894 79724
0 STARLINK-31052
1 58600U 23200M   26283.61244029 -.00000228  00000-0  12596-5 0  9996
2 58600  43.0041  34.8157 0001407 266.1553  93.9137 15.27574157156481
0 FENGYUN 1C DEB
1 31883U 99025CKJ 26283.61241936  .00001973  00000-0  30445-3 0  9990
2 31883  99.0471 237.0385 0117800 215.9717 143.3516 14.70213281 23964
0 STARLINK-38375
1 A0754U 26219B   26283.61241742  .00212010  00000-0  18317-2 0  9992
2 A0754  70.0008  42.1455 0003318 271.9812  88.1003 15.68400828  3262
0 YAOGAN-40 02B
1 63919U 25096B   26283.61237200  .00000155  00000-0  73793-4 0  9996
2 63919  85.9930 136.2425 0002003  93.2162 266.9250 14.12465806 72865
0 STARLINK-32601
1 61973U 24210Q   26283.61235267  .00014614  00000-0  53920-3 0  9996
2 61973  43.0011  45.7032 0001433 292.5060  67.5640 15.27600400107756
0 STARLINK-1094
1 44941U 20001AD  26283.61233198  .00051736  00000-0  44843-3 0  9997
2 44941  53.1464   5.0331 0002536  70.0383 290.0907 15.68643284373643
0 STARLINK-30862
1 59032U 24038K   26283.61229875  .00000456  00000-0  26086-4 0  9998
2 59032  43.0034 242.4104 0001079 276.1080  83.9649 15.27576880147643
0 YAOGAN-40 02C
1 63920U 25096C   26283.61229860  .00000151  00000-0  71471-4 0  9998
2 63920  85.9936 135.5294 0002200  83.0017 277.1416 14.12464825 91706
0 ONEWEB-0381
1 49307U 21090AE  26283.61229729  .00000032  00000-0  47712-4 0  9994
2 49307  87.9170 251.4117 0002214  82.2860 277.8525 13.20770506245067
0 LEMUR-2 PEGGY-2004
1 68479U 26067BR  26283.61227229  .00003584  00000-0  34491-3 0  9991
2 68479  97.7681 240.3601 0000614 127.4482 232.6794 14.93607493 28952
0 YAOGAN-40 02A
1 63918U 25096A   26283.61226297  .00000122  00000-0  56179-4 0  9992
2 63918  85.9937 136.2818 0002355  84.2852 275.8600 14.12445105 72861
0 STARLINK-3191
1 49770U 21115AY  26283.61221628  .00000180  00000-0  17573-4 0  9992
2 49770  53.1600 240.1827 0001599  93.4948 266.6236 15.31699884269438
0 STARLINK-3270
1 50199U 21125AV  26283.61214844 -.00000329  00000-0  14062-5 0  9999
2 50199  53.1603 339.5286 0001253  85.9723 274.1422 15.34387161269373
0 STARLINK-3364
1 51152U 22005BA  26283.61214037  .00000152  00000-0  15965-4 0  9996
2 51152  53.1614  45.8962 0001112  77.6996 282.4131 15.33548049261292
0 QIANFAN-187
1 69405U 26125E   26283.61210144  .00000023  00000-0  16466-4 0  9992
2 69405  88.9893 268.2599 0002436  89.7858 270.3572 13.51029265 17538
0 STARLINK-31163
1 58807U 24012W   26283.61210077  .00049741  00000-0  16825-2 0  9991
2 58807  43.0021  30.7752 0004656 323.4317  36.6217 15.29862867154119
0 STARLINK-33576
1 62775U 25015T   26283.61206538  .00029249  00000-0  87276-3 0  9991
2 62775  53.1596  39.4199 0003027 101.3236 258.8107 15.34422154 97391
0 STARLINK-32851
1 62810U 25018E   26283.61205380  .00030694  00000-0  91548-3 0  9991
2 62810  53.1625  29.9202 0002350  66.0745 294.0503 15.34412151 96097
0 FENGYUN 1C DEB
1 31180U 99025BJJ 26283.61201466  .00000225  00000-0  12846-3 0  9998
2 31180  99.2597  49.7039 0496033 348.3817  20.8583 13.70702755682028
0 ONEWEB-0615
1 54676U 22166AL  26283.61199682  .00000054  00000-0  98421-4 0  9995
2 54676  87.9310 221.0217 0001667  72.5129 287.6187 13.21825138186692
0 STARLINK-30572
1 58114U 23161T   26283.61198888 -.00000165  00000-0  62629-5 0  9995
2 58114  53.1602 245.3638 0001357  97.5468 262.5688 15.34385690167357
0 IRIDIUM 33 DEB
1 46734U 97051ABR 26283.61193743  .00002379  00000-0  69026-3 0  9998
2 46734  86.2634 230.1021 0041188  55.7187 119.2586 14.43512112673630
0 STARLINK-34810
1 65068U 25165N   26283.61191741  .00017946  00000-0  55682-3 0  9991
2 65068  97.2863 354.4848 0000954  95.6108 264.5243 15.33448646 67200
0 ONEWEB-0213
1 48790U 21045Z   26283.61183484  .00000050  00000-0  98638-4 0  9999
2 48790  87.9031 236.1905 0001782  70.2550 289.8772 13.15549669259616
0 STARLINK-5039
1 57247U 23094AF  26283.61179757 -.00000282  00000-0 -72558-6 0  9994
2 57247  43.0035 245.7694 0000904 271.5460  88.5288 15.27575891180117
0 STARLINK-33779
1 63880U 25094S   26283.61178873  .00026909  00000-0  91262-3 0  9996
2 63880  70.0041  47.8965 0005370 275.1551  84.9012 15.30434789 79519
0 QIANFAN-233
1 69862U 26155Q   26283.61177947  .00000084  00000-0  11083-3 0  9991
2 69862  89.0125  51.6741 0001778 110.3700 249.7642 13.51036677 13464
0 STARLINK-32503
1 62157U 24224U   26283.61170891  .00018799  00000-0  69032-3 0  9996
2 62157  43.0044  31.7639 0001619 268.5096  91.5570 15.27608589104834
0 STARLINK-11596
1 64321U 25124E   26283.61167200  .00176331  00000-0  13472-2 0  9994
2 64321  42.9985 173.9522 0000776 275.1661  84.9118 15.70867356 76633
0 STARLINK-37040
1 69362U 26123K   26283.61166965  .00033134  00000-0  98661-3 0  9998
2 69362  53.1607  47.9824 0001656  82.9205 277.1986 15.34426789 19951
0 STARLINK-34083
1 63908U 25095U   26283.61164229  .00016383  00000-0  60311-3 0  9994
2 63908  43.0016  42.7658 0001331 282.3306  77.7396 15.27602983 80646
0 STARLINK-32036
1 60141U 24120G   26283.61158899 -.00001385  00000-0 -29867-4 0  9994
2 60141  53.1602  37.9534 0001125  92.5296 267.5835 15.34394302129411
0 STARLINK-5869
1 57061U 23088P   26283.61152121 -.00128035  00000-0 -47732-2 0  9996
2 57061  43.0037 340.1481 0001685 256.6429 103.4234 15.27240153182180
0 STARLINK-35478
1 65917U 25225H   26283.61148525  .00007680  00000-0  23816-3 0  9991
2 65917  53.1610 243.8390 0001542  80.7986 279.3191 15.34406388 57360
0 STARLINK-5603
1 55762U 23028X   26283.61141446  .00000840  00000-0  78166-4 0  9992
2 55762  70.0010  42.6707 0003253 272.0142  88.0645 14.98333170198729
0 QIANFAN-150
1 69109U 26108F   26283.61140535  .00000137  00000-0  19437-3 0  9996
2 69109  89.0205  10.5111 0002315  99.5509 260.5904 13.51022295 20039
0 STARLINK-36839
1 68125U 26044AA  26283.61130744  .00023790  00000-0  73614-3 0  9990
2 68125  97.2884 242.3372 0001370  83.5335 276.6064 15.33477740 34529
0 STARLINK-35789
1 67113U 25299M   26283.61125214  .00021952  00000-0  80391-3 0  9991
2 67113  43.0013  35.4049 0000986 277.4710  82.6029 15.27619564 45986
0 ONEWEB-0297
1 49086U 21075M   26283.61123957 -.00000334  00000-0 -96448-3 0  9993
2 49086  87.8936 327.7523 0001954  99.0761 261.0589 13.12443586250320
0 STARLINK-34471
1 64739U 25144R   26283.61108528  .00030752  00000-0  91756-3 0  9995
2 64739  53.1582 261.5929 0002676  48.5872 311.5360 15.34398895 72579
0 STARLINK-4747
1 53832U 22114Q   26283.61106001 -.00000741  00000-0 -10807-4 0  9991
2 53832  53.1618  45.4464 0001044  92.1412 267.9710 15.34391746225466
0 STARLINK-3856
1 52459U 22049J   26283.61099867  .00001482  00000-0  56370-4 0  9999
2 52459  53.1588 160.0490 0001396  90.9659 269.1503 15.33562543244883
0 STARLINK-37070
1 68280U 26055U   26283.61097005  .00039428  00000-0  11709-2 0  9997
2 68280  53.1602  35.4689 0001356  81.2660 278.8496 15.34426750 32912
0 STARLINK-38355
1 A0508U 26197G   26283.61094121  .00149932  00000-0  13025-2 0  9994
2 A0508  70.0011  64.7653 0005385 293.9790  66.0841 15.68449061  7157
0 GLOBALSTAR M029
1 25963U 99062C   26283.61090243 -.00000101  00000-0 -18749-3 0  9993
2 25963  51.9797 235.0683 0002841 348.3921 182.5272 11.99913929226793
0 FENGYUN 1C DEB
1 31035U 99025BED 26283.61088089  .00002884  00000-0  58030-3 0  9999
2 31035  98.6712  49.0031 0172269  28.5243 344.5026 14.53427165 15991
0 STARLINK-30582
1 58059U 23158J   26283.61087171  .00000061  00000-0  11742-4 0  9994
2 58059  43.0011 252.9231 0000883 266.3973  93.6778 15.27576009166440
0 STARLINK-36935
1 68032U 26040T   26283.61087040  .00031164  00000-0  96353-3 0  9992
2 68032  97.2853 230.7275 0002395  87.9198 272.2319 15.33447868 34408
0 STARLINK-11582
1 62985U 25031E   26283.61081785  .00210876  00000-0  16043-2 0  9998
2 62985  42.9999 146.0120 0002166 299.0784  60.9867 15.70857967 96547
0 STARLINK-33942
1 63974U 25099Y   26283.61081663  .00025648  00000-0  93769-3 0  9998
2 63974  43.0009  39.1641 0001498 264.4369  95.6312 15.27602264 80242
0 QIANFAN-65
1 62795U 25016L   26283.61068726  .00000050  00000-0  58718-4 0  9998
2 62795  88.9681  71.6586 0013902 183.9919 176.1124 13.51025037 88004
0 STARLINK-4737
1 53834U 22114S   26283.61065892 -.00003639  00000-0 -93399-4 0  9991
2 53834  53.1607  45.4296 0001708 112.3365 247.7819 15.35418637225464
0 STARLINK-3513
1 51756U 22016AU  26283.61063709 -.00002118  00000-0 -53058-4 0  9997
2 51756  53.1610  45.9627 0000866  71.8239 288.2858 15.33560077256400
0 ONEWEB-0531
1 54146U 22138AK  26283.61060812  .00000006  00000-0 -16730-4 0  9999
2 54146  87.9169 251.4061 0002311  94.7628 265.3769 13.20770220194549
0 STARLINK-5511
1 57252U 23094AL  26283.61051288 -.00000281  00000-0 -69190-6 0  9995
2 57252  43.0039 245.7582 0000935 278.2715  81.8031 15.27576817180115
0 STARLINK-5998
1 56468U 23064W   26283.61047049  .00000584  00000-0  56741-4 0  9990
2 56468  69.9982 322.3809 0003397 270.1534  89.9236 14.98332699187440
0 GAOFEN 11
1 43585U 18063A   26283.61044762  .00020441  00000-0  26975-3 0  9997
2 43585  97.1165 350.3292 0001775 253.0470 107.0592 15.58415345458306
0 STARLINK-32520
1 62021U 24213P   26283.61043906  .00016607  00000-0  50145-3 0  9991
2 62021  53.1580 247.4674 0001519  85.6983 274.4193 15.34406132106099
0 STARLINK-38001
1 69828U 26154K   26283.61041256  .00026093  00000-0  78130-3 0  9999
2 69828  53.1595 237.8522 0001498 100.7089 259.4082 15.34376457 16326
0 LEMUR 2 MYNAMEISJEFF
1 62712U 25009DH  26283.61040114  .00007704  00000-0  54222-3 0  9998
2 62712  97.7238   6.6624 0003667 133.9590 226.1939 15.05330506 94982
0 STARLINK-31138
1 58806U 24012V   26283.61039763 -.00000211  00000-0  18503-5 0  9999
2 58806  43.0032  31.6251 0000887 262.5659  97.5092 15.27577676154103
0 YAOGAN-35 04B
1 53524U 22100C   26283.61039669  .00014265  00000-0  36796-3 0  9997
2 53524  35.0024   5.3857 0004132 265.3930  94.6317 15.38300905123001
0 STARLINK-11423
1 61950U 24209M   26283.61037872  .00190737  00000-0  15313-2 0  9995
2 61950  53.1582  31.7802 0006792  68.9859 291.1885 15.69876395110473
0 TIANMU-1 11
1 58645U 23205A   26283.61037501  .00005133  00000-0  19068-3 0  9993
2 58645  97.3407 303.4165 0007335 325.7442  34.3324 15.27968800155148
0 STARLINK-33957
1 63897U 25095H   26283.61035676  .00016247  00000-0  59818-3 0  9993
2 63897  43.0007  42.7586 0001434 274.7709  85.2979 15.27603893 80641
0 LEMUR-2 EMARCHIA
1 68492U 26067CE  26283.61033541  .00004657  00000-0  45732-3 0  9990
2 68492  97.7693 240.0914 0004731  47.5131 312.6488 14.92646969 28938
0 ONEWEB-0714
1 54681U 22166AR  26283.61030150  .00000030  00000-0  42005-4 0  9996
2 54681  87.9319 221.0145 0001840  66.1499 293.9828 13.21824503186786
0 JILIN-01 GAOFEN 2A
1 44777U 19075A   26283.61028520  .00014944  00000-0  35082-3 0  9999
2 44777  97.4917  10.2949 0006219  39.8279 320.3424 15.42119108382653
0 ONEWEB-0551
1 56053U 23043H   26283.61026908 -.00000109  00000-0 -32371-3 0  9995
2 56053  87.9020 236.2132 0001609  79.9076 280.2236 13.15549031171576
0 KUIPER-00300
1 68597U 26072AA  26283.61023623 -.00000405  00000-0 -24094-4 0  9990
2 68597  51.9033  35.2651 0000293 146.7452 213.3528 14.79931010 28350
0 QIANFAN-25
1 61558U 24185G   26283.61011608  .00000345  00000-0  20114-3 0  9992
2 61558  88.9882  44.0481 0014615 113.4347 246.8373 14.06146632111921
0 QIANFAN-3
1 60381U 24140C   26283.61008235  .00000028  00000-0  24495-4 0  9993
2 60381  88.9651 267.8352 0015688  52.8080 307.4500 13.51023846108079
0 STARLINK-37340
1 68708U 26081K   26283.61002388  .00022193  00000-0  66579-3 0  9998
2 68708  53.1573 111.8707 0001159 100.6275 259.4858 15.34411607 27706
0 STARLINK-11679
1 64129U 25111G   26283.60997164  .00139811  00000-0  10730-2 0  9991
2 64129  42.9993 118.0985 0001486 277.2125  82.8574 15.70879985 80446
0 STARLINK-36180
1 67114U 25299N   26283.60996173  .00019978  00000-0  73295-3 0  9991
2 67114  42.9989  35.3894 0000988 250.1415 109.9330 15.27606015 45981
0 STARLINK-34501
1 64429U 25129T   26283.60993399  .00017385  00000-0  59220-3 0  9998
2 64429  70.0012 247.6450 0002976 281.3934  78.6907 15.30426524 73604
0 STARLINK-34271
1 64384U 25127Q   26283.60987651  .00017959  00000-0  66013-3 0  9995
2 64384  43.0035  46.2528 0001682 285.8958  74.1708 15.27600027 75336
0 STARLINK-32041
1 60202U 24124V   26283.60982911 -.00001291  00000-0 -29823-4 0  9993
2 60202  53.1606  42.6005 0001000  60.6022 299.5079 15.31709259128427
0 YAOGAN-30 G
1 43081U 17085A   26283.60974759  .00002348  00000-0  17261-3 0  9992
2 43081  34.9947 166.3440 0003700  76.8394 283.2727 15.03105210480095
0 STARLINK-30226
1 57497U 23113C   26283.60972589 -.00000072  00000-0  69054-5 0  9998
2 57497  43.0045 242.3975 0002002 259.6744 100.3882 15.27581318176448
0 STARLINK-5605
1 55411U 23014W   26283.60958271  .00000836  00000-0  77853-4 0  9996
2 55411  69.9992 242.7535 0003108 269.6836  90.3967 14.98332570204240
0 STARLINK-37602
1 69358U 26123F   26283.60957011  .00023013  00000-0  69006-3 0  9998
2 69358  53.1622  48.0002 0001337  79.1663 280.9490 15.34403528 19953
0 STARLINK-3102
1 49151U 21082X   26283.60953746  .00007071  00000-0  59860-3 0  9990
2 49151  69.9996  72.5531 0003250 323.0688  37.0247 14.98410070280358
0 LUOJIA-1 01
1 43485U 18048B   26283.60952274  .00000920  00000-0  10710-3 0  9994
2 43485  97.8029 359.9141 0010290 100.0535 260.1843 14.87612628451378
0 STARLINK-30307
1 57747U 23131R   26283.60948637  .00000825  00000-0  39495-4 0  9993
2 57747  43.0025  38.8714 0000613 248.7136 111.3651 15.27590487172789
0 KUIPER-00157
1 65970U 25228Z   26283.60947107  .00028013  00000-0  40258-2 0  9996
2 65970  51.9001 107.9858 0000786 107.8754 252.2293 14.76211788 55365
0 STARLINK-30605
1 58101U 23161E   26283.60940039  .00000569  00000-0  27992-4 0  9993
2 58101  53.1606 243.9314 0001608  88.8060 271.3126 15.34388994167379
0 QIANFAN-52
1 62253U 24232S   26283.60928588  .00000133  00000-0  18662-3 0  9991
2 62253  89.0169  10.8269 0016266  46.9148 313.3362 13.51034967108708
0 KUIPER-00033
1 63746U 25088Y   26283.60926646 -.00015571  00000-0 -20172-2 0  9994
2 63746  51.8963 255.2130 0001644  47.2380 312.8720 14.79952305 79449
0 LEMUR-2 POLO-11
1 68493U 26067CF  26283.60916157  .00005662  00000-0  55443-3 0  9990
2 68493  97.7793 240.3105 0004042  25.4911 334.6507 14.92670866 28930
0 STARLINK-11296
1 61699U 24195N   26283.60909314 -.00000133  00000-0  37634-5 0  9991
2 61699  53.1602  46.4538 0001075  85.1429 274.9711 15.69709149112794
0 YAOGAN-36 05B
1 57454U 23106C   26283.60907894  .00004994  00000-0  24403-3 0  9993
2 57454  34.9934  81.4557 0021098  52.2460 308.0161 15.17449515178409
0 STARLINK-33812
1 63879U 25094R   26283.60905935  .00015647  00000-0  53346-3 0  9998
2 63879  70.0018  47.8736 0003656 266.2344  93.8414 15.30430489 79511
0 STARLINK-34144
1 63958U 25099G   26283.60905499  .00016298  00000-0  60045-3 0  9993
2 63958  43.0017  42.6218 0001012 283.7988  76.2751 15.27581980 80204
0 STARLINK-3241
1 49745U 21115X   26283.60905351  .00000254  00000-0  19941-4 0  9998
2 49745  53.1601 246.3552 0001281  85.3705 274.7442 15.31700991268220
0 STARLINK-3512
1 51743U 22016AF  26283.60903547  .00000938  00000-0  38897-4 0  9995
2 51743  53.1630  46.0763 0001161  80.4248 279.6886 15.34390426256399
0 STARLINK-4784
1 53839U 22114X   26283.60900736  .00001524  00000-0  11380-3 0  9998
2 53839  53.1612  48.7732 0001222 102.6050 257.5078 15.08837765225418
0 QIANFAN-89
1 63175U 25046S   26283.60897491  .00000093  00000-0  12528-3 0  9997
2 63175  88.9624 288.6789 0015731 340.0838  19.9697 13.51023086 88165
0 STARLINK-5016
1 56143U 23046BD  26283.60897278  .00018075  00000-0  79435-3 0  9994
2 56143  42.9983  30.7674 0008022 324.3333  35.6979 15.21582426194869
0 ONEWEB-0386
1 49312U 21090AK  26283.60892476 -.00000030  00000-0 -10628-3 0  9999
2 49312  87.9171 251.4049 0002098  74.2598 285.8767 13.20770422245050
0 STARLINK-3180
1 51137U 22005AK  26283.60885811  .00000959  00000-0  39517-4 0  9996
2 51137  53.1605  35.3873 0000725  82.7170 277.3915 15.34393469261445
0 QIANFAN-28
1 61561U 24185K   26283.60881105  .00000634  00000-0  24744-3 0  9996
2 61561  88.9900  41.5974 0007784  32.5535 327.6138 14.28509614113267
0 STARLINK-37896
1 69970U 26157AD  26283.60880498  .00028238  00000-0  84360-3 0  9993
2 69970  53.1594 239.4497 0001447  85.9381 274.1787 15.34405092 14462
0 STARLINK-3631
1 51790U 22017Y   26283.60880485  .00014815  00000-0  87762-3 0  9996
2 51790  53.2111 103.0624 0002535 131.6847 228.4363 15.11616495256435
0 IRIDIUM 148
1 43255U 18030G   26283.60869702  .00000027  00000-0  26456-5 0  9997
2 43255  86.3946 242.1773 0002293  87.1183 273.0276 14.34217590446712
0 STARLINK-5203
1 54104U 22136BF  26283.60869098 -.00000258  00000-0  34450-5 0  9992
2 54104  53.1598  36.4811 0001133  67.8597 292.2525 15.31701767220166
0 GAOFEN 8
1 40701U 15030A   26283.60868517  .00031210  00000-0  55936-3 0  9991
2 40701  97.6803 124.2306 0009003 127.9828 232.2237 15.49850293629301
0 YAOGAN-35 04C
1 53526U 22100E   26283.60867316  .00006902  00000-0  28733-3 0  9997
2 53526  34.9951  70.7203 0008979  15.5886 344.5104 15.23019421230564
0 ONEWEB-0237
1 48770U 21045D   26283.60865919 -.00000209  00000-0 -58854-3 0  9999
2 48770  87.9025 236.1934 0001761  87.4633 272.6699 13.15547839259567
0 ONEWEB-0554
1 56056U 23043L   26283.60864535  .00000071  00000-0  15165-3 0  9991
2 56056  87.9172 205.8786 0002290  65.5487 294.5882 13.16593579174146
0 IRIDIUM 33 DEB
1 34071U 97051CE  26283.60862889  .00001501  00000-0  37720-3 0  9994
2 34071  86.3419 246.4448 0007384 160.0770 200.0725 14.50662516927092
0 STARLINK-31087
1 58597U 23200J   26283.60858090  .00000102  00000-0  13239-4 0  9993
2 58597  43.0022  34.7881 0000712 271.4010  88.6760 15.27579755156373
0 STARLINK-36922
1 68123U 26044Y   26283.60858042  .00030890  00000-0  95444-3 0  9999
2 68123  97.2856 242.3400 0000588 281.1302  78.9875 15.33472060 34521
0 STARLINK-37352
1 69524U 26133S   26283.60857986  .00013762  00000-0  41774-3 0  9996
2 69524  53.1566 135.5351 0001121 101.4774 258.6354 15.34395188 19859
0 FENGYUN 1C DEB
1 37907U 99025ENG 26283.60857196  .00003145  00000-0  13109-2 0  9993
2 37907  99.0898  52.1152 0055833  38.7187 321.7973 14.26180958875720
0 STARLINK-32174
1 61509U 24183A   26283.60853671  .00003205  00000-0  10587-3 0  9990
2 61509  53.1599 207.4051 0001168  92.3729 267.7408 15.34420938112795
0 STARLINK-38140
1 A0182U 26175D   26283.60851610  .00062526  00000-0  17211-2 0  9995
2 A0182  97.2830 126.1457 0002157  75.2361 284.9123 15.36939219 12287
0 STARLINK-32499
1 61959U 24210A   26283.60849404  .00019184  00000-0  70426-3 0  9990
2 61959  43.0030  45.6749 0001448 291.8912  68.1785 15.27607017107791
0 STARLINK-32939
1 63149U 25043T   26283.60842229  .00014589  00000-0  53844-3 0  9995
2 63149  43.0037 242.2861 0002532 264.7980  95.2583 15.27591014 90236
0 STARLINK-30554
1 58048U 23156W   26283.60832957  .00000316  00000-0  20517-4 0  9992
2 58048  53.1605 247.3666 0002008  75.0802 285.0423 15.34388859167926
0 STARLINK-37520
1 69819U 26154A   26283.60830764  .00033585  00000-0  10005-2 0  9998
2 69819  53.1595 237.8279 0001711  80.3188 279.8008 15.34405706 16320
0 STARLINK-11435
1 62891U 25024N   26283.60820058  .00174871  00000-0  13282-2 0  9995
2 62891  42.9991 326.3578 0006129 236.5714 123.4568 15.70994003 97263
0 STARLINK-35208
1 65854U 25223A   26283.60816372  .00026950  00000-0  80566-3 0  9996
2 65854  53.1604  11.4411 0003087  73.5897 286.5445 15.34407448 57172
0 STARLINK-36940
1 68027U 26040N   26283.60815011  .00033381  00000-0  10316-2 0  9999
2 68027  97.2863 230.7311 0001924  98.0577 262.0884 15.33447474 34402
0 STARLINK-11161
1 60124U 24118M   26283.60797170 -.00000811  00000-0 -18380-5 0  9994
2 60124  53.1598 242.1563 0001067  93.1529 266.9611 15.69700276131742
0 STARLINK-6351
1 57240U 23094Y   26283.60794608  .00000726  00000-0  35910-4 0  9994
2 57240  43.0027 245.7467 0000653 291.1841  68.8941 15.27582700180115
0 QIANFAN-184
1 69402U 26125B   26283.60787666  .00000031  00000-0  29209-4 0  9994
2 69402  88.9890 268.2771 0002265  92.6984 267.4426 13.51029754 17524
0 STARLINK-30593
1 58112U 23161R   26283.60786767  .00001058  00000-0  42468-4 0  9990
2 58112  53.1604 246.0461 0001570  83.6749 276.4432 15.34391808167342
0 STARLINK-33595
1 62766U 25015J   26283.60785783  .00021874  00000-0  65636-3 0  9996
2 62766  53.1593  39.3928 0002093  96.7023 263.4218 15.34413247 97455
0 GAOFEN 12 (02)
1 48079U 21026A   26283.60784429  .00000320  00000-0  48851-4 0  9995
2 48079  98.0007 281.3715 0003977 206.2652 153.8359 14.80369024298831
0 STARLINK-31188
1 58804U 24012T   26283.60783059 -.00000247  00000-0  55839-6 0  9993
2 58804  43.0043  31.6112 0000872 278.2072  81.8681 15.27584694154104
0 STARLINK-34092
1 63904U 25095Q   26283.60778927  .00019492  00000-0  71557-3 0  9993
2 63904  43.0016  42.7368 0001059 277.7189  82.3543 15.27598845 80641
0 STARLINK-11560
1 62917U 25027L   26283.60775457  .00194886  00000-0  14839-2 0  9996
2 62917  43.0002 132.1626 0002318 263.3714  96.6890 15.70888605 96952
0 STARLINK-2033
1 47650U 21012AG  26283.60770472  .00111917  00000-0  72339-3 0  9999
2 47650  53.1552 105.9283 0001151  66.6054 293.5088 15.75278355313547
0 TIANMU-1 19
1 58660U 23208A   26283.60768750  .00008847  00000-0  27885-3 0  9990
2 58660  97.4607  40.6942 0003389 259.3983 100.6877 15.33128736155006
0 FENGYUN 1C DEB
1 37067U 99025EFB 26283.60763732  .00008771  00000-0  50915-2 0  9998
2 37067  99.5040 243.8841 0140051   4.5620 355.6786 14.04161039616406
0 STARLINK-37139
1 68317U 26057Z   26283.60762096  .00020864  00000-0  64676-3 0  9994
2 68317  97.2860  48.7009 0000758 102.1889 257.9438 15.33447661 31592
0 FENGYUN 1C DEB
1 37919U 99025ENU 26283.60761292  .00000624  00000-0  27114-3 0  9998
2 37919  99.0880 237.7173 0047351 224.7763 134.9590 14.27346361692146
0 STARLINK-36152
1 66968U 25288K   26283.60758254  .00012523  00000-0  46363-3 0  9996
2 66968  42.9980 249.9371 0001661 276.8963  83.1700 15.27592409 48150
0 STARLINK-11628
1 63139U 25043H   26283.60754836  .00168961  00000-0  12871-2 0  9998
2 63139  43.0001  35.2144 0002176 244.3925 115.6718 15.70960619 93270
0 KUIPER-00293
1 68593U 26072W   26283.60753516 -.00000035  00000-0  24502-4 0  9998
2 68593  51.8996  37.7311 0001402 114.2181 245.8928 14.79929923 28315
0 STARLINK-37683
1 69367U 26123Q   26283.60746423  .00022430  00000-0  67280-3 0  9995
2 69367  53.1605  47.9693 0001453  85.6511 274.4658 15.34409922 19959
0 YAOGAN 7 DEB
1 38266U 09069C   26283.60743702  .00000909  00000-0  29306-3 0  9990
2 38266  97.9653 224.8135 0233215 140.5325 221.3108 14.26949130863808
0 YAOGAN 4 DEB
1 35575U 08061B   26283.60740475  .00002472  00000-0  69771-3 0  9992
2 35575  97.7707  56.4601 0208075 191.7089 167.9220 14.34558901924049
0 QIANFAN-147
1 69106U 26108C   26283.60740353  .00000137  00000-0  19291-3 0  9994
2 69106  89.0206  10.5473 0002046 102.3406 257.7975 13.51029429 20018
0 STARLINK-36124
1 67121U 25299V   26283.60739305  .00014159  00000-0  52275-3 0  9992
2 67121  42.9977  35.3692 0000724 247.2423 112.8352 15.27598517 45980
0 STARLINK-3541
1 51854U 22022C   26283.60734828  .00027773  00000-0  11626-2 0  9994
2 51854  53.2253 117.6261 0004211 119.4845 240.6574 15.23373259255706
0 STARLINK-37134
1 68281U 26055V   26283.60733904  .00026014  00000-0  77784-3 0  9995
2 68281  53.1597  37.6006 0001312  91.9543 268.1610 15.34422604 32883
0 STARLINK-35530
1 65921U 25225M   26283.60727713  .00018525  00000-0  55795-3 0  9998
2 65921  53.1583 243.8135 0001932  66.8267 293.2939 15.34405665 57363
0 ONEWEB-0534
1 55797U 23029B   26283.60725396 -.00000045  00000-0 -14182-3 0  9998
2 55797  87.9161 251.4317 0001980  79.9046 280.2311 13.20792608176383
0 STARLINK-5833
1 55773U 23028AJ  26283.60725393  .00000877  00000-0  81257-4 0  9997
2 55773  70.0009  42.6532 0003344 270.2685  89.8091 14.98331501198728
0 STARLINK-34503
1 64420U 25129J   26283.60720592  .00013646  00000-0  46597-3 0  9991
2 64420  70.0022 247.6345 0003163 274.5942  85.4872 15.30428865 73541
0 STARLINK-31581
1 59474U 24068V   26283.60714599  .00000809  00000-0  38924-4 0  9998
2 59474  43.0014 253.6629 0001051 262.7205  97.3527 15.27578766141471
0 QIANFAN-29
1 61562U 24185L   26283.60713462  .00000158  00000-0  22555-3 0  9996
2 61562  88.9840  50.1187 0008175 253.3549 106.6705 13.51101299108559
0 FENGYUN 3F
1 57490U 23111A   26283.60711613  .00000038  00000-0  38147-4 0  9997
2 57490  98.6728 351.3974 0001514 101.2282 258.9065 14.19954098165249
0 STARLINK-37179
1 68618U 26073S   26283.60711217  .00011247  00000-0  35019-3 0  9999
2 68618  97.2855 121.3632 0002132  89.4055 270.7432 15.33443433 28822
0 ONEWEB-0210
1 48787U 21045W   26283.60709877  .00000026  00000-0  34114-4 0  9996
2 48787  87.9030 236.1841 0002000  53.4139 306.7175 13.15548246259492
0 ONEWEB-0679
1 56715U 23068F   26283.60705554  .00000093  00000-0  21024-3 0  9990
2 56715  87.9181 205.8685 0002325  81.4820 278.6574 13.16595835166917
0 STARLINK-34139
1 63975U 25099Z   26283.60696265  .00016767  00000-0  61701-3 0  9991
2 63975  42.9989  39.1334 0001253 276.8258  83.2451 15.27602685 80154
0 IRIDIUM 33 DEB
1 35051U 97051NX  26283.60695920  .00001520  00000-0  39750-3 0  9999
2 35051  86.3227 237.1152 0008619 145.0400 215.1372 14.48767966913656
0 ONEWEB-0579
1 56068U 23043Y   26283.60693720  .00000075  00000-0  15011-3 0  9994
2 56068  87.9322 221.0142 0001766  67.5904 292.5417 13.21827882173497
0 IRIDIUM 104
1 41922U 17003F   26283.60678524  .00000040  00000-0  71761-5 0  9999
2 41922  86.3987  40.1954 0002256  87.4755 272.6699 14.34217893509811
0 STARLINK-36999
1 68268U 26055G   26283.60675784  .00032338  00000-0  96327-3 0  9991
2 68268  53.1593  35.4408 0002434 101.0872 259.0405 15.34426233 32917
0 STARLINK-37824
1 69956U 26157P   26283.60670386  .00030641  00000-0  91458-3 0  9997
2 69956  53.1597 239.4476 0001806  82.4034 277.7173 15.34390127 14462
0 STARLINK-32657
1 62475U 24254P   26283.60669796  .00024857  00000-0  90911-3 0  9990
2 62475  43.0025 245.9318 0000509   2.0254 358.0599 15.27604240100336
0 STARLINK-11361
1 61585U 24187M   26283.60669760  .00180906  00000-0  14592-2 0  9995
2 61585  53.1562 316.9202 0001309  73.2286 286.8876 15.69818591114502
0 QIANFAN-72
1 62802U 25016T   26283.60668094  .00000055  00000-0  66164-4 0  9999
2 62802  88.9678  71.6920 0018558 198.5532 161.4945 13.51030105 87982
0 STARLINK-31169
1 58809U 24012Y   26283.60653217  .00000963  00000-0  44510-4 0  9996
2 58809  43.0027  31.5994 0000996 278.6445  81.4294 15.27586168154107
0 STARLINK-34119
1 63895U 25095F   26283.60649921  .00016946  00000-0  62341-3 0  9995
2 63895  43.0017  42.7289 0001705 271.6347  88.4310 15.27605738 80650
0 GLOBALSTAR M015
1 25308U 98023C   26283.60645189 -.00000082  00000-0 -20501-3 0  9993
2 25308  51.9807 219.6672 0012473 212.7418 319.2072 11.48865776249298
0 STARLINK-4454
1 53499U 22099AL  26283.60641179  .00465739  10463-3  65186-3 0  9997
2 53499  97.6067  55.7823 0004266 316.8711  43.2235 16.05863184229208
0 STARLINK-32957
1 63124U 25039W   26283.60640846  .00022806  00000-0  83537-3 0  9997
2 63124  43.0029 239.2100 0001700 268.5714  91.4943 15.27593246 90939
0 STARLINK-35770
1 66977U 25288U   26283.60629689  .00015238  00000-0  56188-3 0  9997
2 66977  42.9989 249.9286 0002285 281.6892  78.3703 15.27592091 48158
0 GAOFEN 1
1 39150U 13018A   26283.60627115  .00000190  00000-0  34575-4 0  9998
2 39150  97.8997 353.2571 0015829 252.7765 107.1713 14.76518998725275
0 STARLINK-34760
1 65359U 25190J   26283.60624199  .00026127  00000-0  78146-3 0  9990
2 65359  53.1595 247.5184 0001713  74.3199 285.7993 15.34409773 62222
0 STARLINK-38388
1 A0769U 26219S   26283.60621786  .00208903  00000-0  18070-2 0  9999
2 A0769  70.0015  42.5462 0003283 267.1623  92.9197 15.68381842  3256
0 STARLINK-37622
1 69829U 26154L   26283.60620651  .00025483  00000-0  76278-3 0  9994
2 69829  53.1590 237.8282 0001937  76.1380 283.9838 15.34399748 16322
0 STARLINK-4146
1 53294U 22086BE  26283.60619845  .00000690  00000-0  30677-4 0  9993
2 53294  53.1588 272.4507 0001235  87.8758 272.2387 15.35401378234047
0 YAOGAN-39 04A
1 58141U 23163A   26283.60616274  .00009169  00000-0  38104-3 0  9991
2 58141  35.0024 338.9040 0004985 322.6061  37.4306 15.23049408165188
0 STARLINK-37543
1 68911U 26097S   26283.60605572  .00011047  00000-0  34395-3 0  9991
2 68911  97.2833 117.4731 0001668  86.5107 273.6327 15.33448657 25172
0 QIANFAN-11
1 60389U 24140L   26283.60597006  .00000018  00000-0  83575-5 0  9993
2 60389  88.9613 267.7373 0016022  50.6177 309.6390 13.51026685107875
0 KUIPER-00610
1 69292U 26118AB  26283.60590107  .00002409  00000-0  34491-3 0  9994
2 69292  51.9022 242.7885 0000778  55.9802 304.1234 14.79935412 21359
0 STARLINK-37022
1 68101U 26044A   26283.60587193  .00038752  00000-0  11944-2 0  9998
2 68101  97.2846 242.1937 0001937  96.0423 264.1040 15.33499932 34514
0 STARLINK-38033
1 69739U 26150A   26283.60586687  .00012935  00000-0  40206-3 0  9990
2 69739  97.2837 122.1957 0001924  90.5408 269.6055 15.33462330 16810
0 FENGYUN 1C DEB
1 31021U 99025BDP 26283.60585758  .00003611  00000-0  28451-3 0  9991
2 31021  98.3786  50.5692 0255618 357.2185   2.7588 14.79224292778908
0 YAOGAN 19
1 39410U 13065A   26283.60584711 -.00000090  00000-0 -12556-3 0  9998
2 39410 100.1281 254.9271 0009183 178.0281 182.0870 13.15586380618821
0 STARLINK-2465
1 48124U 21027AJ  26283.60581888  .00001390  00000-0  56557-4 0  9991
2 48124  53.1613 234.7429 0001444 100.3585 259.7579 15.31704927305580
0 IRIDIUM 71
1 25320U 98026B   26283.60579721  .00000332  00000-0  96034-4 0  9999
2 25320  86.3945 246.9264 0001324  23.1877 336.9382 14.41529717492796
0 STARLINK-11729
1 64073U 25107K   26283.60576683  .00195294  00000-0  14869-2 0  9997
2 64073  42.9998 243.2453 0001269 288.1638  71.9091 15.70888962 81099
0 STARLINK-33858
1 63885U 25094X   26283.60562605  .00018293  00000-0  63907-3 0  9992
2 63885  70.0051  47.8675 0002745 269.8999  90.1861 15.29589905 79512
0 STARLINK-3192
1 49767U 21115AV  26283.60558923 -.00000315  00000-0  17992-5 0  9995
2 49767  53.1599 235.4122 0001233  75.1643 284.9496 15.34384662268382
0 ONEWEB-0349
1 49281U 21090C   26283.60557423 -.00000008  00000-0 -51010-4 0  9990
2 49281  87.9168 251.4127 0001984  81.9839 278.1519 13.20772766245068
0 STARLINK-4432
1 53487U 22099Y   26283.60551589  .00001124  00000-0  37153-4 0  9990
2 53487  97.2866  41.0238 0001186  83.1719 276.9658 15.33441749228635
0 ONEWEB-0244
1 48776U 21045K   26283.60551043 -.00000085  00000-0 -25943-3 0  9990
2 48776  87.9032 236.1843 0001826  74.5037 285.6295 13.15547706260142
0 STARLINK-2147
1 47736U 21017Q   26283.60547857  .00146663  00000-0  76314-3 0  9991
2 47736  53.0650 247.5888 0006787  66.9881 293.1856 15.79994665311297
0 ONEWEB-0269
1 48987U 21060W   26283.60545917  .00000068  00000-0  14386-3 0  9992
2 48987  87.9180 205.8769 0002089  78.5431 281.5934 13.16596907254814
0 STARLINK-11395
1 61951U 24209N   26283.60545818  .00154657  00000-0  12574-2 0  9996
2 61951  53.1588  31.7468 0001203  48.7102 311.4020 15.69716568110435
0 STARLINK-33594
1 62770U 25015N   26283.60545465  .00037668  00000-0  12185-2 0  9990
2 62770  53.1610  42.2139 0000661  66.2971 293.8100 15.31724852 97417
0 STARLINK-38065
1 69982U 26159H   26283.60544436  .00020588  00000-0  63818-3 0  9992
2 69982  97.2832 125.2171 0001905  88.1127 272.0334 15.33450092 15535
0 STARLINK-36335
1 68015U 26040A   26283.60543164  .00033220  00000-0  10257-2 0  9999
2 68015  97.2855 230.5806 0002002  85.1254 275.0217 15.33477358 34390
0 STARLINK-31694
1 60140U 24120F   26283.60527437  .00004031  00000-0  13047-3 0  9991
2 60140  53.1622  37.9098 0001645  84.7290 275.3900 15.34380822129413
0 GAOFEN 3 03
1 52200U 22035A   26283.60523865  .00000018  00000-0  18655-4 0  9995
2 52200  98.4096 290.5298 0001088 101.9941 258.1370 14.42219862237483
0 STARLINK-34107
1 63960U 25099J   26283.60519420  .00015519  00000-0  57186-3 0  9998
2 63960  43.0031  42.5904 0001399 286.5373  73.5325 15.27605188 80205
0 STARLINK-35472
1 65913U 25225D   26283.60517283  .00016527  00000-0  49921-3 0  9992
2 65913  53.1606 243.7996 0001483  81.3565 278.7606 15.34398373 57364
0 STARLINK-32020
1 60201U 24124U   26283.60517082  .00004327  00000-0  15124-3 0  9994
2 60201  53.1624  42.5696 0001375  92.5786 267.5373 15.31671042127224
0 STARLINK-4068
1 52681U 22053AB  26283.60510258  .00001599  00000-0  63272-4 0  9990
2 52681  53.1603 249.2145 0001490  90.0370 270.0802 15.31707344243713
0 STARLINK-38379
1 A0520U 26197U   26283.60509142  .00079131  00000-0  69874-3 0  9998
2 A0520  70.0007  64.7447 0003544 269.5425  90.5364 15.68297804  7154
0 STARLINK-31240
1 59041U 24038U   26283.60507235 -.00000929  00000-0 -24231-4 0  9993
2 59041  43.0005 250.1037 0002298 273.2813  86.7776 15.27563757147661
0 YAOGAN 16C
1 39013U 12066C   26283.60504417 -.00000010  00000-0  74648-4 0  9994
2 39013  63.3564 351.3981 0445045  27.4069 334.9688 13.45513811681665
0 ONEWEB-0017
1 45132U 20008B   26283.60500751 -.00000098  00000-0 -31819-3 0  9994
2 45132  87.8925  13.3066 0001728 107.4063 252.7254 13.10377015323063
0 QIANFAN-34
1 61567U 24185R   26283.60495299  .00000525  00000-0  33210-3 0  9994
2 61567  88.9846  44.3373 0008257 101.5961 258.6147 14.02537759111660
0 STARLINK-35934
1 67542U 26014L   26283.60490430  .00024956  00000-0  77288-3 0  9995
2 67542  97.2846 168.7525 0001864  90.1703 269.9754 15.33440856 41719
0 STARLINK-36307
1 68306U 26057N   26283.60490126  .00026956  00000-0  83409-3 0  9997
2 68306  97.2877  48.7038 0000987 102.6397 257.4956 15.33454247 31591
0 KUIPER-00194
1 68577U 26072E   26283.60485532  .00000975  00000-0  15697-3 0  9996
2 68577  51.9031  40.2966 0000866 114.3253 245.7800 14.79922849 28281
0 IRIDIUM 161
1 43478U 18047C   26283.60483937  .00000226  00000-0  61294-4 0  9993
2 43478  86.4508  40.1774 0002275  92.6669 267.4793 14.43281232441788
0 STARLINK-37723
1 69128U 26110E   26283.60481460  .00010999  00000-0  34250-3 0  9991
2 69128  97.2836 118.3253 0001680  87.8792 272.2643 15.33447959 23294
0 QIANFAN-75
1 63161U 25046C   26283.60478254  .00000099  00000-0  13429-3 0  9991
2 63161  88.9625 288.7875 0015297 341.8048  18.2554 13.51034235 88103
0 QIANFAN-92
1 66034U 25233B   26283.60475693  .00000098  00000-0  13360-3 0  9998
2 66034  89.0069  31.4899 0002120  98.0913 262.0479 13.51030183 48762
0 STARLINK-4649
1 53831U 22114P   26283.60474942 -.00000250  00000-0  37360-5 0  9999
2 53831  53.1620  45.4070 0001044  75.8771 284.2348 15.34387220225468
0 STARLINK-31075
1 58594U 23200F   26283.60472432  .00001728  00000-0  72276-4 0  9993
2 58594  42.9990  34.7523 0000476 263.7688  96.3109 15.27583623156481
0 ONEWEB-0260
1 48978U 21060M   26283.60469082  .00000048  00000-0  91301-4 0  9991
2 48978  87.9172 205.8774 0002137  67.4793 292.6564 13.16593393254798
0 STARLINK-11721
1 64127U 25111E   26283.60465729  .00171991  00000-0  13048-2 0  9996
2 64127  42.9990 118.0553 0002959 250.2608 109.7941 15.71046412 80444
0 STARLINK-3354
1 51146U 22005AU  26283.60465608  .00000422  00000-0  23637-4 0  9995
2 51146  53.1614  35.4004 0001552  81.5373 278.5805 15.34395706261439
0 STARLINK-37922
1 69971U 26157AE  26283.60459155  .00016131  00000-0  48760-3 0  9999
2 69971  53.1600 239.4231 0001568  86.2414 273.8768 15.34395791 14461
0 STARLINK-30164
1 57500U 23113F   26283.60458305  .00000056  00000-0  11577-4 0  9995
2 57500  43.0048 242.3438 0001226 267.7349  92.3362 15.27578357176541
0 STARLINK-2428
1 48099U 21027H   26283.60456134  .00003866  00000-0  13625-3 0  9995
2 48099  53.1583 247.5811 0001575 101.6848 258.4330 15.31707371305403
0 STARLINK-37105
1 68610U 26073J   26283.60439085  .00017861  00000-0  55420-3 0  9997
2 68610  97.2831 121.3667 0001756  91.1945 268.9499 15.33447338 28825
0 STARLINK-3575
1 51878U 22022AC  26283.60437269  .00004028  00000-0  12625-3 0  9998
2 51878  53.1568 110.1080 0001220  99.0011 261.1130 15.35415170255755
0 YAOGAN-33
1 47302U 20103A   26283.60434706  .00000330  00000-0  80336-4 0  9993
2 47302  98.0213 161.3773 0004341 115.1158 245.0493 14.58635792308135
0 STARLINK-30365
1 57734U 23131C   26283.60434149  .00000482  00000-0  27050-4 0  9990
2 57734  43.0011  38.8011 0001553 268.2069  91.8605 15.27581503172786
0 STARLINK-38385
1 A0779U 26219AC  26283.60426897  .00145490  00000-0  12701-2 0  9992
2 A0779  70.0022  42.5420 0003354 273.4907  86.5904 15.68353659  3253
0 STARLINK-2449
1 48112U 21027W   26283.60421905  .00001699  00000-0  66480-4 0  9999
2 48112  53.1588 247.5695 0001384 103.8708 256.2448 15.31709374305413
0 STARLINK-3392
1 51123U 22005V   26283.60416117  .00000617  00000-0  29383-4 0  9991
2 51123  53.1619  31.6738 0000955  91.7688 268.3424 15.34390266261495
0 STARLINK-34800
1 65361U 25190L   26283.60413860  .00028880  00000-0  86306-3 0  9999
2 65361  53.1590 247.5063 0001962 103.0879 257.0342 15.34382626 62224
0 STARLINK-4298
1 53177U 22083AX  26283.60413381  .00000178  00000-0  16400-4 0  9996
2 53177  53.1589 238.0816 0001333  94.7958 265.3197 15.34388284234363
0 STARLINK-3732
1 52126U 22029AQ  26283.60413012  .00000810  00000-0  35125-4 0  9998
2 52126  53.1606 175.3905 0001118  91.1748 268.9383 15.34389997253489
0 STARLINK-11345
1 62093U 24220F   26283.60410630  .00275189  00000-0  20614-2 0  9998
2 62093  43.0000 187.6382 0004793 309.0259  51.0182 15.71022421108758
0 STARLINK-5049
1 57246U 23094AE  26283.60409025  .00000921  00000-0  42989-4 0  9997
2 57246  43.0017 245.7119 0001542 269.7000  90.3675 15.27571025180112
0 STARLINK-5876
1 56321U 23058E   26283.60404135 -.00331804  00000-0 -10781-1 0  9998
2 56321  97.2840 280.0434 0001676  87.0704 273.0731 15.33298796190361
0 STARLINK-3185
1 51144U 22005AS  26283.60397710  .00000351  00000-0  23082-4 0  9996
2 51144  53.1624  36.1974 0001006  82.3490 277.7626 15.31704315261434
0 STARLINK-31170
1 58801U 24012Q   26283.60397474 -.00000543  00000-0 -10213-4 0  9997
2 58801  43.0043  31.5815 0001012 275.4958  84.5778 15.27579101154103
0 STARLINK-34071
1 63910U 25095W   26283.60393278  .00021194  00000-0  77692-3 0  9990
2 63910  43.0035  42.7082 0001452 287.9439  72.1254 15.27603673 80642
0 ONEWEB-0356
1 49283U 21090E   26283.60389707 -.00000012  00000-0 -62169-4 0  9992
2 49283  87.9173 251.4075 0002461  75.4395 284.7011 13.20771744245069
0 QIANFAN-186
1 69404U 26125D   26283.60387371  .00000011  00000-0 -12742-5 0  9999
2 69404  88.9892 268.2780 0002244  91.0633 269.0776 13.51028533 17529
0 GAOFEN 9 03
1 45794U 20039A   26283.60379906  .00010120  00000-0  30800-3 0  9992
2 45794  97.5547  59.8664 0011674  37.3609 322.8443 15.34148364351445
0 FENGYUN 1C DEB
1 31282U 99025BNQ 26283.60373382  .00000405  00000-0  12254-3 0  9990
2 31282  99.2356 231.0048 0127993 115.9438 245.5003 14.43861166 14668
0 STARLINK-32436
1 61215U 24171R   26283.60371676  .00001612  00000-0  58864-4 0  9992
2 61215  53.1615  39.8737 0001334  79.6114 280.5039 15.34392376115337
0 STARLINK-33625
1 63327U 25057W   26283.60365708  .00025809  00000-0  94324-3 0  9995
2 63327  43.0016 249.5217 0001131 272.3614  87.7108 15.27611488 88738
0 STARLINK-33863
1 63864U 25094A   26283.60361053  .00029491  00000-0  99930-3 0  9990
2 63864  70.0019  47.8686 0002605 263.2192  96.8687 15.30448237 79516
0 STARLINK-34244
1 65351U 25190A   26283.60358124  .00028519  00000-0  85167-3 0  9992
2 65351  53.1598 245.4021 0001575  80.7470 279.3711 15.34411220 62725
0 QIANFAN-219
1 69848U 26155A   26283.60354708  .00000080  00000-0  10518-3 0  9994
2 69848  89.0123  51.6890 0001683 112.5604 247.5726 13.51030942 13450
0 STARLINK-36196
1 67107U 25299F   26283.60353579  .00012617  00000-0  46684-3 0  9995
2 67107  42.9992  35.3466 0001063 271.3269  88.7461 15.27607459 45981
0 STARLINK-31522
1 59204U 24046D   26283.60352377  .00000468  00000-0  25010-4 0  9990
2 59204  53.1604 235.6878 0001573  72.4304 287.6870 15.34392229145970
0 YAOGAN-30 AC
1 48863U 21055D   26283.60352336  .00002281  00000-0  16770-3 0  9998
2 48863  34.9945 167.8439 0002278  94.1698 265.9271 15.03120625290265
0 STARLINK-4759
1 53829U 22114M   26283.60349456  .00000345  00000-0  20786-4 0  9994
2 53829  53.1625  46.1029 0001200  81.5843 278.5296 15.35397839225455
0 JILIN-01 KUANFU 02A
1 57696U 23127A   26283.60322437  .00004186  00000-0  26435-3 0  9998
2 57696  97.5561  15.9036 0012232 265.0550  94.9282 15.09552510173058
0 QIANFAN-149
1 69108U 26108E   26283.60317123  .00000137  00000-0  19390-3 0  9991
2 69108  89.0199  10.5576 0002335 100.6584 259.4830 13.51028471 20019
0 KUIPER-00599
1 69283U 26118S   26283.60317118  .00003108  00000-0  43646-3 0  9992
2 69283  51.9003 245.2128 0000972  41.9051 318.1986 14.79932777 21320
0 STARLINK-37046
1 68102U 26044B   26283.60314714  .00021850  00000-0  67643-3 0  9995
2 68102  97.2874 242.1968 0003213 113.1237 247.0345 15.33475889 34516
0 GAOFEN 12-05
1 61571U 24186A   26283.60311789  .00000317  00000-0  47625-4 0  9996
2 61571  97.9131 290.2327 0000595  91.7643 268.3637 14.81029757106428
0 STARLINK-34090
1 63976U 25099AA  26283.60311141  .00029415  00000-0  10737-2 0  9995
2 63976  43.0003  39.1036 0001165 272.1157  87.9561 15.27595110 80159
0 STARLINK-6113
1 56113U 23046W   26283.60307236 -.00000806  00000-0 -19767-4 0  9999
2 56113  43.0063  27.4992 0001530 274.2725  85.7952 15.27576257194901
0 STARLINK-35524
1 65914U 25225E   26283.60306927  .00014569  00000-0  44138-3 0  9993
2 65914  53.1584 243.7868 0001600  83.8603 276.2582 15.34407236 57364
0 STARLINK-11201
1 60113U 24118A   26283.60306450 -.00000773  00000-0 -15238-5 0  9995
2 60113  53.1604 242.1301 0001267  91.0053 269.1110 15.69704089131744
0 STARLINK-5584
1 55769U 23028AE  26283.60306035  .00000575  00000-0  56001-4 0  9994
2 55769  70.0007  42.6413 0003548 268.0098  92.0655 14.98317352198728
0 STARLINK-3208
1 49769U 21115AX  26283.60289242  .00000196  00000-0  18080-4 0  9996
2 49769  53.1592 240.2029 0001302  96.0688 264.0462 15.31698829268310
0 STARLINK-38369
1 A0511U 26197K   26283.60278792  .00156517  00000-0  13678-2 0  9996
2 A0511  70.0006  64.7353 0003504 271.7806  88.2987 15.68292746  7158
0 STARLINK-3098
1 49442U 21104AL  26283.60273057  .00040168  00000-0  39884-3 0  9996
2 49442  53.1575 297.8540 0002284  64.3327 295.7924 15.65387410271724
0 STARLINK-36930
1 68018U 26040D   26283.60271262  .00040865  00000-0  12590-2 0  9994
2 68018  97.2848 230.5839 0001642 102.2018 257.9408 15.33502864 34391
0 STARLINK-34118
1 63900U 25095L   26283.60265037  .00018932  00000-0  69540-3 0  9999
2 63900  43.0028  42.6990 0001417 284.6234  75.4461 15.27595590 80653
0 STARLINK-3506
1 51751U 22016AP  26283.60264665  .00000655  00000-0  30522-4 0  9998
2 51751  53.1622  45.3998 0001048  73.0418 287.0700 15.34390346256403
0 STARLINK-4764
1 53827U 22114K   26283.60261621  .00001918  00000-0  65877-4 0  9996
2 53827  53.1630  46.0974 0000806  80.8206 279.2888 15.35398277225455
0 QIANFAN-58
1 62788U 25016D   26283.60260278  .00000060  00000-0  73492-4 0  9992
2 62788  88.9673  71.6064 0013829 184.0157 176.0885 13.51028607 88001
0 FENGYUN 1C DEB
1 33679U 99025DFQ 26283.60259087  .00027139  00000-0  10755-2 0  9993
2 33679  99.3493  62.0226 0106666  31.7619 328.9985 15.20196397986849
0 STARLINK-37103
1 68267U 26055F   26283.60255552  .00033639  00000-0  10010-2 0  9996
2 68267  53.1591  35.4422 0001548 284.4833  75.5998 15.34439165 32914
0 STARLINK-37886
1 69943U 26157A   26283.60249434  .00033333  00000-0  99321-3 0  9997
2 69943  53.1591 239.4162 0001706  84.3422 275.7775 15.34402363 14467
0 STARLINK-31241
1 59045U 24038Y   26283.60248255 -.00003319  00000-0 -11113-3 0  9991
2 59045  43.0022 250.0838 0000693 282.4269  77.6505 15.27583370147725
0 IRIDIUM 140
1 43252U 18030D   26283.60235468 -.00000016  00000-0 -12943-4 0  9995
2 43252  86.3949 242.1517 0002097  84.7528 275.3907 14.34217178446736
0 ONEWEB-0247
1 48777U 21045L   26283.60234751 -.00000040  00000-0 -14104-3 0  9993
2 48777  87.9020 236.2010 0001703  53.3111 306.8176 13.15548707259581
0 STARLINK-36261
1 67105U 25299D   26283.60225737  .00026003  00000-0  95040-3 0  9991
2 67105  42.9983  35.3420 0001145 262.5873  97.4848 15.27605507 45981
0 FENGYUN 1C DEB
1 36182U 99025DTF 26283.60223842  .00002366  00000-0  81706-3 0  9995
2 36182  99.1029 232.6257 0019868 282.5094  77.3867 14.36730157922896
0 QIANFAN-166
1 69383U 26124B   26283.60222933  .00000101  00000-0  13823-3 0  9994
2 69383  89.0073 350.0186 0001969 109.1501 250.9863 13.51026662 17624
0 ONEWEB-0361
1 49287U 21090J   26283.60219733 -.00000022  00000-0 -85237-4 0  9999
2 49287  87.9172 251.4125 0002063  83.8107 276.3261 13.20770689245533
0 STARLINK-1297
1 45395U 20019AM  26283.60216159  .00510296  13527-3  68622-3 0  9990
2 45395  53.0277 140.5210 0003946 215.7478 144.3290 16.05928693363274
0 KUIPER-00272
1 68588U 26072R   26283.60214137  .00001934  00000-0  28266-3 0  9991
2 68588  51.8991  42.7547 0000537 126.9692 233.1320 14.79935655 28243
0 STARLINK-3356
1 51133U 22005AF  26283.60212231  .00046749  00000-0  43402-3 0  9996
2 51133  53.1597  28.7392 0001546  66.7995 293.3184 15.66998192261526
0 FENGYUN 1C DEB
1 30828U 99025AVN 26283.60209432  .00006245  00000-0  56700-3 0  9991
2 30828  98.3986  49.1904 0189666 290.6866  67.4104 14.82935570 31084
0 TIANMU-1 08
1 57400U 23101B   26283.60205991  .00005862  00000-0  19866-3 0  9990
2 57400  97.2458 331.3838 0005415  79.2270 280.9581 15.30919749179293
0 STARLINK-32561
1 62026U 24213U   26283.60202493  .00016267  00000-0  49141-3 0  9999
2 62026  53.1584 247.4153 0001552 106.1143 254.0030 15.34407218106094
0 STARLINK-30230
1 57503U 23113J   26283.60201297 -.00000021  00000-0  87512-5 0  9990
2 57503  43.0051 242.3076 0001208 259.9933 100.0782 15.27579489176436
0 STARLINK-37621
1 69830U 26154M   26283.60199579  .00036414  00000-0  10841-2 0  9995
2 69830  53.1602 237.8012 0001568  89.7733 270.3449 15.34387498 16328
0 STARLINK-35709
1 66216U 25244L   26283.60197614  .00021097  00000-0  63421-3 0  9991
2 66216  53.1586 309.5394 0001071  79.6305 280.4819 15.34378628 54595
0 LEMUR 2 HUBBLE-5
1 64840U 25135BT  26283.60186143  .00001673  00000-0  16066-3 0  9997
2 64840  97.7819  37.0148 0004479 326.5208  33.5729 14.94417512 71148
0 STARLINK-6076
1 56100U 23046H   26283.60178821 -.00000089  00000-0  62762-5 0  9997
2 56100  43.0051  27.5032 0001223 270.2604  89.8108 15.27578425194908
0 STARLINK-33984
1 63830U 25092AC  26283.60176496  .00023204  00000-0  84967-3 0  9996
2 63830  43.0012  38.7365 0001066 282.0916  77.9816 15.27596095 81483
0 QIANFAN-2
1 60380U 24140B   26283.60172728  .00000024  00000-0  17861-4 0  9995
2 60380  88.9659 267.7264 0014243  42.2524 317.9722 13.51021102108164
0 STARLINK-33573
1 62778U 25015W   26283.60163572  .00040149  00000-0  11905-2 0  9990
2 62778  53.1606  40.0565 0001282  91.0186 269.0963 15.34468528 97446
0 STARLINK-1305
1 45377U 20019T   26283.60158852  .00581127  17979-3  69618-3 0  9997
2 45377  53.0240 141.7414 0004991 223.8549 136.2088 16.07754244364089
0 STARLINK-35516
1 65918U 25225J   26283.60154111  .00027963  00000-0  83547-3 0  9992
2 65918  53.1590 245.9046 0001762  73.7542 286.3655 15.34406385 57330
0 STARLINK-32277
1 60376U 24138X   26283.60152402  .00000786  00000-0  34407-4 0  9994
2 60376  53.1618  29.7976 0001305  82.2924 277.8227 15.34394914123558
0 STARLINK-32458
1 61962U 24210D   26283.60144020  .00022547  00000-0  82574-3 0  9990
2 61962  43.0005  31.7762 0000827 270.9130  89.1627 15.27604931107945
0 FENGYUN 1C DEB
1 30899U 99025AYM 26283.60143610  .00004308  00000-0  15012-2 0  9992
2 30899  99.1669 204.5903 0030984 129.7827 353.5330 14.35641339  9194
0 STARLINK-37754
1 69201U 26114V   26283.60141212  .00041194  00000-0  12212-2 0  9999
2 69201  53.1613  19.6580 0000760 114.9212 245.1869 15.34464117 22534
0 STARLINK-3987
1 52699U 22053AV  26283.60139980  .00000018  00000-0  11685-4 0  9994
2 52699  53.1580 235.4936 0001589  82.1472 277.9711 15.34381506243946
0 STARLINK-34137
1 63953U 25099B   26283.60133719  .00020295  00000-0  74449-3 0  9991
2 63953  43.0037  42.5630 0001675 283.8876  76.1789 15.27602872 80204
0 JILIN-01 KUANFU 02B 3
1 61191U 24169C   26283.60132341  .00003698  00000-0  23416-3 0  9996
2 61191  97.5535  11.1902 0012005 272.3320  87.6535 15.09536800113236
0 TIANMU-1 12
1 58646U 23205B   26283.60131561  .00005278  00000-0  19797-3 0  9993
2 58646  97.3397 303.0999 0005841 309.9063  50.1663 15.27644446155128
0 STARLINK-3391
1 51117U 22005P   26283.60125552  .00000999  00000-0  39537-4 0  9999
2 51117  53.1621  32.2103 0001042  88.6365 271.4758 15.35401952261489
0 STARLINK-5630
1 55406U 23014R   26283.60122099  .00000276  00000-0  30955-4 0  9991
2 55406  70.0014 242.7223 0002721 280.4461  79.6391 14.98333929204241
0 STARLINK-36145
1 66983U 25288AA  26283.60115427  .00017773  00000-0  65362-3 0  9994
2 66983  43.0009 249.8841 0003734 265.3299  94.7126 15.27586117 48159
0 QIANFAN-38
1 62239U 24232C   26283.60110933  .00000126  00000-0  17630-3 0  9998
2 62239  89.0175  10.9772 0015555  50.0042 310.2472 13.51032812139987
0 STARLINK-1464
1 45751U 20038X   26283.60107219  .00085501  00000-0  56148-3 0  9998
2 45751  53.0410 243.0553 0003002  97.6306 262.5054 15.75019455350122
0 STARLINK-11747
1 64322U 25124F   26283.60105120  .00194046  00000-0  14794-2 0  9998
2 64322  42.9997 173.8647 0001395 259.7254 100.3456 15.70860404 76633
0 STARLINK-37133
1 68265U 26055D   26283.60102720  .00023876  00000-0  71518-3 0  9995
2 68265  53.1590  37.5662 0003059  95.3501 264.7851 15.34413856 32885
0 QIANFAN-21
1 61554U 24185C   26283.60102546  .00000449  00000-0  19312-3 0  9992
2 61554  88.9812  41.6479 0012792  99.8774 260.3863 14.22949710112893
0 STARLINK-30580
1 58115U 23161U   26283.60097763 -.00000041  00000-0  99369-5 0  9999
2 58115  53.1615 243.8553 0001437  94.7130 265.4037 15.34391697167360
0 QIANFAN-76
1 63162U 25046D   26283.60095312 -.00000043  00000-0 -84573-4 0  9992
2 63162  88.9625 288.7678 0012838 343.3951  16.6778 13.51017506 88116
0 JILIN-1-03
1 41914U 17002B   26283.60081286  .00012889  00000-0  28336-3 0  9994
2 41914  97.1970 289.2924 0007605 106.9941 253.2141 15.44097205539651
0 GLOBALSTAR M080
1 38041U 11080B   26283.60079874 -.00000110  00000-0 -33699-4 0  9996
2 38041  52.0083  27.6813 0000940 125.0506 248.6167 12.62268647683460
0 STARLINK-33579
1 62764U 25015G   26283.60078733  .00024556  00000-0  79985-3 0  9996
2 62764  53.1609  42.1844 0002354  88.7249 271.4022 15.31723881 97414
0 ONEWEB-0232
1 48781U 21045Q   26283.60076291 -.00000057  00000-0 -18445-3 0  9991
2 48781  87.9033 236.1861 0001886  79.5417 280.5926 13.15549589259821
0 FENGYUN 1C DEB
1 31663U 99025CBV 26283.60056431  .00003043  00000-0  32424-3 0  9998
2 31663  98.8467 225.4216 0187001   7.3845 353.0048 14.77808742 37303
0 STARLINK-4599
1 53631U 22104AV  26283.60055701 -.00000296  00000-0  23613-5 0  9990
2 53631  53.1601 333.5263 0001218  85.3249 274.7893 15.34394383228414
0 STARLINK-11424
1 61949U 24209L   26283.60055242  .00161638  00000-0  13064-2 0  9992
2 61949  53.1581  31.7140 0001286 117.7394 242.3754 15.69835698110435
0 KUIPER-00383
1 69268U 26118B   26283.60050037 -.00000756  00000-0 -70219-4 0  9994
2 69268  51.8960 247.7957 0001007  48.7876 311.3173 14.79928765 21281
0 STARLINK-32002
1 60200U 24124T   26283.60048216  .00001161  00000-0  49139-4 0  9998
2 60200  53.1606  42.5447 0001183  86.4696 273.6440 15.31714858127222
0 IRIDIUM 112
1 41925U 17003J   26283.60044256 -.00000026  00000-0 -16228-4 0  9993
2 41925  86.3983  40.0179 0002155  92.8224 267.3219 14.34217242509814
0 STARLINK-37894
1 69966U 26157Z   26283.60039086  .00027818  00000-0  83142-3 0  9997
2 69966  53.1585 239.4110 0001636  85.9934 274.1256 15.34399067 14468
0 STARLINK-32699
1 62482U 24254W   26283.60028133  .00016152  00000-0  59519-3 0  9990
2 62482  43.0020 245.8789 0000738 351.8371   8.2469 15.27580349100332
0 QIANFAN-94
1 66036U 25233D   26283.60027860  .00000098  00000-0  13280-3 0  9990
2 66036  89.0093  31.4726 0001805 108.6406 251.4942 13.51031129 48818
0 STARLINK-11458
1 62982U 25031B   26283.60019837  .00171132  00000-0  12963-2 0  9991
2 62982  42.9963 145.9277 0001929 235.9374 124.1311 15.71087152 96545
0 STARLINK-34693
1 64793U 25150D   26283.60010325 -.00000938  00000-0 -70779-4 0  9996
2 64793  70.0002 312.7707 0003726 264.5361  95.5373 14.98334266 68701
0 STARLINK-37362
1 68974U 26099Z   26283.60009689  .00024818  00000-0  74254-3 0  9997
2 68974  53.1596 341.5912 0002014  91.5354 268.5879 15.34428999 24997
0 FENGYUN 1C DEB
1 31628U 99025CAJ 26283.60008357  .00001535  00000-0  12093-2 0  9996
2 31628 102.2680 236.9403 0163608 218.7586 140.1730 13.88108914974862
0 STARLINK-36097
1 67091U 25298S   26283.60007849  .00157845  00000-0  13654-2 0  9995
2 67091  69.9776 153.2308 0011435 167.8328 192.3145 15.68466213 46388
0 STARLINK-34116
1 63890U 25095A   26283.60007557  .00016073  00000-0  59204-3 0  9998
2 63890  43.0036  42.6825 0001821 285.8282  74.2369 15.27596301 80657
0 STARLINK-4043
1 52836U 22062G   26283.60003518  .00010226  00000-0  34039-3 0  9993
2 52836  53.1598 115.6228 0001275  81.1997 278.9148 15.31743485238702
0 STARLINK-36923
1 68016U 26040B   26283.59998470  .00030247  00000-0  93551-3 0  9997
2 68016  97.2853 230.5874 0000370 164.8911 195.2343 15.33444546 34391
0 STARLINK-32961
1 63122U 25039U   26283.59998040  .00020063  00000-0  73599-3 0  9995
2 63122  43.0039 239.1562 0002325 265.9153  94.1433 15.27607243 90938
0 STARLINK-37918
1 69831U 26154N   26283.59989259  .00027082  00000-0  81032-3 0  9998
2 69831  53.1586 237.7902 0001268  82.0317 278.0830 15.34378230 16321
0 ONEWEB-0455
1 51645U 22012Z   26283.59988740  .00000210  00000-0  84059-4 0  9992
2 51645  87.5281 239.7638 0018698 125.6532 234.6404 14.23680483242569
0 STARLINK-36142
1 66981U 25288Y   26283.59987714  .00023008  00000-0  84232-3 0  9991
2 66981  43.0010 249.8783 0001054 272.7516  87.3215 15.27607084 48155
0 FENGYUN 1C DEB
1 30150U 99025TF  26283.59980750  .00000583  00000-0  49232-3 0  9997
2 30150  99.0314  53.7078 0146262 239.9041 132.8329 13.86970673996424
0 KUIPER-00020
1 63735U 25088M   26283.59979861  .00001116  00000-0  17534-3 0  9994
2 63735  51.9017 232.7822 0000938  66.1671 293.9390 14.79930621 79487
0 STARLINK-3231
1 49744U 21115W   26283.59970182 -.00002528  00000-0 -69727-4 0  9994
2 49744  53.1599 246.1803 0001203 108.8415 251.2717 15.31693433268222
0 STARLINK-36256
1 67103U 25299B   26283.59968505  .00016889  00000-0  62126-3 0  9994
2 67103  43.0009  35.3229 0001267 267.2202  92.8504 15.27611645 45988
0 QIANFAN-183
1 69401U 26125A   26283.59965316  .00000017  00000-0  73749-5 0  9994
2 69401  88.9839 268.2401 0002409  93.4947 266.6479 13.51028114 17522
0 YAOGAN-36 05C
1 57456U 23106E   26283.59960197  .00004262  00000-0  20898-3 0  9990
2 57456  34.9924  81.2608 0002543 295.7352  64.3098 15.17560432178406
0 STARLINK-33568
1 62779U 25015X   26283.59954539  .00034711  00000-0  10329-2 0  9997
2 62779  53.1613  40.0483 0002605 106.4816 253.6473 15.34422419 97281
0 STARLINK-36300
1 68303U 26057K   26283.59946481  .00021039  00000-0  65204-3 0  9992
2 68303  97.2889  48.7143 0002029  94.6712 265.4763 15.33451234 31596
0 STARLINK-30231
1 57514U 23113V   26283.59945917 -.00001968  00000-0 -62031-4 0  9994
2 57514  43.0027 242.2973 0001026 266.7612  93.3123 15.27565325176543
0 KUIPER-00229
1 68578U 26072F   26283.59945351  .00001331  00000-0  20357-3 0  9991
2 68578  51.9009  45.3006 0000528 117.3558 242.7458 14.79930973 28210
0 STARLINK-30533
1 58037U 23156K   26283.59943545  .00025551  00000-0  76439-3 0  9995
2 58037  53.1586 245.8764 0001657  94.3973 265.7218 15.34415530167997
0 STARLINK-32847
1 62811U 25018F   26283.59942291  .00032098  00000-0  95605-3 0  9996
2 62811  53.1600  29.8331 0001411 101.3855 258.7306 15.34433588 96090
0 QIANFAN-229
1 69858U 26155L   26283.59938190  .00000073  00000-0  93952-4 0  9992
2 69858  89.0130  51.6914 0001781 102.7376 257.3974 13.51037409 13451
0 STARLINK-6084
1 56111U 23046U   26283.59937843  .00006941  00000-0  26175-3 0  9992
2 56111  43.0049  28.3168 0002416 290.7499  69.3093 15.27550472194896
0 FENGYUN 1C DEB
1 31296U 99025BPE 26283.59935367  .00049718  00000-0  46541-2 0  9995
2 31296  99.0568 243.5420 0017297 357.0186   3.0924 14.93758155 18180
0 GAOFEN 9 04
1 46025U 20054A   26283.59935001  .00013979  00000-0  35707-3 0  9995
2 46025  97.2317 351.0542 0010844  42.4628 317.7455 15.39520639344108
0 STARLINK-3386
1 51126U 22005Y   26283.59933218 -.00000507  00000-0 -45713-5 0  9994
2 51126  53.1622  36.3229 0001118  75.0258 285.0867 15.31705311261438
0 STARLINK-2412
1 48094U 21027C   26283.59928934  .00000578  00000-0  30386-4 0  9991
2 48094  53.1614 245.5539 0001588  86.8165 273.3018 15.31698699305443
0 STARLINK-3195
1 49762U 21115AQ  26283.59928654  .00000028  00000-0  11963-4 0  9991
2 49762  53.1604 235.4124 0001408  88.4685 271.6479 15.34385847268383
0 STARLINK-34127
1 63810U 25092G   26283.59919458  .00021864  00000-0  80103-3 0  9993
2 63810  43.0010  38.7256 0001357 270.5095  89.5601 15.27607390 81483
0 ONEWEB-0635
1 56076U 23043AG  26283.59917714 -.00000101  00000-0 -30204-3 0  9996
2 56076  87.9031 236.1916 0002176  74.3314 285.8056 13.15548048171608
0 ONEWEB-0252
1 48970U 21060D   26283.59913052 -.00000089  00000-0 -26759-3 0  9993
2 48970  87.9182 205.8703 0002115  77.4106 282.7262 13.16592488254843
0 YAOGAN-34 02
1 52084U 22027A   26283.59907098 -.00000056  00000-0  56564-4 0  9992
2 52084  63.3962 264.6022 0062191 355.1867   4.8554 13.45441197224447
0 STARLINK-3991
1 52641U 22052AV  26283.59906032 -.00000075  00000-0  93311-5 0  9999
2 52641  53.1610 357.3329 0001110  84.6041 275.5087 15.31698566243816
0 FENGYUN 1C DEB
1 30758U 99025ATU 26283.59905764  .00001474  00000-0  73352-3 0  9993
2 30758  99.0437  52.2201 0039631 223.8622 150.7437 14.18232987  7667
0 STARLINK-37560
1 A0036U 26161J   26283.59905461  .00030195  00000-0  90210-3 0  9998
2 A0036  53.1592 263.9452 0001775  65.0003 295.1184 15.34368652 13693
0 QIANFAN-145
1 69104U 26108A   26283.59903472  .00000029  00000-0  26787-4 0  9992
2 69104  89.0204  10.5433 0001857 115.5076 244.6267 13.51022200 20028
0 STARLINK-32112
1 60136U 24120B   26283.59897037 -.00002379  00000-0 -59326-4 0  9996
2 60136  53.1615  37.8742 0001229  96.1277 263.9865 15.34384473129414
0 STARLINK-5557
1 55770U 23028AF  26283.59889003 -.00000366  00000-0 -22849-4 0  9998
2 55770  70.0009  42.6263 0002874 274.4899  85.5932 14.98331173198728
0 STARLINK-3173
1 51111U 22005H   26283.59887891  .00001894  00000-0  65181-4 0  9991
2 51111  53.1608  29.9549 0001406 121.0188 239.0953 15.35405918261511
0 QIANFAN-130
1 69076U 26104D   26283.59885882  .00000077  00000-0  10114-3 0  9999
2 69076  88.9871 329.7238 0002142  88.0152 272.1244 13.51024023 20722
0 STARLINK-35493
1 65928U 25225U   26283.59885879  .00006462  00000-0  20209-3 0  9990
2 65928  53.1597 243.7590 0001927  83.9070 276.2152 15.34419886 57363
0 STARLINK-31523
1 59220U 24046V   26283.59884303 -.00000656  00000-0 -82828-5 0  9997
2 59220  53.1614 232.0988 0001584  84.7222 275.3961 15.34389263146014
0 FENGYUN 1C DEB
1 37008U 99025ECQ 26283.59883331  .00001013  00000-0  60492-3 0  9993
2 37008  99.1628  51.5758 0059456 134.7184 225.8848 14.08692272645635
0 STARLINK-34121
1 63961U 25099K   26283.59876846  .00025475  00000-0  93113-3 0  9997
2 63961  43.0046  42.5424 0001169 270.8290  89.2427 15.27613503 80205
0 YAOGAN 26
1 40362U 14088A   26283.59866111  .00009372  00000-0  15882-3 0  9992
2 40362  97.0717 281.5100 0002968  23.7374 336.4015 15.51732280655570
0 STARLINK-31234
1 59043U 24038W   26283.59861741 -.00000143  00000-0  43108-5 0  9990
2 59043  43.0012 250.0550 0000954 253.0207 107.0541 15.27581989147552
0 STARLINK-38438
1 A0766U 26219P   26283.59860934  .00255511  00000-0  22063-2 0  9998
2 A0766  70.0000  42.5158 0003667 268.7580  91.3194 15.68279924  3251
0 IRIDIUM 162
1 43482U 18047G   26283.59853704  .00000276  00000-0  75919-4 0  9993
2 43482  86.4507  40.0699 0002129  93.1432 267.0013 14.43280953441778
0 STARLINK-11548
1 62829U 25019A   26283.59852977  .00155239  00000-0  11847-2 0  9995
2 62829  42.9995  90.2870 0005113 285.6743  74.3560 15.70951016 97688
0 FENGYUN 1C DEB
1 38166U 99025ERP 26283.59851670  .00005662  00000-0  19778-2 0  9994
2 38166  99.0838  46.1929 0052261 242.7312 116.8542 14.34883011680960
0 STARLINK-30350
1 57746U 23131Q   26283.59841198 -.00000924  00000-0 -24064-4 0  9992
2 57746  43.0010  35.3688 0001271 274.8122  85.2585 15.27583262172823
0 QIANFAN-56
1 62786U 25016B   26283.59834075  .00000061  00000-0  75097-4 0  9994
2 62786  88.9673  71.6194 0015686 192.5654 167.5108 13.51021384 87997
0 FENGYUN 1C DEB
1 31441U 99025BUD 26283.59820841  .00084143  00000-0  55187-2 0  9994
2 31441  99.2801 204.3362 0059408  95.7969 265.0029 15.05835549685867
0 ONEWEB-0704
1 61609U 24188R   26283.59820404 -.00000595  00000-0 -17394-2 0  9995
2 61609  87.8924  13.3001 0001616 137.7459 222.3793 13.10374909 98406
0 STARLINK-32753
1 62481U 24254V   26283.59818100  .00023975  00000-0  87723-3 0  9997
2 62481  43.0036 242.3991 0000847 299.0435  61.0332 15.27605671100523
0 STARLINK-11198
1 60114U 24118B   26283.59816169 -.00000599  00000-0 -81557-7 0  9992
2 60114  53.1597 242.0968 0001309  93.6312 266.4856 15.69702363131747
0 STARLINK-33897
1 63865U 25094B   26283.59815931  .00033026  00000-0  11182-2 0  9999
2 63865  70.0018  47.8437 0003525 273.9377  86.1396 15.30440754 79734
0 TIANMU-1 16
1 58701U 24004B   26283.59811649  .00005632  00000-0  21104-3 0  9992
2 58701  97.4602 109.0269 0004352 312.6286  47.4586 15.27667178153395
0 QIANFAN-165
1 69382U 26124A   26283.59809242  .00000111  00000-0  15253-3 0  9995
2 69382  89.0054 350.0043 0002489 113.9018 246.2394 13.51026017 17629
0 GAOFEN 3
1 41727U 16049A   26283.59806686 -.00000012  00000-0  95035-5 0  9991
2 41727  98.4050 289.6637 0001289  99.7299 260.4036 14.42211451535284
0 GAOFEN 1-04
1 43262U 18031D   26283.59805692  .00000553  00000-0  86808-4 0  9992
2 43262  98.0411 345.7718 0002352  67.8931 292.2528 14.76465268459718
0 QIANFAN-42
1 62243U 24232G   26283.59801900  .00000373  00000-0  15404-3 0  9993
2 62243  89.0141   3.0671 0015686 168.7457 191.4090 14.24661458144344
0 STARLINK-11399
1 63063U 25035M   26283.59793665  .00206431  00000-0  15722-2 0  9999
2 63063  43.0004 159.6471 0002057 266.0057  94.0576 15.70845846 95029
0 STARLINK-30308
1 57742U 23131L   26283.59792419  .00001016  00000-0  46461-4 0  9995
2 57742  43.0039  38.7881 0001576 266.0890  93.9782 15.27579835172797
0 QIANFAN-35
1 61568U 24185S   26283.59789324  .00000544  00000-0  21197-3 0  9990
2 61568  88.9880  41.4719 0006886  32.5194 327.6423 14.28377412113266
0 STARLINK-3374
1 51112U 22005J   26283.59787448 -.00000204  00000-0  51083-5 0  9991
2 51112  53.1616  31.8308 0001249  87.2906 272.8240 15.34393235261490
0 STARLINK-4790
1 53859U 22114AT  26283.59786907  .00000531  00000-0  28869-4 0  9998
2 53859  53.1625  30.4040 0000966  91.1626 268.9486 15.31705178225674
0 LEMUR 2 SEJONG-2
1 64586U 25135BL  26283.59786895  .00004703  00000-0  40857-3 0  9994
2 64586  97.7791  37.9583 0002901 309.8833  50.2133 14.97490413 71219
0 KUIPER-00592
1 69277U 26118L   26283.59779512  .00003082  00000-0  43302-3 0  9993
2 69277  51.9020 250.2150 0000828  55.8905 304.2136 14.79938028 21255
0 STARLINK-37584
1 69844U 26154AB  26283.59778475  .00021706  00000-0  65172-3 0  9992
2 69844  53.1585 237.7392 0001758  93.0035 267.1169 15.34398539 16328
0 QIANFAN-126
1 68653U 26075T   26283.59776091  .00000061  00000-0  75678-4 0  9997
2 68653  88.9830 309.1717 0001506  88.3218 271.8106 13.51021222 25412
0 STARLINK-33885
1 63886U 25094Y   26283.59774669  .00024319  00000-0  84760-3 0  9992
2 63886  70.0016  47.8391 0003872 272.5948  87.4784 15.29580964 79515
0 FENGYUN 1C DEB
1 36994U 99025ECA 26283.59769110  .00000016  00000-0  42521-4 0  9990
2 36994  98.6816 230.6489 0115131 182.5751 177.4831 13.90881070851039
0 QIANFAN-13
1 60391U 24140N   26283.59766115  .00000030  00000-0  27001-4 0  9998
2 60391  88.9915 268.2101 0014898  60.2878 299.9753 13.51024588108024
0 STARLINK-11432
1 62882U 25024D   26283.59760207  .00221379  00000-0  16693-2 0  9997
2 62882  42.9995 326.2782 0001377 228.5307 131.5443 15.71038211 97265
0 ONEWEB-0245
1 48778U 21045M   26283.59758604 -.00000109  00000-0 -32298-3 0  9990
2 48778  87.9030 236.1917 0001559  83.0692 277.0616 13.15546644259554
0 STARLINK-31168
1 58798U 24012M   26283.59754775  .00000622  00000-0  32117-4 0  9994
2 58798  43.0028  31.5298 0000296 201.9090 158.1749 15.27583446154103
0 YAOGAN 15
1 38354U 12029A   26283.59743336 -.00000344  00000-0 -75506-3 0  9997
2 38354 100.7213 130.4380 0025711  31.2999 328.9639 13.18387799690659
0 STARLINK-32049
1 60199U 24124S   26283.59738655 -.00000966  00000-0 -17459-4 0  9990
2 60199  53.1607  39.6889 0001447  95.7620 264.3548 15.34385552128494
0 STARLINK-4436
1 53479U 22099Q   26283.59736306  .00000759  00000-0  25839-4 0  9992
2 53479  97.2865  40.9171 0000855  87.4937 272.6404 15.33433135228621
0 STARLINK-34913
1 65369U 25190U   26283.59735421  .00026732  00000-0  79965-3 0  9992
2 65369  53.1575 246.0460 0001441  93.3077 266.8090 15.34393219 62715
0 STARLINK-32268
1 60372U 24138T   26283.59731784  .00000144  00000-0  15399-4 0  9991
2 60372  53.1634  29.7744 0001559  90.7997 269.3184 15.34395870123550
0 STARLINK-36133
1 66963U 25288E   26283.59729263  .00019503  00000-0  71580-3 0  9991
2 66963  43.0016 249.8603 0003836 262.0720  97.9696 15.27601741 48155
0 STARLINK-1331
1 45578U 20025AZ  26283.59727556  .00114725  00000-0  45155-3 0  9998
2 45578  53.0371  86.7299 0000828 178.6788 181.4237 15.86066054359389
0 STARLINK-36568
1 68017U 26040C   26283.59727444  .00039824  00000-0  12270-2 0  9997
2 68017  97.2855 230.5924 0001891  78.6913 281.4542 15.33506991 34395
0 STARLINK-31490
1 59222U 24046X   26283.59721835 -.00002476  00000-0 -62198-4 0  9998
2 59222  53.1614 235.6357 0001341 107.8036 252.3113 15.34377540145968
0 STARLINK-1017
1 44723U 19074L   26283.59719008  .00048656  00000-0  11678-2 0  9995
2 44723  53.0416 246.7784 0005880  61.2057 298.9537 15.40897322381928
0 STARLINK-36219
1 67125U 25299Z   26283.59711502  .00014831  00000-0  54691-3 0  9994
2 67125  43.0018  35.2933 0000471 109.1694 250.9209 15.27607818 45984
0 KUIPER-00023
1 63737U 25088P   26283.59709394 -.00000641  00000-0 -55148-4 0  9996
2 63737  51.9013 235.2315 0000857  63.3569 296.7481 14.79925948 79584
0 STARLINK-5607
1 55404U 23014P   26283.59704006 -.00000041  00000-0  43746-5 0  9995
2 55404  69.9992 242.7082 0003362 270.3014  89.7760 14.98331305204246
0 GAOFEN 11 2
1 46396U 20064A   26283.59703851  .00005431  00000-0  23144-3 0  9999
2 46396  97.5292  49.8543 0019743 255.6478 104.2567 15.23209987339105
0 QIANFAN-50
1 62251U 24232Q   26283.59694515  .00000125  00000-0  17431-3 0  9991
2 62251  89.0179  10.9910 0016875  50.5977 309.6666 13.51034012108625
0 STARLINK-11522
1 63141U 25043K   26283.59692965  .00200149  00000-0  15164-2 0  9996
2 63141  43.0013  35.1276 0002259 243.0963 116.9674 15.70990341 93091
0 STARLINK-32043
1 60135U 24120A   26283.59686233 -.00000205  00000-0  50828-5 0  9993
2 60135  53.1629  37.8548 0001259  96.8284 263.2861 15.34387498129330
0 STARLINK-30614
1 58098U 23161B   26283.59676934  .00001029  00000-0  41604-4 0  9994
2 58098  53.1610 243.8543 0001344  81.0720 279.0434 15.34395645167375
0 STARLINK-37155
1 68314U 26057W   26283.59674529  .00021403  00000-0  66328-3 0  9998
2 68314  97.2839  48.7165 0002024  91.0523 269.0952 15.33450098 31590
0 STARLINK-31517
1 59213U 24046N   26283.59674010  .00001321  00000-0  50260-4 0  9993
2 59213  53.1621 232.1190 0001626  97.8479 262.2709 15.34389094146013
0 QIANFAN-79
1 63165U 25046G   26283.59667292  .00000009  00000-0 -47107-5 0  9999
2 63165  88.9627 288.7474 0013965 343.2943  16.7747 13.51021445 88133
0 STARLINK-33978
1 63832U 25092AE  26283.59662635  .00027072  00000-0  98901-3 0  9991
2 63832  43.0030  38.7090 0002230 278.5233  81.5366 15.27602313 81534
0 ONEWEB-0048
1 45153U 20008Y   26283.59651804 -.00000469  00000-0 -13795-2 0  9995
2 45153  87.8918  13.3227 0001757  97.5223 262.6104 13.10375413322924
0 STARLINK-2462
1 48121U 21027AF  26283.59648955  .00000518  00000-0  28446-4 0  9992
2 48121  53.1599 234.7660 0001288  96.2429 263.8719 15.31708153305580
0 STARLINK-37042
1 68266U 26055E   26283.59633476  .00030576  00000-0  91194-3 0  9998
2 68266  53.1593  36.1122 0001974  86.9081 273.2148 15.34415291 32900
0 FENGYUN 1C DEB
1 37444U 99025EHN 26283.59633116  .00004326  00000-0  78076-3 0  9998
2 37444  99.0836  32.2688 0238678 165.5881 195.2278 14.50223199695231
0 STARLINK-4360
1 53482U 22099T   26283.59631813  .00001672  00000-0  54107-4 0  9998
2 53482  97.2843  37.0284 0002359  93.5842 266.5671 15.33446015228367
0 STARLINK-34877
1 65630U 25210J   26283.59624542  .00021809  00000-0  65406-3 0  9992
2 65630  53.1611  23.9427 0001329  77.7745 282.3406 15.34431564 60702
0 STARLINK-33600
1 62772U 25015Q   26283.59621541  .00022357  00000-0  72913-3 0  9995
2 62772  53.1615  42.8599 0002621  87.8824 272.2478 15.31739044 97401
0 STARLINK-5014
1 53926U 22119AS  26283.59612003  .00000505  00000-0  28049-4 0  9994
2 53926  53.1607  24.9145 0001468  94.1378 265.9791 15.31704449224909
0 QIANFAN-91
1 66033U 25233A   26283.59607975  .00000112  00000-0  15507-3 0  9997
2 66033  89.0085  31.5378 0001641 106.8389 253.2943 13.51032798 48766
0 STARLINK-35879
1 66960U 25288B   26283.59602255  .00021422  00000-0  78500-3 0  9991
2 66960  42.9988 249.8561 0000465 252.5475 107.5325 15.27610192 48154
0 IRIDIUM 143
1 43258U 18030K   26283.59601133  .00000010  00000-0 -35833-5 0  9992
2 43258  86.3950 242.2848 0002011  86.1676 273.9750 14.34217411446637
0 ONEWEB-0243
1 48774U 21045H   26283.59600945 -.00000107  00000-0 -31840-3 0  9990
2 48774  87.9021 236.2083 0001926  62.2411 297.8914 13.15548865259537
0 STARLINK-32625
1 62154U 24224R   26283.59595571  .00015393  00000-0  56713-3 0  9995
2 62154  43.0063  24.7265 0001801 276.4280  83.6367 15.27614340105238
0 STARLINK-2739
1 48639U 21044B   26283.59594422  .00014904  00000-0  49093-3 0  9998
2 48639  53.1585 193.6791 0001400  96.4592 263.6569 15.31708842296750
0 STARLINK-2442
1 48106U 21027Q   26283.59585636  .00002403  00000-0  89151-4 0  9996
2 48106  53.1610 232.4841 0001310 100.8517 259.2631 15.31708901305616
0 STARLINK-35674
1 67117U 25299R   26283.59584716  .00021855  00000-0  80137-3 0  9998
2 67117  43.0026  35.2915 0000275 242.2331 117.8493 15.27579159 45985
0 STARLINK-31869
1 60196U 24124P   26283.59583477 -.00001452  00000-0 -35024-4 0  9996
2 60196  53.1631  42.5152 0001470  98.2472 261.8696 15.31696055127229
0 STARLINK-3372
1 51113U 22005K   26283.59578244  .00000090  00000-0  13798-4 0  9996
2 51113  53.1619  31.9353 0001123  85.2330 274.8801 15.34397974261483
0 STARLINK-36336
1 67901U 26035Y   26283.59578188  .00035830  00000-0  11070-2 0  9991
2 67901  97.2859 215.1781 0001578  99.6419 260.5002 15.33440980 36921
0 STARLINK-1413
1 45689U 20035AJ  26283.59573959  .00027673  00000-0  57750-3 0  9997
2 45689  53.1506 121.4361 0003114 153.7219 206.3947 15.45352983351936
0 STARLINK-2516
1 48283U 21036H   26283.59573441  .00004739  00000-0  16429-3 0  9994
2 48283  53.1582 155.1989 0001339  90.8447 269.2708 15.31717450301346
0 STARLINK-3178
1 51467U 22010M   26283.59572913  .00000328  00000-0  20841-4 0  9992
2 51467  53.1612  22.1255 0001118  86.7039 273.4092 15.34390586259124
0 STARLINK-37887
1 69832U 26154P   26283.59567851  .00016540  00000-0  49965-3 0  9995
2 69832  53.1601 237.7557 0001627  87.5231 272.5958 15.34394524 16324
0 QIANFAN-197
1 69415U 26125Q   26283.59565161  .00000017  00000-0  72386-5 0  9999
2 69415  88.9887 268.2164 0002362  93.1402 267.0019 13.51024254 17545
0 STARLINK-11414
1 61948U 24209K   26283.59564656  .00250156  00000-0  19954-2 0  9991
2 61948  53.1594  31.6812 0000630 213.0993 146.9986 15.69861899110472
0 STARLINK-6114
1 56116U 23046Z   26283.59550862 -.00000327  00000-0 -23562-5 0  9992
2 56116  43.0036  28.2958 0001224 270.7952  89.2759 15.27574623194895
0 ONEWEB-0721
1 56725U 23068R   26283.59550161  .00000094  00000-0  18972-3 0  9990
2 56725  86.6783  48.6464 0001611  99.0040 261.1276 13.22476610173196
0 JILIN-01-06
1 43024U 17074C   26283.59548818  .00006862  00000-0  20537-3 0  9993
2 43024  97.4852  28.3038 0006803 176.0397 184.0901 15.34852235491537
0 STARLINK-33577
1 62762U 25015E   26283.59544846  .00030929  00000-0  10032-2 0  9993
2 62762  53.1608  42.1477 0001819  87.0271 273.0938 15.31735647 97412
0 STARLINK-34138
1 63971U 25099V   26283.59539973  .00020451  00000-0  75006-3 0  9995
2 63971  43.0001  39.0477 0001386 287.6300  72.4400 15.27605659 80247
0 STARLINK-11449
1 63012U 25032H   26283.59532569  .00178499  00000-0  13634-2 0  9996
2 63012  43.0012 339.8927 0001738 316.6185  43.4546 15.70865890 96015
0 STARLINK-33569
1 62769U 25015M   26283.59532274  .00025896  00000-0  77463-3 0  9991
2 62769  53.1605  40.0243 0000984  54.8728 305.2366 15.34411904 97441
0 YAOGAN 17C
1 39241U 13046C   26283.59532088  .00000095  00000-0  17532-3 0  9999
2 39241  63.3850 151.9433 0437494  12.0797 349.0324 13.45489720643909
0 STARLINK-6217
1 57058U 23088L   26283.59531556 -.00001022  00000-0 -27647-4 0  9993
2 57058  43.0039 336.6342 0000969 282.9667  77.1076 15.27571552183209
0 FENGYUN 1C DEB
1 29936U 99025JJ  26283.59525474  .00000172  00000-0  70893-4 0  9997
2 29936  98.6863  43.4498 0113786  15.0173 345.4345 14.35556380 32627
0 QIANFAN-223
1 69852U 26155E   26283.59525216  .00000073  00000-0  94891-4 0  9990
2 69852  89.0129  51.7467 0001807 102.9616 257.1737 13.51033025 13427
0 STARLINK-30595
1 58111U 23161Q   26283.59523949  .00000438  00000-0  24112-4 0  9995
2 58111  53.1577 245.9731 0001321 104.6698 255.4451 15.34396637167342
0 STARLINK-32230
1 60366U 24138M   26283.59521088  .00001542  00000-0  56781-4 0  9991
2 60366  53.1631  29.7594 0001752 116.3650 243.7533 15.34393837123554
0 ONEWEB-0591
1 54657U 22166R   26283.59514907  .00000021  00000-0  18494-4 0  9998
2 54657  87.9315 221.0220 0001999  76.2321 283.9036 13.21824027186804
0 STARLINK-38447
1 A0774U 26219X   26283.59505646  .00180805  00000-0  15746-2 0  9996
2 A0774  70.0007  42.5048 0003666 269.1334  90.9441 15.68300403  3253
0 STARLINK-37041
1 68104U 26044D   26283.59499984  .00027297  00000-0  84490-3 0  9998
2 68104  97.2848 242.2068 0002746  49.1373 311.0107 15.33438626 34516
0 QIANFAN-148
1 69107U 26108D   26283.59499953  .00000132  00000-0  18581-3 0  9996
2 69107  89.0200  10.5372 0002204 107.3410 252.7983 13.51029095 20010
0 JILIN-01 KUANFU 02B 2
1 61190U 24169B   26283.59477116  .00003860  00000-0  24474-3 0  9991
2 61190  97.5537  10.7485 0005845 352.7377   7.3766 15.09502614113238
0 QIANFAN-144
1 69090U 26104T   26283.59476662  .00000070  00000-0  89851-4 0  9995
2 69090  88.9871 329.6851 0002380  91.9486 268.1937 13.51022945 20742
0 STARLINK-35562
1 66063U 25235F   26283.59473901  .00020979  00000-0  63020-3 0  9998
2 66063  53.1587 325.6968 0001520  95.2991 264.8185 15.34405264 55844
0 STARLINK-37156
1 68263U 26055B   26283.59471800  .00021676  00000-0  65080-3 0  9992
2 68263  53.1600  37.5315 0001174  92.0051 268.1086 15.34400470 32886
0 STARLINK-5599
1 55766U 23028AB  26283.59471605 -.00000713  00000-0 -51926-4 0  9992
2 55766  70.0011  42.6115 0002814 273.2421  86.8416 14.98336683198726
0 STARLINK-32484
1 62160U 24224X   26283.59468043  .00020559  00000-0  75396-3 0  9993
2 62160  43.0008  24.7111 0000763 284.8907  75.1860 15.27604893105347
0 STARLINK-4443
1 53508U 22099AV  26283.59465630  .00000224  00000-0  92648-5 0  9994
2 53508  97.2875  40.9827 0001611  85.6483 274.4944 15.33420402228633
0 STARLINK-32856
1 62819U 25018P   26283.59464495  .00028877  00000-0  86189-3 0  9996
2 62819  53.1603  27.6725 0002832  85.1727 274.9599 15.34421068 96138
0 STARLINK-30089
1 56296U 23056L   26283.59458703  .00000366  00000-0  22848-4 0  9999
2 56296  43.0054  35.4705 0001470 263.4626  96.6059 15.27576464193365
0 STARLINK-36928
1 68020U 26040F   26283.59455581  .00032271  00000-0  99743-3 0  9991
2 68020  97.2851 230.5961 0001142  84.7470 275.3903 15.33452150 34391
0 QIANFAN-33
1 61566U 24185Q   26283.59451750  .00000203  00000-0  13618-3 0  9998
2 61566  88.9870  45.1733 0009785 102.5879 257.6393 13.96764328111298
0 KUIPER-00013
1 63729U 25088F   26283.59440757  .00000782  00000-0  13154-3 0  9996
2 63729  51.9019 237.8135 0000770  89.0701 271.0350 14.79929850 79392
0 QIANFAN-70
1 62800U 25016R   26283.59435220  .00000068  00000-0  86513-4 0  9992
2 62800  88.9694  71.7480 0015589 176.9526 183.1723 13.51025654 87993
0 FENGYUN 3C
1 39260U 13052A   26283.59425280  .00000073  00000-0  58381-4 0  9996
2 39260  98.5156 252.2555 0015624  53.8342 306.4276 14.15776282674890
0 JILIN-01-05
1 43023U 17074B   26283.59424545  .00009504  00000-0  27791-3 0  9997
2 43023  97.4935  31.4828 0005266 164.2876 195.8531 15.35481844491706
0 STARLINK-11712
1 64135U 25111N   26283.59416341  .00235388  00000-0  17813-2 0  9994
2 64135  42.9991 118.8647 0002670 254.2422 105.8151 15.70908472 80435
0 STARLINK-3158
1 49432U 21104AA  26283.59412154  .00000319  00000-0  22025-4 0  9990
2 49432  53.1602 318.3052 0001217  86.9553 273.1588 15.31706413271432
0 IRIDIUM 102
1 41920U 17003D   26283.59410074 -.00000051  00000-0 -25372-4 0  9999
2 41920  86.3984  40.1572 0001994  96.5276 263.6147 14.34216907509823
0 STARLINK-36854
1 68312U 26057U   26283.59402584  .00026846  00000-0  83073-3 0  9998
2 68312  97.2854  48.7188 0001155 117.6384 242.4976 15.33452545 31594
0 QIANFAN-180
1 69397U 26124R   26283.59397114  .00000105  00000-0  14342-3 0  9992
2 69397  89.0034 349.9335 0001760 106.8830 253.2514 13.51025701 17652
0 STARLINK-31685
1 59578U 24076Q   26283.59392862 -.00001943  00000-0 -61092-4 0  9999
2 59578  43.0041 234.9731 0000956 271.0735  89.0007 15.27590491139372
0 STARLINK-3928
1 52606U 22052J   26283.59385660 -.00001252  00000-0 -34265-4 0  9999
2 52606  53.1617  27.9470 0001206 105.0178 255.0955 15.26520767243386
0 STARLINK-4689
1 53590U 22104C   26283.59380967  .00000152  00000-0  16663-4 0  9993
2 53590  53.1611 318.4876 0001241  81.2244 278.8898 15.31701492228989
0 QIANFAN-121
1 68648U 26075N   26283.59376488  .00000044  00000-0  48830-4 0  9998
2 68648  88.9828 309.2048 0002102  93.3017 266.8374 13.51025093 25395
0 QIANFAN-211
1 69810U 26153L   26283.59373178  .00000349  00000-0  17453-3 0  9994
2 69810  88.9963 349.1551 0005605 259.7446 100.3109 14.14552466 13916
0 STARLINK-31193
1 58797U 24012L   26283.59369438 -.00000334  00000-0 -25983-5 0  9997
2 58797  43.0018  31.5071 0001109 272.7969  87.2756 15.27581815154103
0 QIANFAN-18
1 60396U 24140T   26283.59362483  .00000021  00000-0  13744-4 0  9992
2 60396  88.9678 267.6336 0015794  42.6231 317.6142 13.51026580108283
0 STARLINK-4393
1 53470U 22099F   26283.59359280 -.00000044  00000-0  97591-6 0  9999
2 53470  97.2861  37.0660 0001069  69.6004 290.5354 15.33432101228369
0 SWARM B
1 39451U 13067A   26283.59355774  .00002727  00000-0  95199-4 0  9990
2 39451  87.7394 307.2576 0002758  81.3546 278.8016 15.29146157700876
0 STARLINK-30363
1 57744U 23131N   26283.59332838 -.00000304  00000-0 -15171-5 0  9998
2 57744  43.0083  24.2859 0001947 279.1457  80.9174 15.27580347172958
0 STARLINK-36194
1 67130U 25299AE  26283.59326180  .00021891  00000-0  80210-3 0  9994
2 67130  43.0039  35.2698 0000575 254.9273 105.1515 15.27603434 45989
0 STARLINK-11112
1 60115U 24118C   26283.59324857  .00001683  00000-0  18747-4 0  9992
2 60115  53.1586 242.0631 0001352  94.2603 265.8570 15.69708907131747
0 STARLINK-33572
1 62767U 25015K   26283.59321914  .00026026  00000-0  77842-3 0  9993
2 62767  53.1608  40.0097 0002446  85.6519 274.4763 15.34411751 97385
0 STARLINK-4770
1 53849U 22114AH  26283.59321349  .00001002  00000-0  44056-4 0  9992
2 53849  53.1625  30.4524 0001387  71.9028 288.2125 15.31703943225673
0 STARLINK-31489
1 59300U 24056E   26283.59320523 -.00000282  00000-0 -73355-6 0  9997
2 59300  43.0011  96.8246 0001330 268.6881  91.3819 15.27570624144020
0 ONEWEB-0700
1 61606U 24188N   26283.59311597 -.00000671  00000-0 -19581-2 0  9995
2 61606  87.8935  13.2334 0001337 116.2038 243.9227 13.10373894 98412
0 STARLINK-38386
1 A0773U 26219W   26283.59310660  .00194975  00000-0  16943-2 0  9998
2 A0773  70.0002  42.4965 0003307 270.5412  89.5404 15.68311829  3256
0 STARLINK-32263
1 60371U 24138S   26283.59310460  .00000113  00000-0  14493-4 0  9994
2 60371  53.1623  29.7506 0001596 120.1051 240.0110 15.34399550123456
0 STARLINK-3199
1 49760U 21115AN  26283.59298097  .00000052  00000-0  12650-4 0  9991
2 49760  53.1582 235.4498 0000523 105.1523 254.9537 15.34387315268386
0 FENGYUN 1C DEB
1 31955U 99025CNG 26283.59295297  .00008790  00000-0  15021-2 0  9992
2 31955  99.2633 204.3554 0042598 341.7876 142.1087 14.68582058  9823
0 YAOGAN-36 02C
1 54045U 22133D   26283.59293671  .00082411  00000-0  10130-2 0  9995
2 54045  34.9882  33.2700 0004611 203.8780 156.1733 15.59025137223189
0 QIANFAN-45
1 62246U 24232K   26283.59290729  .00000116  00000-0  16046-3 0  9995
2 62246  89.0179  10.9656 0015330  48.1927 312.0530 13.51032498140012
0 JILIN-01-08
1 43160U 18008F   26283.59289667  .00006105  00000-0  18236-3 0  9999
2 43160  97.1779 299.7277 0006884  35.4341 324.7359 15.34937055482644
0 STARLINK-5019
1 55407U 23014S   26283.59288747  .00000887  00000-0  82121-4 0  9993
2 55407  69.9990 242.6939 0003114 269.4364  90.6438 14.98326722204249
0 ONEWEB-0229
1 48779U 21045N   26283.59283644 -.00000092  00000-0 -27744-3 0  9999
2 48779  87.9030 236.1898 0001941  74.2314 285.9031 13.15548268259587
0 ONEWEB-0275
1 48993U 21060AC  26283.59279764 -.00000028  00000-0 -10679-3 0  9990
2 48993  87.9182 205.8780 0002583  63.6103 296.5293 13.16593149254747
0 STARLINK-31354
1 58942U 24027M   26283.59277701  .00000154  00000-0  16735-4 0  9998
2 58942  53.1609  29.8104 0002316  94.9668 265.1598 15.31711144150259
0 ORBCOMM FM 16
1 25417U 98046E   26283.59271483  .00000876  00000-0  31892-3 0  9993
2 25417  44.9941  48.6598 0006168 194.9298 165.1370 14.40249156473480
0 STARLINK-6334
1 57238U 23094W   26283.59266986 -.00000754  00000-0 -17894-4 0  9996
2 57238  43.0021 246.4827 0000965 265.8255  94.2486 15.27573483180101
0 STARLINK-32147
1 60152U 24120T   26283.59265543 -.00001900  00000-0 -45139-4 0  9991
2 60152  53.1625  37.8327 0001028  84.6107 275.5013 15.34386956129336
0 STARLINK-35022
1 65409U 25192F   26283.59264002  .00021837  00000-0  71266-3 0  9998
2 65409  53.1605 312.2523 0003000  36.5420 323.5785 15.31731657 62311
0 STARLINK-35523
1 65910U 25225A   26283.59254953  .00031517  00000-0  93963-3 0  9990
2 65910  53.1596 243.7242 0001626  91.2441 268.8748 15.34412120 57369
0 QIANFAN-81
1 63167U 25046J   26283.59250700  .00000099  00000-0  13395-3 0  9991
2 63167  88.9624 288.5137 0013839 337.1831  22.8703 13.51024409 88249
0 STARLINK-32170
1 60591U 24150J   26283.59250694  .00000929  00000-0  38626-4 0  9993
2 60591  53.1616  27.4342 0001646  93.2788 266.8403 15.34400290120887
0 YAOGAN-30 AA
1 48860U 21055A   26283.59233153  .00001650  00000-0  12197-3 0  9996
2 48860  34.9948 168.6112 0003959 345.5490  14.5104 15.03116295290555
0 STARLINK-37021
1 68105U 26044E   26283.59227835  .00030597  00000-0  94616-3 0  9991
2 68105  97.2838 242.2083 0002718  55.6793 304.4706 15.33445209 34516
0 STARLINK-11437
1 62884U 25024F   26283.59227828  .00169342  00000-0  12898-2 0  9990
2 62884  43.0003 326.2346 0005586 272.9648  87.0580 15.70948134 97262
0 STARLINK-32948
1 63123U 25039V   26283.59226768  .00019443  00000-0  71385-3 0  9998
2 63123  42.9994 239.0987 0002560 266.9242  93.1317 15.27594958 90936
0 QIANFAN-239
1 A0692U 26210A   26283.59215994  .00000218  00000-0  17916-3 0  9991
2 A0692  89.0053  10.2176 0006094 210.0885 149.9936 13.85761303  3522
0 STARLINK-34607
1 64742U 25144U   26283.59214701  .00021235  00000-0  63795-3 0  9995
2 64742  53.1585 261.4736 0001903  65.9250 294.1952 15.34393142 72614
0 STARLINK-37129
1 68274U 26055N   26283.59212641  .00040686  00000-0  12083-2 0  9996
2 68274  53.1593  36.0852 0001139  94.9082 265.2051 15.34411351 32908
0 STARLINK-32295
1 62147U 24224J   26283.59211333  .00025745  00000-0  94086-3 0  9995
2 62147  43.0047  24.6975 0001549 282.3264  77.7414 15.27613120105238
0 STARLINK-37919
1 69957U 26157Q   26283.59206504  .00021889  00000-0  65714-3 0  9993
2 69957  53.1569 240.0814 0001506  97.6178 262.4996 15.34397622 14450
0 QIANFAN-108
1 66050U 25233T   26283.59203555  .00000102  00000-0  13991-3 0  9996
2 66050  89.0087  31.5254 0002020 114.1861 245.9501 13.51032345 48776
0 STARLINK-36179
1 67119U 25299T   26283.59199071  .00027504  00000-0  10045-2 0  9993
2 67119  43.0025  35.2614 0000862 208.3315 151.7490 15.27604659 45987
0 YAOGAN-34 03
1 54249U 22154A   26283.59189094 -.00000088  00000-0  34133-5 0  9990
2 54249  63.4055 325.7845 0050910 351.8126   8.2065 13.45446939191789
0 STARLINK-33642
1 63978U 25099AC  26283.59186799  .00020631  00000-0  75057-3 0  9992
2 63978  43.0023  39.0133 0002099 279.8972  80.1643 15.27866102 80154
0 STARLINK-11561
1 62908U 25027B   26283.59182974  .00155944  00000-0  11952-2 0  9995
2 62908  43.0002 132.0401 0002126 279.4807  80.5821 15.70857251 96959
0 YAOGAN-31 G
1 47691U 21014A   26283.59180850  .00000017  00000-0  16268-3 0  9996
2 47691  63.4016 261.2474 0187214   0.9955 359.1407 13.45456270276300
0 ONEWEB-0596
1 54662U 22166W   26283.59180642  .00000029  00000-0  37670-4 0  9994
2 54662  87.9313 221.0231 0001876  75.1576 284.9766 13.21825164186785
0 YAOGAN-31 H
1 47693U 21014C   26283.59178851 -.00000037  00000-0  80520-4 0  9992
2 47693  63.3997 262.0258 0187433   1.3492 358.8002 13.45456069276204
0 STARLINK-31844
1 60583U 24150A   26283.59169673 -.00000999  00000-0 -20422-4 0  9994
2 60583  53.1641  26.7169 0001625  81.8339 278.2846 15.31712510120973
0 STARLINK-6080
1 56112U 23046V   26283.59165546 -.00000099  00000-0  59458-5 0  9997
2 56112  43.0025  28.2687 0001283 269.0540  91.0164 15.27573811194896
0 STARLINK-11607
1 63140U 25043J   26283.59162082  .00227782  00000-0  17178-2 0  9996
2 63140  42.9994  35.0854 0001972 232.3142 127.7547 15.71014161 93275
0 LEMUR 2 KARENDARRELL
1 64841U 25135BU  26283.59160935  .00007119  00000-0  55404-3 0  9997
2 64841  97.7906  39.8779 0010547 167.2721 192.8771 15.01519727 71325
0 YAOGAN-31 J
1 47695U 21014E   26283.59158569  .00000033  00000-0  18747-3 0  9994
2 47695  63.4005 261.0861 0187331   1.2921 358.8551 13.45455409276250
0 STARLINK-3362
1 51108U 22005E   26283.59154137  .00000584  00000-0  28407-4 0  9992
2 51108  53.1633  31.6740 0000941  83.0040 277.1070 15.34393873261490
0 QIANFAN-19
1 61552U 24185A   26283.59153666  .00000315  00000-0  15655-3 0  9995
2 61552  88.9892  43.3735 0008531  65.4974 294.7102 14.14543103112333
0 QIANFAN-199
1 69417U 26125S   26283.59150812  .00000022  00000-0  15500-4 0  9994
2 69417  88.9885 268.1792 0002516  89.3029 270.8410 13.51026453 17577
0 STARLINK-34109
1 63807U 25092D   26283.59150338  .00021576  00000-0  79077-3 0  9991
2 63807  43.0032  38.6661 0001816 271.9792  88.0852 15.27600413 81482
0 IRIDIUM 33 DEB
1 38241U 97051ZR  26283.59142395  .00002077  00000-0  46295-3 0  9994
2 38241  86.3244 217.2124 0005200  92.5948 267.5855 14.56448834645921
0 STARLINK-5010
1 53930U 22119AW  26283.59136183  .00001352  00000-0  64149-4 0  9991
2 53930  53.1596   1.4495 0001310  84.6912 275.4237 15.26505572225220
0 STARLINK-37147
1 68295U 26057B   26283.59130814  .00022260  00000-0  68970-3 0  9997
2 68295  97.2878  48.7202 0000422  62.2399 297.8887 15.33449526 31594
0 ONEWEB-0636
1 56077U 23043AH  26283.59125132 -.00000121  00000-0 -35609-3 0  9998
2 56077  87.9029 236.1965 0002135  75.8821 284.2547 13.15548651171589
0 STARLINK-1525
1 46066U 20055AR  26283.59121787  .00647975  00000-0  32871-2 0  9996
2 46066  53.0343 152.9476 0009666 198.6822 161.3845 15.79168912342522
0 STARLINK-2017
1 47351U 21005C   26283.59119243  .00063205  00000-0  17913-2 0  9992
2 47351  53.1558  92.6533 0001481 163.1097 196.9956 15.35683928316665
0 STARLINK-38442
1 A0775U 26219Y   26283.59115878  .00149879  00000-0  13110-2 0  9990
2 A0775  70.0006  42.4909 0004093 280.8972  79.1762 15.68289266  3259
0 STARLINK-31859
1 59848U 24097P   26283.59113102  .00049797  00000-0  14491-2 0  9996
2 59848  42.9958 131.1360 0010037 252.8738 107.1017 15.34626018134892
0 STARLINK-31260
1 58881U 24020F   26283.59111608  .00005115  00000-0  16238-3 0  9995
2 58881  53.1611  39.9593 0001136  83.8152 276.2980 15.34406231151038
0 STARLINK-4594
1 53638U 22104BC  26283.59108733  .00002913  00000-0  97320-4 0  9991
2 53638  53.1598 327.7005 0001139  91.6654 268.4479 15.34396719228827
0 STARLINK-32287
1 60358U 24138D   26283.59099935  .00002504  00000-0  85194-4 0  9992
2 60358  53.1619  29.7322 0001049  80.9174 279.1947 15.34406496123554
0 YAOGAN 12
1 37875U 11066B   26283.59087821  .00004737  00000-0  17829-3 0  9996
2 37875  97.1041 316.7407 0009812 164.5879 195.5662 15.27531177829655
0 STARLINK-4453
1 53497U 22099AJ  26283.59086956  .00001476  00000-0  48057-4 0  9995
2 53497  97.2860  37.1235 0001548  87.3859 272.7560 15.33441740228374
0 STARLINK-32644
1 62151U 24224N   26283.59082636  .00017623  00000-0  64799-3 0  9996
2 62151  43.0005  24.6853 0000910 261.6069  98.4679 15.27600630105343
0 QIANFAN-161
1 69120U 26108S   26283.59081189  .00000126  00000-0  17612-3 0  9996
2 69120  89.0216  10.4471 0001997 108.9937 251.1431 13.51026552 20083
0 STARLINK-33585
1 62782U 25015AA  26283.59078242  .00021604  00000-0  70531-3 0  9998
2 62782  53.1609  42.1174 0000951  57.9075 302.2018 15.31728636 97136
0 GLOBALSTAR M004
1 25163U 98008B   26283.59077720 -.00000095  00000-0  49105-4 0  9998
2 25163  52.0033  28.5159 0002653 270.8019 102.2324 12.63426941322419
0 STARLINK-11407
1 61939U 24209A   26283.59074207  .00082594  00000-0  67812-3 0  9995
2 61939  53.1578  31.6524 0000916  92.5589 267.5534 15.69770736110492
0 STARLINK-31089
1 58610U 23200X   26283.59072844  .00000616  00000-0  31918-4 0  9996
2 58610  43.0019  35.4481 0001547 269.6396  90.4279 15.27579575156479
0 QIANFAN-142
1 69088U 26104R   26283.59066399  .00000075  00000-0  97484-4 0  9990
2 69088  88.9862 329.6589 0002464  95.2146 264.9286 13.51022182 20755
0 STARLINK-6362
1 57350U 23099Y   26283.59064443  .00000415  00000-0  24611-4 0  9997
2 57350  43.0026 108.2053 0001884 259.1937 100.8703 15.27576291179059
0 STARLINK-34580
1 65808U 25218T   26283.59062045  .00014120  00000-0  43885-3 0  9996
2 65808  97.2843 140.6965 0002030  92.2806 267.8669 15.33445508 57414
0 STARLINK-33704
1 63650U 25083S   26283.59056601  .00027045  00000-0  98775-3 0  9998
2 63650  43.0029 231.5185 0000230 278.9806  81.1020 15.27612512 82936
0 STARLINK-32022
1 60149U 24120Q   26283.59054649 -.00000196  00000-0  53443-5 0  9993
2 60149  53.1621  37.8174 0001302  87.3040 272.8111 15.34394853129412
0 STARLINK-32733
1 62477U 24254R   26283.59046020  .00020282  00000-0  74403-3 0  9995
2 62477  43.0010 242.3383 0003330 265.7760  94.2711 15.27598914100526
0 STARLINK-35458
1 65925U 25225R   26283.59044573  .00011524  00000-0  35163-3 0  9995
2 65925  53.1585 243.7059 0001975  98.7238 261.3988 15.34405491 57369
0 STARLINK-31591
1 59207U 24046G   26283.59042459  .00000609  00000-0  29188-4 0  9995
2 59207  53.1580 232.0564 0001548  92.8241 267.2939 15.34389319146020
0 STARLINK-4497
1 53411U 22097Z   26283.59031954  .00000835  00000-0  34837-4 0  9996
2 53411  53.1621 225.0111 0001640 102.5269 257.5918 15.35401846231147
0 STARLINK-32518
1 61967U 24210J   26283.59030464  .00018225  00000-0  66948-3 0  9994
2 61967  43.0043  39.2850 0001587 274.4113  85.6557 15.27613797107726
0 QIANFAN-247
1 A0700U 26210J   26283.59024058  .00000231  00000-0  17563-3 0  9993
2 A0700  89.0053  10.1995 0007337 203.7714 156.3122 13.90468000  3535
0 JILIN-01-04
1 43022U 17074A   26283.59020106  .00016065  00000-0  34027-3 0  9991
2 43022  97.4943  36.5648 0004603 129.6339 230.5317 15.45176601492076
0 JILIN-01 GAOFEN 3F
1 46458U 20065E   26283.59018675  .00120790  00000-0  76780-3 0  9992
2 46458  97.2000 336.6753 0008902  85.3126 274.9156 15.76065848337786
0 GAOFEN DUOMO (GFDM)
1 45856U 20042A   26283.59016479  .00000904  00000-0  13544-3 0  9991
2 45856  97.7621 339.1895 0012343  64.9510 295.2981 14.76885787338043
0 QIANFAN-71
1 62801U 25016S   26283.59013938  .00000060  00000-0  73930-4 0  9992
2 62801  88.9688  71.7097 0015515 190.2201 169.8637 13.51028201 87995
0 ONEWEB-0550
1 56052U 23043G   26283.59011766 -.00000010  00000-0 -56579-4 0  9995
2 56052  87.9319 221.0183 0002022  69.0829 291.0521 13.21826985173471
0 STARLINK-3397
1 51115U 22005M   26283.59010252  .00001302  00000-0  50915-4 0  9997
2 51115  53.1636  31.9738 0001250  83.3748 276.7396 15.33556883261489
0 STARLINK-1361
1 45567U 20025AN  26283.59006388  .00130633  00000-0  52638-3 0  9999
2 45567  53.0321  96.2029 0002200 161.1356 198.9749 15.85524674359245
0 STARLINK-37010
1 68289U 26055AD  26283.59001961  .00038943  00000-0  11573-2 0  9999
2 68289  53.1612  36.0542 0000881  91.1927 268.9176 15.34411733 32904
0 STARLINK-6373
1 57345U 23099T   26283.59000450 -.00001481  00000-0 -44298-4 0  9998
2 57345  43.0021 122.0798 0000977 264.3595  95.7145 15.27580119178907
0 STARLINK-35333
1 66182U 25243F   26283.58997108  .00026703  00000-0  79831-3 0  9996
2 66182  53.1609 323.6852 0000961  78.0788 282.0322 15.34413183 53608
0 STARLINK-37907
1 69959U 26157S   26283.58995652  .00024250  00000-0  72624-3 0  9996
2 69959  53.1578 240.0537 0001280  80.5980 279.5167 15.34412871 14458
0 KUIPER-00269
1 68587U 26072Q   26283.58995369  .00001408  00000-0  21368-3 0  9992
2 68587  51.9035  22.8476 0000319 132.7399 227.3590 14.79934588 28528
0 STARLINK-1090
1 44968U 20001BG  26283.58992892  .00051598  00000-0  43692-3 0  9992
2 44968  53.1419 356.8263 0002068  58.5022 301.6197 15.69213823373759
0 STARLINK-3049
1 49436U 21104AE  26283.58991964  .00001276  00000-0  47489-4 0  9998
2 49436  53.1595 315.9556 0001259  77.5934 282.5210 15.35404614271465
0 STARLINK-32513
1 61964U 24210F   26283.58987465  .00017019  00000-0  62625-3 0  9990
2 61964  42.9989  31.6898 0001303 276.5361  83.5342 15.27596290107943
0 STARLINK-3962
1 52708U 22053BE  26283.58987127 -.00000420  00000-0 -11407-5 0  9998
2 52708  53.1582 231.8031 0001103  77.5156 282.5970 15.35395707244202
0 STARLINK-11709
1 64065U 25107B   26283.58983647  .00310012  00000-0  23127-2 0  9991
2 64065  42.9994 243.1211 0002553 294.8788  65.1814 15.71022814 81099
0 STARLINK-34821
1 65199U 25176B   26283.58981229  .00032212  00000-0  96069-3 0  9999
2 65199  53.1613 229.5024 0001712  89.8655 270.2544 15.34390597 66021
0 STARLINK-11718
1 64132U 25111K   26283.58977070  .00201203  00000-0  15289-2 0  9995
2 64132  42.9984 118.8269 0001910 289.6017  70.4645 15.70916939 80489
0 QIANFAN-179
1 69396U 26124Q   26283.58972763  .00000105  00000-0  14341-3 0  9998
2 69396  89.0028 349.9116 0001891 107.8579 252.2778 13.51033554 17664
0 ONEWEB-0021
1 45134U 20008D   26283.58972176 -.00000619  00000-0 -18103-2 0  9996
2 45134  87.8915  13.3198 0001720  98.7672 261.3650 13.10372463323765
0 IRIDIUM 145
1 43253U 18030E   26283.58966813  .00000095  00000-0  26889-4 0  9997
2 43253  86.3946 242.1287 0002073  91.2725 268.8708 14.34217662446660
0 QIANFAN-125
1 68652U 26075S   26283.58964823  .00000059  00000-0  72832-4 0  9993
2 68652  88.9826 309.2023 0002103  92.4425 267.6967 13.51025351 25399
0 STARLINK-11542
1 62988U 25031H   26283.58957923  .00162545  00000-0  12441-2 0  9990
2 62988  42.9994 145.8398 0001814 258.6693 101.3970 15.70868307 96510
0 QIANFAN-232
1 69861U 26155P   26283.58957212  .00000074  00000-0  96863-4 0  9996
2 69861  89.0119  51.6846 0024519 310.1333  49.7669 13.50454464 13455
0 STARLINK-37592
1 69025U 26101A   26283.58956681  .00023751  00000-0  73550-3 0  9992
2 69025  97.2831 136.7309 0002111  89.0572 271.0913 15.33452283 24251
0 GAOFEN 10R
1 44622U 19066A   26283.58955167  .00001059  00000-0  13636-3 0  9994
2 44622  98.0642 238.0935 0006842 113.3973 246.7960 14.83207067379489
0 STARLINK-32529
1 62139U 24224A   26283.58954870  .00020790  00000-0  76242-3 0  9994
2 62139  42.9979  24.7029 0001803 282.9952  77.0698 15.27599564105282
0 QIANFAN-8
1 60386U 24140H   26283.58945311  .00000027  00000-0  22369-4 0  9996
2 60386  88.9678 267.9309 0018306  50.4359 309.8406 13.51026646108105
0 STARLINK-30152
1 56828U 23079F   26283.58943260 -.00000066  00000-0  71375-5 0  9999
2 56828  43.0038 333.4779 0001103 257.2958 102.7770 15.27577577185751
0 STARLINK-36223
1 67126U 25299AA  26283.58940612  .00027650  00000-0  10097-2 0  9994
2 67126  43.0027  35.2365 0000411 260.5415  99.5390 15.27607129 45984
0 STARLINK-37624
1 69833U 26154Q   26283.58937094  .00027607  00000-0  82487-3 0  9997
2 69833  53.1586 237.7214 0001604  84.3748 275.7437 15.34412311 16322
0 STARLINK-5744
1 55601U 23020AJ  26283.58936513  .00000914  00000-0  42770-4 0  9993
2 55601  43.0042 232.0164 0002023 268.8663  91.1957 15.27570999201779
0 QIANFAN-7
1 60385U 24140G   26283.58921132  .00000242  00000-0  91518-4 0  9991
2 60385  88.9741 258.1832 0016977 121.1547 239.1315 14.27900111113466
0 STARLINK-32876
1 63151U 25043V   26283.58915250  .00019126  00000-0  70273-3 0  9997
2 63151  43.0024 242.1341 0001200 280.6946  79.3771 15.27580654 90237
0 STARLINK-6227
1 57060U 23088N   26283.58903301 -.00000177  00000-0  30750-5 0  9995
2 57060  43.0041 337.4290 0001174 276.7620  83.3098 15.27574636183192
0 KUIPER-00620
1 69295U 26118AE  26283.58902034  .00002352  00000-0  33737-3 0  9999
2 69295  51.9025 242.8773 0000944  54.5938 305.5112 14.79936024 21352
0 FENGYUN 1C DEB
1 31012U 99025BDE 26283.58899485  .00000261  00000-0  11860-3 0  9997
2 31012  98.8892 192.4560 0083104  95.2380  24.4847 14.28092770 20363
0 QIANFAN-53
1 62254U 24232T   26283.58883895  .00000118  00000-0  16427-3 0  9990
2 62254  89.0177  10.9563 0015188  48.5054 311.7398 13.51031579108664
0 STARLINK-6306
1 57242U 23094AA  26283.58883775 -.00001276  00000-0 -36863-4 0  9998
2 57242  43.0000 246.4580 0001208 269.7510  90.3203 15.27561967180105
0 STARLINK-3207
1 49756U 21115AJ  26283.58879778  .00000974  00000-0  39978-4 0  9991
2 49756  53.1582 235.5781 0001610  90.8182 269.3005 15.34386013268379
0 STARLINK-5096
1 54006U 22125AU  26283.58873308  .00000383  00000-0  24120-4 0  9997
2 54006  53.1594 315.4259 0001303  70.5694 289.5448 15.31703541222085
0 FENGYUN 1C DEB
1 31206U 99025BKL 26283.58872051  .00001086  00000-0  33758-3 0  9998
2 31206  98.8390 206.8043 0075172 183.7993 176.2634 14.41535698 21778
0 STARLINK-5071
1 55402U 23014M   26283.58869215  .00000013  00000-0  89158-5 0  9991
2 55402  69.9991 242.6786 0003362 271.0949  88.9825 14.98332161204242
0 STARLINK-37107
1 68294U 26057A   26283.58858904  .00026387  00000-0  81648-3 0  9993
2 68294  97.2846  48.7239 0001245  79.1105 281.0278 15.33458300 31593
0 STARLINK-4766
1 53840U 22114Y   26283.58854126  .00000098  00000-0  14906-4 0  9991
2 53840  53.1611  30.4271 0000809  88.5926 271.5168 15.31717966225679
0 STARLINK-34959
1 65246U 25179M   26283.58842583  .00014484  00000-0  44999-3 0  9990
2 65246  97.2836 322.6803 0002230  48.4925 311.6509 15.33452582 64400
0 STARLINK-37028
1 68270U 26055J   26283.58840519  .00038716  00000-0  11507-2 0  9993
2 68270  53.1621  37.4882 0000972  85.1598 274.9516 15.34411755 32880
0 QIANFAN-27
1 61560U 24185J   26283.58838580  .00000479  00000-0  18880-3 0  9992
2 61560  88.9881  41.5840 0007973  34.7207 325.4506 14.27620277113225
0 STARLINK-11210
1 60116U 24118D   26283.58834772 -.00001182  00000-0 -48961-5 0  9992
2 60116  53.1591 242.0373 0001139  93.7003 266.4145 15.69707657131744
0 STARLINK-33902
1 65920U 25225L   26283.58833822  .00022880  00000-0  68584-3 0  9992
2 65920  53.1591 243.6975 0001540  92.1250 267.9929 15.34418123 57360
0 STARLINK-32285
1 60355U 24138A   26283.58832354  .00001308  00000-0  49823-4 0  9998
2 60355  53.1607  27.5899 0001215  99.8744 260.2396 15.34402326123580
0 KUIPER-00538
1 69608U 26140S   26283.58830765  .00002597  00000-0  36959-3 0  9993
2 69608  51.9008 227.8140 0001198  58.3604 301.7475 14.79933253 18612
0 STARLINK-31602
1 59202U 24046B   26283.58829015  .00004090  00000-0  13202-3 0  9997
2 59202  53.1602 232.0380 0001259 100.3081 259.8063 15.34420529146026
0 STARLINK-32639
1 62153U 24224Q   26283.58825904  .00016846  00000-0  61981-3 0  9996
2 62153  43.0016  24.6680 0001025 125.4292 234.6656 15.27606218105187
0 IRIDIUM 63
1 25286U 98021B   26283.58813124  .00000295  00000-0  93081-4 0  9997
2 25286  86.3964 240.5024 0002353  91.6131 268.5336 14.36940094492820
0 STARLINK-35764
1 67109U 25299H   26283.58812409  .00025905  00000-0  94694-3 0  9994
2 67109  43.0027  35.2337 0001277 271.7526  88.3179 15.27602238 47071
0 STARLINK-31293
1 58952U 24027X   26283.58810968  .00002865  00000-0  10402-3 0  9991
2 58952  53.1621  29.7831 0001665 106.3732 253.7452 15.31712909150258
0 ONEWEB-0227
1 48792U 21045AB  26283.58808540 -.00000076  00000-0 -23724-3 0  9997
2 48792  87.9030 236.1879 0001818  76.6058 283.5275 13.15549161259559
0 QIANFAN-30
1 61563U 24185M   26283.58806472  .00000036  00000-0  37566-4 0  9992
2 61563  88.9860  49.7620 0006280 234.4745 125.5820 13.50079315108797
0 STARLINK-37162
1 68262U 26055A   26283.58790931  .00041851  00000-0  12419-2 0  9993
2 68262  53.1612  36.0608 0001040  94.8557 265.2564 15.34424466 32903
0 TIANMU-1 06
1 55976U 23039D   26283.58789075  .00017085  00000-0  29722-3 0  9995
2 55976  97.5250 102.7187 0002873  62.7878 297.3666 15.50858009198712
0 STARLINK-30147
1 57511U 23113S   26283.58788487 -.00000076  00000-0  67570-5 0  9999
2 57511  43.0025 242.2210 0001227 261.8544  98.2168 15.27575830176540
0 QIANFAN-107
1 66049U 25233S   26283.58785843  .00000104  00000-0  14278-3 0  9999
2 66049  89.0094  31.5463 0001681 105.0804 255.0534 13.51032635 48772
0 GAOFEN 12 (03)
1 52912U 22069A   26283.58781454  .00000823  00000-0  11503-3 0  9997
2 52912  97.8094 168.4457 0002173  99.6936 260.4522 14.80180897231685
0 STARLINK-6030
1 56107U 23046Q   26283.58779887 -.00000561  00000-0 -10871-4 0  9999
2 56107  43.0012  28.2346 0001162 277.1672  82.9048 15.27575531194891
0 STARLINK-32843
1 62814U 25018J   26283.58777888  .00027606  00000-0  89699-3 0  9991
2 62814  53.1609  29.7608 0001512  87.6471 272.4704 15.31738581 96093
0 IRIDIUM 111
1 41926U 17003K   26283.58775754 -.00000043  00000-0 -22458-4 0  9996
2 41926  86.3983  40.0969 0001964  94.0116 266.1304 14.34217136509794
0 STARLINK-4560
1 53691U 22105AV  26283.58773241  .00001887  00000-0  60759-4 0  9997
2 53691  97.2838 160.0586 0001802  90.8977 269.2472 15.33443890225821
0 STARLINK-34787
1 65204U 25176G   26283.58770566  .00024375  00000-0  72996-3 0  9990
2 65204  53.1594 229.4863 0001509 106.0125 254.1043 15.34410942 66093
0 STARLINK-34060
1 63815U 25092M   26283.58762697  .00017819  00000-0  65506-3 0  9993
2 63815  43.0046  38.6400 0001996 276.1510  83.9114 15.27601335 81424
0 ONEWEB-0602
1 54666U 22166AA  26283.58759996 -.00000021  00000-0 -83209-4 0  9994
2 54666  87.9312 221.0367 0001913  68.4145 291.7192 13.21825215186794
0 QIANFAN-101
1 66043U 25233L   26283.58757455  .00000182  00000-0  68841-4 0  9993
2 66043  89.0090  27.3451 0017227 121.9566 238.3306 14.26869002 51085
0 STARLINK-1114
1 44927U 20001P   26283.58742494  .00154224  00000-0  53477-3 0  9990
2 44927  53.0339 348.0733 0003077 355.5103   4.5893 15.88513168373837
0 STARLINK-3344
1 51110U 22005G   26283.58735200  .00001635  00000-0  59541-4 0  9991
2 51110  53.1622  31.7461 0001272  97.9680 262.1467 15.34379141261490
0 QIANFAN-196
1 69414U 26125P   26283.58727263  .00000026  00000-0  20885-4 0  9996
2 69414  88.9912 268.2511 0002084  93.3176 266.8214 13.51020647 17546
0 STARLINK-31162
1 58791U 24012E   26283.58727164  .00000350  00000-0  22250-4 0  9993
2 58791  43.0019  31.4662 0001351 271.9397  88.1300 15.27575453154104
0 KUIPER-00317
1 68600U 26072AD  26283.58725455  .00000753  00000-0  12770-3 0  9994
2 68600  51.9015  25.3503 0000240 104.1466 255.9523 14.79933380 28489
0 STARLINK-11616
1 63137U 25043F   26283.58722239  .00197326  00000-0  14950-2 0  9992
2 63137  43.0037  35.0552 0001823 251.1342 108.9328 15.70999757 93272
0 STARLINK-36712
1 67700U 26025H   26283.58709521  .00030803  00000-0  95215-3 0  9992
2 67700  97.2871  33.1930 0000794  68.8941 291.2387 15.33459367 38943
0 STARLINK-38420
1 A0778U 26219AB  26283.58708402  .00134157  00000-0  11754-2 0  9998
2 A0778  70.0007  42.4757 0003451 272.0303  88.0497 15.68301440  3255
0 QIANFAN-228
1 69857U 26155K   26283.58708147  .00000069  00000-0  88675-4 0  9998
2 69857  89.0128  51.7081 0007864 309.4647  50.5808 13.51027994 13444
0 STARLINK-2266
1 47997U 21024W   26283.58702578  .00001616  00000-0  63816-4 0  9990
2 47997  53.1590  26.6359 0001269  87.2987 272.8159 15.31707276307914
0 STARLINK-3366
1 51104U 22005A   26283.58690635  .00028728  00000-0  10913-2 0  9996
2 51104  53.2026  38.8413 0002278  66.4138 293.7101 15.26613659261393
0 STARLINK-31321
1 58887U 24020M   26283.58690447 -.00000110  00000-0  78641-5 0  9992
2 58887  53.1613  39.9324 0001104  92.6044 267.5085 15.34392761152190
0 STARLINK-31044
1 58589U 23200A   26283.58688509 -.00000193  00000-0  25265-5 0  9991
2 58589  43.0048  35.4597 0001676 266.5248  93.5412 15.27574084156472
0 STARLINK-2464
1 48123U 21027AH  26283.58685694  .00000432  00000-0  25664-4 0  9998
2 48123  53.1592 232.4851 0001155  97.4911 262.6222 15.31706957305614
0 QIANFAN-160
1 69119U 26108R   26283.58683089  .00000129  00000-0  18192-3 0  9997
2 69119  89.0209  10.5293 0002305  96.8754 263.2659 13.51028256 20036
0 YAOGAN-36 03C
1 54376U 22160E   26283.58682350  .00009806  00000-0  41027-3 0  9994
2 54376  35.0104 333.9394 0008977 336.2223  23.8077 15.22784505215651
0 STARLINK-33705
1 63651U 25083T   26283.58670622  .00031791  00000-0  11581-2 0  9995
2 63651  43.0033 231.4854 0001292 265.7684  94.3020 15.27628364 82962
0 STARLINK-3194
1 49758U 21115AL  26283.58668195  .00000044  00000-0  12429-4 0  9992
2 49758  53.1602 235.4870 0001164  97.4069 262.7066 15.34384104268376
0 FENGYUN 1C DEB
1 30761U 99025ATX 26283.58660872  .00001329  00000-0  44614-3 0  9992
2 30761  98.9838 227.2770 0083112 145.8509 214.8062 14.37030311 20769
0 STARLINK-30203
1 57498U 23113D   26283.58660530  .00000181  00000-0  16081-4 0  9997
2 57498  43.0019 242.2122 0000988 274.4473  85.6266 15.27575985176565
0 QIANFAN-143
1 69089U 26104S   26283.58654896  .00000070  00000-0  90260-4 0  9995
2 69089  88.9873 329.6682 0002159 104.4776 255.6615 13.51029647 20751
0 STARLINK-2482
1 48139U 21027AZ  26283.58654481  .00003210  00000-0  11517-3 0  9993
2 48139  53.1605 232.6042 0001336  85.2310 274.8844 15.31694839305619
0 GLOBALSTAR M093
1 39073U 13005B   26283.58651085 -.00000114  00000-0 -59240-4 0  9992
2 39073  52.0097 245.4407 0000204  46.4503 313.6381 12.62267530631437
0 ONEWEB-0058
1 45161U 20008AG  26283.58649622 -.00000035  00000-0 -13764-3 0  9994
2 45161  87.8917  13.3140 0001365 100.3638 259.7643 13.10368960323536
0 ONEWEB-0683
1 56719U 23068K   26283.58648540 -.00000094  00000-0 -28246-3 0  9998
2 56719  87.9031 236.1966 0001944  84.7342 275.4010 13.15549514164599
0 STARLINK-36871
1 68023U 26040J   26283.58640612  .00041267  00000-0  12714-2 0  9991
2 68023  97.2863 230.6066 0001929  90.2507 269.8956 15.33498260 34398
0 STARLINK-5812
1 55774U 23028AK  26283.58636356  .00000340  00000-0  36272-4 0  9997
2 55774  70.0011  42.5809 0003024 268.9214  91.1598 14.98334778198722
0 STARLINK-32050
1 60137U 24120C   26283.58634144 -.00000785  00000-0 -12098-4 0  9998
2 60137  53.1622  37.7973 0001055  81.3102 278.8021 15.34388429129333
0 KUIPER-00603
1 69287U 26118W   26283.58632679 -.00000355  00000-0 -17581-4 0  9998
2 69287  51.9036 245.3821 0001259  82.0745 278.0360 14.79928352 21319
0 STARLINK-11579
1 63143U 25043M   26283.58631012  .00211499  00000-0  15997-2 0  9997
2 63143  43.0006  35.0417 0002595 243.9065 116.1535 15.70994429 93152
0 STARLINK-35155
1 65935U 25225AB  26283.58623617  .00030978  00000-0  92382-3 0  9997
2 65935  53.1600 243.6793 0001709  68.3506 291.7679 15.34411895 56478
0 STARLINK-32853
1 62818U 25018N   26283.58622392  .00031682  00000-0  94429-3 0  9990
2 62818  53.1592  27.6183 0002109  99.9060 260.2181 15.34417801 96137
0 STARLINK-31668
1 59580U 24076S   26283.58622210  .00000386  00000-0  23561-4 0  9991
2 59580  43.0039 234.9179 0000660 289.9507  70.1274 15.27578419139378
0 STARLINK-32775
1 62742U 25014H   26283.58609219  .00029261  00000-0  10679-2 0  9999
2 62742  43.0044  20.7137 0000733 277.8592  82.2177 15.27603158 96124
0 STARLINK-1502
1 45764U 20038AL  26283.58605597  .00124310  00000-0  65105-3 0  9996
2 45764  53.0358 232.7923 0003919  68.0264 292.1172 15.79946542350260
0 STARLINK-11698
1 64325U 25124J   26283.58603672  .00187433  00000-0  14243-2 0  9994
2 64325  43.0022 173.7413 0004056 299.7467  60.2997 15.70954982 76633
0 STARLINK-36253
1 68028U 26040P   26283.58601032  .00405060  00000-0  43064-2 0  9996
2 68028  97.2788 231.5963 0010415 121.5000 238.7277 15.62681813 34460
0 QIANFAN-60
1 62790U 25016F   26283.58599807  .00000060  00000-0  74151-4 0  9998
2 62790  88.9678  71.6669 0015723 185.1236 174.9757 13.51022458 87984
0 FENGYUN 1C DEB
1 36200U 99025DTZ 26283.58584755  .00023024  00000-0  37805-2 0  9990
2 36200  99.3851  44.7227 0030119 174.5442 185.6094 14.70351137777809
0 STARLINK-11337
1 61940U 24209B   26283.58583882  .00189001  00000-0  15215-2 0  9990
2 61940  53.1569  31.6194 0000939 108.7913 251.3206 15.69838078110472
0 STARLINK-37123
1 68275U 26055P   26283.58581146  .00031572  00000-0  94110-3 0  9991
2 68275  53.1604  36.0433 0002683  88.2175 271.9135 15.34416418 32907
0 STARLINK-34937
1 66192U 25243R   26283.58576128  .00022029  00000-0  66092-3 0  9994
2 66192  53.1599 323.6605 0000773  69.4751 290.6334 15.34412491 53607
0 STARLINK-37901
1 69960U 26157T   26283.58575000  .00029803  00000-0  88948-3 0  9994
2 69960  53.1582 240.0218 0001906  85.0247 275.0973 15.34406843 14450
0 STARLINK-3935
1 52549U 22051S   26283.58573151 -.00003200  00000-0 -80880-4 0  9996
2 52549  53.1602 227.7710 0001096 114.0089 246.1029 15.35395654244111
0 STARLINK-35147
1 65637U 25210R   26283.58572786  .00026526  00000-0  79266-3 0  9990
2 65637  53.1604  23.8755 0003467  98.8388 261.3007 15.34427621 60709
0 STARLINK-2241
1 48586U 21041AK  26283.58569318  .00000747  00000-0  35834-4 0  9990
2 48586  53.1626 228.7918 0001438 114.5720 245.5432 15.31706593297877
0 STARLINK-35003
1 65413U 25192K   26283.58567860  .00011679  00000-0  35618-3 0  9994
2 65413  53.1583 311.4946 0001544  86.2859 273.8320 15.34406369 62325
0 STARLINK-3833
1 52578U 22051AU  26283.58567725 -.00000136  00000-0  71180-5 0  9996
2 52578  53.1602 230.0666 0001297  92.0606 268.0545 15.34388931244084
0 STARLINK-3958
1 52535U 22051C   26283.58566768 -.00001415  00000-0 -31683-4 0  9990
2 52535  53.1575 228.1343 0001695  81.7080 278.4114 15.33551435244109
0 YAOGAN-31 M
1 47857U 21020D   26283.58566767  .00000005  00000-0  14549-3 0  9998
2 47857  63.4075 321.5233 0184759   0.7265 359.3995 13.45453815273982
0 YAOGAN-31 L
1 47856U 21020C   26283.58563076  .00000001  00000-0  13843-3 0  9999
2 47856  63.4065 322.2206 0184710   0.8972 359.2350 13.45454078273932
0 KUIPER-00493
1 69596U 26140E   26283.58561410  .00002097  00000-0  30406-3 0  9993
2 69596  51.9023 230.3870 0001511  27.3778 332.7264 14.79934506 18578
0 STARLINK-32758
1 62744U 25014K   26283.58560610  .00025515  00000-0  93293-3 0  9994
2 62744  43.0019  24.1729 0000701 266.8278  93.2494 15.27600276 96084
0 QIANFAN-177
1 69394U 26124N   26283.58559981  .00000106  00000-0  14479-3 0  9992
2 69394  89.0050 349.9427 0002279 104.2129 255.9276 13.51034034 17651
0 STARLINK-35875
1 67111U 25299K   26283.58555213  .00019942  00000-0  73172-3 0  9996
2 67111  43.0019  35.2082 0000332 207.4157 152.6678 15.27603892 45983
0 FENGYUN 1C DEB
1 31882U 99025CKH 26283.58550003  .00000794  00000-0  44206-3 0  9993
2 31882  98.9229 210.1853 0037198  88.7806 271.7628 14.13576325629005
0 YAOGAN-31 K
1 47854U 21020A   26283.58546097  .00000014  00000-0  15808-3 0  9998
2 47854  63.4068 321.4347 0185036   0.7843 359.3439 13.45454827273995
0 QIANFAN-122
1 68649U 26075P   26283.58542572  .00000051  00000-0  59597-4 0  9997
2 68649  88.9827 309.2025 0001715  89.5221 270.6127 13.51028819 25380
0 STARLINK-33661
1 63646U 25083N   26283.58542132  .00024557  00000-0  89836-3 0  9994
2 63646  43.0034 231.4771 0001406 269.6232  90.4458 15.27601360 82963
0 STARLINK-3370
1 51127U 22005Z   26283.58533646  .00000091  00000-0  14696-4 0  9996
2 51127  53.1609  36.2763 0001312  86.7210 273.3941 15.31698385261423
0 QIANFAN-4
1 60382U 24140D   26283.58529721  .00000023  00000-0  16600-4 0  9992
2 60382  88.9676 267.8115 0014553  44.3918 315.8397 13.51021366108195
0 STARLINK-3176
1 51106U 22005C   26283.58525592  .00000161  00000-0  15898-4 0  9997
2 51106  53.1639  31.8302 0001208  86.1941 273.9200 15.34393613261481
0 STARLINK-37606
1 69845U 26154AC  26283.58515708  .00030681  00000-0  91566-3 0  9998
2 69845  53.1567 237.6649 0001364  83.3679 276.7479 15.34393108 16329
0 STARLINK-4515
1 53397U 22097K   26283.58512810  .00000448  00000-0  24412-4 0  9991
2 53397  53.1602 228.1718 0001238 101.8070 258.3072 15.34390491231109
0 STARLINK-4448
1 53504U 22099AR  26283.58501994 -.00004205  00000-0 -11416-3 0  9990
2 53504  97.4622  51.5082 0001328  73.5020 286.6370 15.36988411228977
0 STARLINK-6346
1 57243U 23094AB  26283.58496031  .00001443  00000-0  61919-4 0  9998
2 57243  43.0011 246.4315 0001052 270.6353  89.4378 15.27587559180104
0 ONEWEB-0637
1 56078U 23043AJ  26283.58491959 -.00000101  00000-0 -30249-3 0  9994
2 56078  87.9024 236.2068 0002202  81.4072 278.7308 13.15549062171609
0 IRIDIUM 5
1 24795U 97020D   26283.58484375  .00003260  00000-0  23988-3 0  9994
2 24795  86.3893 221.1903 0097727 205.6602 153.9764 14.99175130557335
0 QIANFAN-48
1 62249U 24232N   26283.58483530  .00000121  00000-0  16862-3 0  9993
2 62249  89.0175  10.9575 0018259  53.9972 306.2869 13.51027413140008
0 STARLINK-32329
1 62736U 25014B   26283.58480533  .00016131  00000-0  59417-3 0  9994
2 62736  43.0001  20.7027 0000871 241.3065 118.7699 15.27595229 96125
0 STARLINK-32023
1 60197U 24124Q   26283.58476297 -.00001327  00000-0 -28176-4 0  9998
2 60197  53.1618  39.6138 0001075  81.8099 278.3026 15.34386877127265
0 STARLINK-31161
1 58795U 24012J   26283.58470439 -.00001128  00000-0 -31473-4 0  9990
2 58795  43.0025  31.4398 0002224 282.3081  77.7522 15.27579215154107
0 STARLINK-32039
1 60604U 24150X   26283.58466106  .00003764  00000-0  12246-3 0  9993
2 60604  53.1595  29.5111 0001380  93.9219 266.1941 15.34407141120934
0 TIANMU-1 09
1 57401U 23101C   26283.58460738  .00005888  00000-0  19958-3 0  9990
2 57401  97.2417 330.7204 0005056  91.8142 268.3678 15.30909278179291
0 KUIPER-00290
1 68592U 26072V   26283.58455670 -.00000751  00000-0 -69540-4 0  9991
2 68592  51.9034  27.8688 0000057 145.4714 214.6252 14.79932651 28459
0 STARLINK-1609
1 47621U 21012B   26283.58454599  .00106742  00000-0  73549-3 0  9997
2 47621  53.1499 119.5361 0000954  94.5989 265.5140 15.73820053313375
0 STARLINK-33968
1 63883U 25094V   26283.58452280  .00020566  00000-0  69900-3 0  9999
2 63883  70.0078  47.8045 0003579 211.8237 148.2723 15.30447451 79511
0 STARLINK-11713
1 64070U 25107G   26283.58452126  .00186791  00000-0  14223-2 0  9992
2 64070  43.0002 243.0764 0002998 276.1173  83.9353 15.70911424 81092
0 QIANFAN-20
1 61553U 24185B   26283.58450999  .00000301  00000-0  16564-3 0  9999
2 61553  88.9886  43.9952 0007888 100.1463 260.0611 14.09087534111995
0 GLOBALSTAR M040
1 25622U 99004B   26283.58448869 -.00000096  00000-0  40916-4 0  9992
2 25622  51.9937  35.4413 0000900  52.8925 320.3323 12.62039734275910
0 STARLINK-1156
1 45054U 20006L   26283.58438775  .00021183  00000-0  44363-3 0  9992
2 45054  53.1535 352.8976 0003195  14.9167 345.1934 15.45411211369583
0 GAOFEN 12
1 44819U 19082A   26283.58438219  .00000317  00000-0  47975-4 0  9994
2 44819  97.8154 286.9522 0002048  62.9907 297.1514 14.80533006371160
0 STARLINK-36718
1 67715U 26025Y   26283.58437646  .00025336  00000-0  78429-3 0  9997
2 67715  97.2873  33.2013 0000765  59.3958 300.7360 15.33453257 38944
0 JILIN-01 GAOFEN 2B
1 44836U 19086A   26283.58435223  .00005323  00000-0  23723-3 0  9995
2 44836  97.4780 354.8702 0012130 276.3406  83.6448 15.21796829378030
0 QIANFAN-86
1 63172U 25046P   26283.58427914  .00000084  00000-0  11218-3 0  9995
2 63172  88.9626 288.4302 0010508 350.2715   9.8231 13.51021928 88308
0 STARLINK-36151
1 67123U 25299X   26283.58426658  .00025948  00000-0  94847-3 0  9994
2 67123  43.0038  35.2017 0001466 275.4939  84.5746 15.27603648 45985
0 FENGYUN 3D
1 43010U 17072A   26283.58424256 -.00000204  00000-0 -74564-4 0  9990
2 43010  99.0283 260.1753 0002562  79.3143 280.8321 14.19758422461364
0 STARLINK-32137
1 60155U 24120W   26283.58423665 -.00000643  00000-0 -78984-5 0  9992
2 60155  53.1612  37.7770 0001805  96.8253 263.2955 15.34388683129334
0 STARLINK-33789
1 63657U 25083Z   26283.58413465  .00029181  00000-0  10650-2 0  9997
2 63657  43.0041 231.4698 0002011 266.1314  93.9308 15.27601992 82960
0 STARLINK-31317
1 58931U 24027A   26283.58412264  .00000553  00000-0  27519-4 0  9995
2 58931  53.1632  27.6293 0001515  78.3492 281.7681 15.34401450150121
0 STARLINK-31518
1 59219U 24046U   26283.58412162  .00002729  00000-0  91973-4 0  9995
2 59219  53.1606 232.0128 0001564  92.7331 267.3850 15.34371397146014
0 JILIN-01 GAOFEN 2D
1 49256U 21086A   26283.58405935  .00003298  00000-0  21281-3 0  9992
2 49256  97.6613  46.2005 0031837 130.3611 230.0405 15.08574530278137
0 STARLINK-30168
1 57513U 23113U   26283.58402294  .00000439  00000-0  25456-4 0  9998
2 57513  43.0007 242.1629 0000923 268.4740  91.6006 15.27579107176389
0 GAOFEN 14
1 47231U 20092A   26283.58395615  .00006780  00000-0  27018-3 0  9995
2 47231  97.4624 353.6224 0005884 115.6788 244.5058 15.25527976325420
0 STARLINK-6083
1 56109U 23046S   26283.58394295 -.00000339  00000-0 -27785-5 0  9993
2 56109  43.0029  28.2117 0001335 267.2657  92.8042 15.27577089194896
0 STARLINK-3375
1 51114U 22005L   26283.58385638  .00000082  00000-0  14389-4 0  9997
2 51114  53.1626  30.2714 0001058  79.3738 280.7382 15.31704304261518
0 QIANFAN-105
1 66047U 25233Q   26283.58383993  .00000099  00000-0  13515-3 0  9993
2 66047  89.0110  31.3194 0001784 106.2920 253.8428 13.51033008 48924
0 IRIDIUM 173
1 43925U 19002D   26283.58383035 -.00000044  00000-0 -22837-4 0  9997
2 43925  86.3932 305.3413 0002079  92.0349 268.1085 14.34217135405493
0 STARLINK-36858
1 68021U 26040G   26283.58367767  .00034832  00000-0  10758-2 0  9992
2 68021  97.2855 230.6126 0000517 128.2753 231.8536 15.33459988 34422
0 STARLINK-33771
1 63659U 25083AB  26283.58365682  .00015564  00000-0  57359-3 0  9994
2 63659  43.0041 234.9996 0002647 263.5918  96.4632 15.27597629 82922
0 STARLINK-37841
1 69951U 26157J   26283.58364912  .00024350  00000-0  72928-3 0  9995
2 69951  53.1582 240.0288 0001871  84.5819 275.5397 15.34407487 14457
0 STARLINK-1036
1 44741U 19074AE  26283.58364735  .00368532  69625-4  66494-3 0  9994
2 44741  53.0311 198.4441 0003718 119.6569 240.4831 16.01061772382581
0 STARLINK-31983
1 60602U 24150V   26283.58361860 -.00000649  00000-0 -80844-5 0  9994
2 60602  53.1631  23.8262 0001277  88.8542 271.2607 15.34397985120934
0 STARLINK-34960
1 65219U 25176X   26283.58359136  .00024387  00000-0  73070-3 0  9999
2 65219  53.1616 230.1690 0002261  80.5617 279.5641 15.34393578 66088
0 STARLINK-32327
1 61641U 24191W   26283.58354617 -.00001573  00000-0 -47670-4 0  9991
2 61641  43.0044  20.7211 0001267 270.8961  89.1746 15.27562837110404
0 STARLINK-11716
1 64133U 25111L   26283.58354399  .00194068  00000-0  14771-2 0  9994
2 64133  42.9996 118.7772 0002746 256.7790 103.2771 15.70898880 80481
0 ONEWEB-0540
1 54645U 22166D   26283.58352529 -.00000086  00000-0 -23857-3 0  9995
2 54645  87.9310 221.0401 0002070  77.4662 282.6703 13.21824478186772
0 STARLINK-31116
1 58947U 24027S   26283.58344066  .00000709  00000-0  34614-4 0  9993
2 58947  53.1631  29.7556 0001617 105.1374 254.9806 15.31713147150254
0 STARLINK-32846
1 62867U 25022P   26283.58337218  .00017220  00000-0  51964-3 0  9998
2 62867  53.1595 207.7311 0000896  96.8459 263.2645 15.34398129 94853
0 STARLINK-32820
1 63041U 25034N   26283.58335648  .01317000  00000-0  36798-1 0  9997
2 63041  53.1590 339.5130 0000329 210.5952 177.3840 15.33302366  5884
0 STARLINK-32932
1 63083U 25037G   26283.58335648  .00081350  00000-0  27334-2 0  9998
2 63083  70.0005 167.6436 0003172 267.9099 190.7966 15.30405630  5765
0 STARLINK-32927
1 63094U 25037T   26283.58335648  .00075784  00000-0  25511-2 0  9999
2 63094  70.0006 167.6607 0002977 265.3623 178.4066 15.30374320  5861
0 STARLINK-33636
1 63379U 25063S   26283.58335648  .00224388  00000-0  25238-2 0  9996
2 63379  53.1501 118.1796 0005279 171.6516 295.8720 15.61332967  5942
0 STARLINK-33686
1 63422U 25065Z   26283.58335648  .00058587  00000-0  21238-2 0  9999
2 63422  43.0022 333.5047 0001220 273.9815 102.0671 15.27547946  5816
0 STARLINK-33795
1 63457U 25069AA  26283.58335648  .00033447  00000-0  10248-2 0  9998
2 63457  53.1587 216.0050 0000903 108.3835 219.2943 15.33518685  5932
0 STARLINK-33780
1 63459U 25069AC  26283.58335648  .00035563  00000-0  10603-2 0  9996
2 63459  53.1582 215.9974 0001183  93.0352 234.5429 15.34350307  5932
0 STARLINK-33678
1 63509U 25071S   26283.58335648  .00012841  00000-0  42534-3 0  9998
2 63509  53.1596 219.9738 0001267  99.7955 336.6050 15.31662365  5874
0 STARLINK-11680
1 63554U 25075G   26283.58335648  .00046709  00000-0  36570-3 0  9995
2 63554  43.0000 298.6541 0001524 269.6660 104.4041 15.70823878  5990
0 STARLINK-30526
1 58006U 23153R   26283.58335648 -.00751795  00000-0 -25079-1 0  9996
2 58006  43.0006 261.2682 0001448 273.2156  64.1636 15.32645320  5949
0 STARLINK-30806
1 58180U 23167F   26283.58335648  .00192027  00000-0  32330-2 0  9998
2 58180  42.9943 356.4155 0020668  19.7653   0.4799 15.50064499  5857
0 STARLINK-30924
1 58412U 23180L   26283.58335648  .00408636  76647-4  83476-3 0  9999
2 58412  42.9766  78.7691 0027698 316.2199  49.5228 15.97843254  6089
0 STARLINK-30994
1 58483U 23186L   26283.58335648  .00071999  00000-0  13032-2 0  9997
2 58483  42.9914 113.0939 0021543 267.9572 109.4622 15.48499542  5907
0 STARLINK-31038
1 58605U 23200S   26283.58335648  .00201102  00000-0  26003-2 0  9993
2 58605  42.9933  16.5967 0023830   7.6912 245.6893 15.57177070  5979
0 STARLINK-31104
1 58672U 23211F   26283.58335648  .00060550  00000-0  37289-3 0  9998
2 58672  42.9826 259.2386 0026421 130.6398  17.2450 15.75818193  5980
0 STARLINK-31521
1 59015U 24036T   26283.58335648  .00057470  00000-0  17467-2 0  9998
2 59015  53.1592 159.4838 0001380 101.6567 170.4483 15.33525006  5926
0 STARLINK-31283
1 59174U 24044Y   26283.58335648  .00009263  00000-0  34576-3 0  9991
2 59174  43.0009 286.5049 0001204 277.6973  65.6290 15.27575221  5859
0 STARLINK-31536
1 59192U 24045Q   26283.58335648  .00063256  00000-0  22903-2 0  9994
2 59192  43.0033 318.9318 0001480 281.3522 183.5380 15.27555143  5854
0 STARLINK-31577
1 59203U 24046C   26283.58335648  .00013958  00000-0  42397-3 0  9992
2 59203  53.1579 231.7901 0001221  92.9707  19.2604 15.34361863  5876
0 STARLINK-31444
1 59236U 24049F   26283.58335648  .00367230  00000-0  37656-2 0  9997
2 59236  42.9881 278.0527 0021282 118.9439  12.5432 15.62746652  5927
0 STARLINK-35498
1 67017U 25293Q   26283.58335648  .04529652  00000-0  28881+0 0  9994
2 67017  70.0010 272.5497 0001458 184.7772   9.8843 15.03884599  5752
0 STARLINK-36240
1 67076U 25298B   26283.58335648  .00090387  00000-0  59155-2 0  9999
2 67076  70.0002 192.6381 0002832 270.8726 194.1546 15.07241598  5786
0 STARLINK-35792
1 67092U 25298T   26283.58335648  .00094654  00000-0  62075-2 0  9993
2 67092  70.0004 192.7116 0004776 265.9140 128.2861 15.07136822  5722
0 STARLINK-36215
1 67100U 25298AB  26283.58335648  .00165542  00000-0  12016-1 0  9997
2 67100  70.0030 192.6497 0004458 299.4189 162.7509 15.02946521  5759
0 STARLINK-36255
1 67102U 25299A   26283.58335648  .00904225  00000-0  42906-2 0  9991
2 67102  43.0018  29.2157 0001526 297.0277   9.6425 15.79736605  5873
0 STARLINK-36224
1 67203U 25304M   26283.58335648  .00152055  00000-0  10990-1 0  9993
2 67203  70.0003 352.6824 0005006 242.7719  96.5940 15.03182233  5717
0 STARLINK-36226
1 67209U 25304T   26283.58335648  .03412918  00000-0  22349+0 0  9998
2 67209  69.9994 352.8267 0002278 285.0887 264.8809 15.03429068  5776
0 STARLINK-36199
1 67213U 25304X   26283.58335648  .03349784  00000-0  21298+0 0  9995
2 67213  70.0005 352.4349 0001461 288.5086 245.4935 15.04623735  5779
0 STARLINK-34013
1 63871U 25094H   26283.58335648 -.00015459  00000-0 -52062-3 0  9992
2 63871  70.0017  47.6877 0003446 272.3785 186.3423 15.30426617  5919
0 STARLINK-33988
1 63938U 25098N   26283.58335648 -.00046560  00000-0 -15814-2 0  9990
2 63938  69.9996  87.9002 0003554 275.6123 322.8784 15.30466748  5911
0 STARLINK-33992
1 64026U 25102E   26283.58335648 -.00034679  00000-0 -12070-2 0  9994
2 64026  69.9996 287.8938 0003398 271.6205 317.8275 15.29593116  5863
0 STARLINK-34030
1 64030U 25102J   26283.58335648 -.00034010  00000-0 -11532-2 0  9990
2 64030  69.9996 287.8373 0003312 272.9127   5.6571 15.30433455  5800
0 STARLINK-33860
1 64033U 25102M   26283.58335648 -.00025764  00000-0 -87176-3 0  9997
2 64033  69.9999 287.6104 0003299 273.5927 207.7083 15.30427034  5871
0 STARLINK-34178
1 64096U 25110A   26283.58335648  .00002515  00000-0  85577-4 0  9996
2 64096  53.1586 107.6008 0001105 105.5404  43.8027 15.34388092  5779
0 STARLINK-34448
1 64291U 25123A   26283.58335648  .00030338  00000-0  10295-2 0  9994
2 64291  70.0016   7.6270 0003380 270.8866  77.9344 15.30392989  5863
0 STARLINK-34387
1 64315U 25123AA  26283.58335648  .00040536  00000-0  13725-2 0  9993
2 64315  70.0018   7.7191 0003059 272.9427 345.7790 15.30387121  5913
0 STARLINK-34397
1 64356U 25126N   26283.58335648  .00051368  00000-0  17355-2 0  9999
2 64356  70.0016 207.8747 0003250 268.1585 330.3904 15.30388301  5661
0 STARLINK-34476
1 64364U 25126W   26283.58335648  .00052223  00000-0  17640-2 0  9996
2 64364  70.0016 207.6720 0003346 270.5437 148.1807 15.30390012  5870
0 STARLINK-34400
1 64463U 25130AB  26283.58335648  .00064495  00000-0  19058-2 0  9990
2 64463  53.1602 171.4802 0001112  98.6030  83.0415 15.34363469  5826
0 STARLINK-34510
1 64596U 25137C   26283.58335648 -.00013614  00000-0 -39265-3 0  9996
2 64596  53.1582  53.7043 0001242  76.4587 284.0467 15.34389214  5864
0 STARLINK-34558
1 64721U 25142AB  26283.58335648  .00013804  00000-0  47129-3 0  9999
2 64721  69.9989 127.8033 0003852 266.8706 351.7233 15.30427675  5806
0 STARLINK-34697
1 64791U 25150B   26283.58335648  .00013860  00000-0  91654-3 0  9999
2 64791  69.9999 312.4751 0003744 275.4281 302.3124 15.07482340  5756
0 STARLINK-34712
1 64907U 25157D   26283.58335648 -.00008774  00000-0 -24895-3 0  9998
2 64907  53.1583  62.1769 0001232  84.1106 150.8562 15.34388398  5938
0 STARLINK-32264
1 61642U 24191X   26283.58335648  .00317153  00000-0  12398-2 0  9994
2 61642  42.9820 325.4314 0024985  63.0990 263.0874 15.84915074  5945
0 STARLINK-32257
1 62171U 24225J   26283.58335648  .02408636  00000-0  82957-1 0  9996
2 62171  70.0010 341.5813 0003238 273.0075 334.9149 15.26458136  5764
0 STARLINK-32587
1 62180U 24225T   26283.58335648  .01893375  00000-0  73009-1 0  9991
2 62180  70.0007 341.6180 0001494 268.1969 231.0764 15.22906019  5761
0 STARLINK-32664
1 62204U 24229N   26283.58335648  .00255317  31037-4  92181-3 0  9991
2 62204  42.9822  75.3390 0029227 314.1910 272.5139 15.87176397  6000
0 STARLINK-32678
1 62309U 24239J   26283.58335648  .00113980  00000-0  18648-2 0  9994
2 62309  53.1499 253.0550 0005302  66.8703 303.6565 15.51661259  5906
0 STARLINK-34917
1 65190U 25175S   26283.58335648  .00077659  00000-0  23851-2 0  9999
2 65190  97.2836 152.2563 0002191  86.1203  96.5326 15.33418168  5876
0 STARLINK-34817
1 65362U 25190M   26283.58335648 -.00022095  00000-0 -64489-3 0  9996
2 65362  53.1580 245.4902 0001337  94.0016 142.7230 15.34390535  5884
0 STARLINK-35612
1 66128U 25237Q   26283.58335648  .00018542  00000-0  55878-3 0  9991
2 66128  53.1565 119.7607 0001122  95.2828 340.8091 15.34385969  5891
0 STARLINK-31606
1 59571U 24076H   26283.58335648 -.00028739  00000-0 -10387-2 0  9991
2 59571  43.0037 234.9876 0001066 254.2993  68.7772 15.27585421  5857
0 STARLINK-31943
1 59878U 24098W   26283.58335648  .00122516  00000-0  59025-3 0  9994
2 59878  42.9824 106.8086 0028496 280.9538 304.1900 15.80879016  5895
0 STARLINK-31920
1 59907U 24100Y   26283.58335648  .00088379  00000-0  43872-3 0  9992
2 59907  42.9823 261.6312 0025903 130.8030  62.5023 15.80463318  5995
0 STARLINK-4503
1 53528U 22101B   26283.58335648  .00092318  00000-0  34007-2 0  9991
2 53528  53.1612 187.4086 0001704  89.0347 120.1372 15.27073430  5799
0 STARLINK-4482
1 53530U 22101D   26283.58335648  .00099371  00000-0  33204-2 0  9998
2 53530  53.1612 187.5371 0001669  89.5215 128.1143 15.30221269  5804
0 STARLINK-4483
1 53532U 22101F   26283.58335648  .00093556  00000-0  34518-2 0  9998
2 53532  53.1590 187.3856 0001289  87.2824  16.2137 15.27013094  5841
0 STARLINK-4485
1 53541U 22101Q   26283.58335648  .00118487  00000-0  40627-2 0  9997
2 53541  53.1612 187.3375 0001572  99.5407 127.3605 15.29280566  5846
0 STARLINK-4692
1 53603U 22104R   26283.58335648  .00093913  00000-0  31641-2 0  9991
2 53603  53.1614 351.8817 0001289  80.6393 222.0193 15.29984700  5808
0 STARLINK-4598
1 53630U 22104AU  26283.58335648  .00879354  00000-0  47903-2 0  9990
2 53630  53.1590 318.9041 0001229  69.3833  46.8577 15.76971354  5835
0 STARLINK-4422
1 53639U 22104BD  26283.58335648  .01102592  00000-0  16507-1 0  9998
2 53639  53.1842 301.4503 0001978  80.6346 296.6289 15.52032944  5854
0 STARLINK-4622
1 53648U 22105A   26283.58335648  .00080992  00000-0  41779-2 0  9997
2 53648  97.2846 156.3571 0001056  28.6448  70.0699 15.15993852  5785
0 STARLINK-4380
1 53650U 22105C   26283.58335648  .00088477  00000-0  45668-2 0  9997
2 53650  97.2840 156.3554 0002159  57.7682  50.3562 15.15932164  5724
0 STARLINK-4466
1 53656U 22105J   26283.58335648  .00093615  00000-0  47760-2 0  9998
2 53656  97.2835 156.3743 0002624 101.4811 122.0711 15.16316662  5837
0 STARLINK-4473
1 53660U 22105N   26283.58335648  .00084073  00000-0  44401-2 0  9990
2 53660  97.2827 156.3425 0002191  63.9880 123.4438 15.15143593  5838
0 STARLINK-4472
1 53661U 22105P   26283.58335648  .00074977  00000-0  36172-2 0  9999
2 53661  97.2832 156.3153 0001725  69.2822  47.6068 15.18373106  5834
0 STARLINK-4357
1 53662U 22105Q   26283.58335648  .00162960  00000-0  36696-2 0  9991
2 53662  97.4952 171.7739 0001608  84.8959 206.5932 15.42652146  5720
0 STARLINK-4334
1 53665U 22105T   26283.58335648  .00614230  00000-0  47125-2 0  9995
2 53665  97.5167 173.3059 0001455  78.7600 257.9489 15.70256699  5934
0 STARLINK-4406
1 53667U 22105V   26283.58335648  .00422614  00000-0  23496-2 0  9995
2 53667  97.5967 173.6485 0001682  90.1267 238.1590 15.78334691  5806
0 STARLINK-4458
1 53668U 22105W   26283.58335648  .01081409  00000-0  78895-2 0  9993
2 53668  97.5006 173.1218 0001614  94.9018 318.1787 15.70577819  5777
0 STARLINK-4440
1 53671U 22105Z   26283.58335648  .00081064  00000-0  40124-2 0  9997
2 53671  97.2809 156.3039 0001948  72.3192  93.8859 15.17446191  5839
0 STARLINK-4428
1 53672U 22105AA  26283.58335648  .00733607  00000-0  37586-1 0  9992
2 53672  97.2843 156.3442 0001798  85.6639 184.1300 15.13982939  5681
0 STARLINK-4620
1 53674U 22105AC  26283.58335648  .00091217  00000-0  45369-2 0  9997
2 53674  97.2839 156.3441 0002067 110.9129 171.1970 15.17223679  5483
0 STARLINK-4621
1 53676U 22105AE  26283.58335648  .00084808  00000-0  44161-2 0  9996
2 53676  97.2847 156.3611 0001518 100.7556 240.7832 15.15640611  5784
0 STARLINK-4625
1 53683U 22105AM  26283.58335648  .00076302  00000-0  38222-2 0  9995
2 53683  97.2814 156.3687 0001042  69.3394 314.9461 15.17051354  5583
0 STARLINK-4624
1 53684U 22105AN  26283.58335648  .00077877  00000-0  37819-2 0  9995
2 53684  97.2808 156.3384 0001212  95.0130 328.0490 15.18129963  5787
0 STARLINK-4626
1 53685U 22105AP  26283.58335648  .00081733  00000-0  41404-2 0  9997
2 53685  97.2816 156.2857 0002494  93.9708 131.9374 15.16627212  5782
0 STARLINK-4467
1 53686U 22105AQ  26283.58335648  .00731286  00000-0  32917-1 0  9991
2 53686  97.2843 156.3133 0001793  83.8561 205.1966 15.18578686  5836
0 STARLINK-4571
1 53688U 22105AS  26283.58335648  .00086593  00000-0  44094-2 0  9997
2 53688  97.2828 156.3062 0001142 110.1983 190.9190 15.16421162  5780
0 STARLINK-4570
1 53690U 22105AU  26283.58335648  .00081996  00000-0  39119-2 0  9994
2 53690  97.2832 156.3594 0000831  39.3395  34.7302 15.18726766  5781
0 STARLINK-4652
1 53736U 22107AN  26283.58335648  .00044526  00000-0  13226-2 0  9996
2 53736  53.1609 349.8518 0001349  84.9935 254.7071 15.34364469  5874
0 STARLINK-4607
1 53740U 22107AS  26283.58335648  .00496597  00000-0  15813-2 0  9994
2 53740  53.1589 346.6571 0003019  53.1427  24.7046 15.89378503  5714
0 STARLINK-4771
1 53833U 22114R   26283.58335648 -.00021792  00000-0 -61561-3 0  9990
2 53833  53.1721  56.5359 0001445  82.8205 258.7023 15.35399311  5805
0 STARLINK-4755
1 53851U 22114AK  26283.58335648 -.00010364  00000-0 -28661-3 0  9997
2 53851  53.1604  46.5124 0001194  81.6948 280.8943 15.35400765  5809
0 STARLINK-4795
1 53856U 22114AQ  26283.58335648  .00049224  00000-0  15882-2 0  9997
2 53856  53.1596 346.3091 0001352  80.7313 184.4521 15.31687966  5740
0 STARLINK-4793
1 53867U 22114BB  26283.58335648  .00220789  00000-0  35758-2 0  9990
2 53867  53.1868 358.6509 0001881  86.0237 158.7178 15.51519480  5722
0 STARLINK-5046
1 53892U 22119G   26283.58335648  .00456033  00000-0  41343-2 0  9993
2 53892  53.1601  67.1182 0001219  98.5871 123.3738 15.66070649  5816
0 STARLINK-5035
1 53897U 22119M   26283.58335648  .00173643  00000-0  27264-2 0  9997
2 53897  53.2161  18.2291 0001185  80.5275  79.9434 15.52570198  5685
0 STARLINK-5003
1 53905U 22119V   26283.58335648  .00037687  00000-0  18781-2 0  9998
2 53905  53.1610  68.6843 0001921  55.2233  27.7901 15.17226049  5792
0 STARLINK-5054
1 53906U 22119W   26283.58335648  .00011009  00000-0  65319-3 0  9999
2 53906  53.1598  68.3427 0001944 127.6975 131.7682 15.11825402  5698
0 STARLINK-5048
1 53911U 22119AB  26283.58335648  .00005033  00000-0  28973-3 0  9990
2 53911  53.1595  68.7648 0001322 109.4010 292.1685 15.14072452  5741
0 STARLINK-5053
1 53913U 22119AD  26283.58335648  .00009402  00000-0  52065-3 0  9995
2 53913  53.1614  68.5588 0002365  77.2795  68.9209 15.14484490  5803
0 STARLINK-5040
1 53914U 22119AE  26283.58335648  .00835286  00000-0  16539-1 0  9997
2 53914  53.1563  64.5753 0001378  74.4446 318.3645 15.44250591  5668
0 STARLINK-5012
1 53918U 22119AJ  26283.58335648  .00010637  00000-0  59493-3 0  9994
2 53918  53.1619  68.4874 0002383  85.8228  96.3248 15.13990575  5742
0 STARLINK-5002
1 53922U 22119AN  26283.58335648  .00011857  00000-0  63236-3 0  9994
2 53922  53.1594  68.2887 0001468 108.4003 176.8810 15.15580094  5693
0 STARLINK-5004
1 53923U 22119AP  26283.58335648  .00012401  00000-0  69479-3 0  9996
2 53923  53.1600  68.4025 0001372  93.9087 131.7253 15.13777608  5746
0 STARLINK-5011
1 53925U 22119AR  26283.58335648  .00008246  00000-0  47731-3 0  9997
2 53925  53.1593  68.2038 0000640 147.7633 182.6505 15.13053141  5792
0 STARLINK-5134
1 53976U 22125N   26283.58335648  .01084107  00000-0  12826-1 0  9996
2 53976  53.1593 301.8300 0001581  74.1389 303.3941 15.58104383  5871
0 STARLINK-5142
1 53984U 22125W   26283.58335648  .00081994  00000-0  39233-2 0  9997
2 53984  53.1586 328.5590 0001233  56.0602   9.2328 15.18273409  5749
0 STARLINK-5147
1 53985U 22125X   26283.58335648  .00080704  00000-0  37979-2 0  9991
2 53985  53.1588 328.5908 0001090  47.7735   2.0820 15.18859263  5690
0 STARLINK-5131
1 53996U 22125AJ  26283.58335648  .00046649  00000-0  17661-2 0  9999
2 53996  53.1574 327.0945 0001444  81.1453  17.2142 15.26492895  5805
0 STARLINK-5114
1 54003U 22125AR  26283.58335648  .00122219  00000-0  47698-2 0  9990
2 54003  53.1606 327.4926 0001276 102.4088 152.1682 15.24989658  5857
0 STARLINK-5132
1 54007U 22125AV  26283.58335648  .00798246  00000-0  28123-1 0  9994
2 54007  53.1627 327.3011 0001483  77.9335 274.0729 15.26246150  5692
0 STARLINK-5221
1 54091U 22136AS  26283.58335648 -.00019304  00000-0 -54339-3 0  9992
2 54091  53.1602  85.8716 0001010  95.0489 326.6319 15.35429366  5740
0 STARLINK-5198
1 54099U 22136BA  26283.58335648 -.00010201  00000-0 -28189-3 0  9991
2 54099  53.1598  86.2451 0001218  92.2453 136.0677 15.35404062  5794
0 STARLINK-5122
1 54179U 22141Y   26283.58335648 -.00005625  00000-0 -15545-3 0  9992
2 54179  53.1569  99.5092 0001379  96.5718 201.2774 15.34401290  5879
0 STARLINK-5246
1 54198U 22141AT  26283.58335648 -.00005612  00000-0 -15511-3 0  9992
2 54198  53.1602  93.9109 0001035  91.6077 119.0201 15.34394572  5884
0 STARLINK-5471
1 54766U 22175J   26283.58335648  .00070972  00000-0  40989-2 0  9995
2 54766  53.1589 158.6263 0001920 124.5661 137.5941 15.11685100  5844
0 STARLINK-5277
1 55269U 23010A   26283.58335648  .00030146  00000-0  10488-2 0  9993
2 55269  70.0012 221.0261 0003365 270.1778 150.0398 15.29583272  5513
0 STARLINK-5306
1 55271U 23010C   26283.58335648  .00011013  00000-0  37742-3 0  9991
2 55271  70.0159 221.0517 0003087 267.8260 130.0543 15.30395056  5560
0 STARLINK-5310
1 55272U 23010D   26283.58335648  .00017966  00000-0  61251-3 0  9997
2 55272  70.0157 221.0035 0003227 272.4199 170.4884 15.30389795  5775
0 STARLINK-5299
1 55277U 23010J   26283.58335648  .00020429  00000-0  71353-3 0  9994
2 55277  70.0014 221.0877 0003069 272.4467  91.6772 15.29563237  5771
0 STARLINK-5289
1 55278U 23010K   26283.58335648  .00044062  00000-0  25955-2 0  9990
2 55278  70.0011 221.8993 0003809 273.3668  76.6848 15.11373225  5764
0 STARLINK-5298
1 55281U 23010N   26283.58335648  .00018399  00000-0  64348-3 0  9998
2 55281  70.0011 221.1316 0003277 271.7306  51.4133 15.29550386  5818
0 STARLINK-5330
1 55282U 23010P   26283.58335648  .01078036  00000-0  35327-1 0  9997
2 55282  70.0009 221.1556 0003596 268.3575  29.8874 15.28611126  5760
0 STARLINK-5337
1 55284U 23010R   26283.58335648  .00048275  00000-0  16762-2 0  9993
2 55284  70.0009 221.0601 0002976 270.5434 116.3259 15.29518446  5662
0 STARLINK-5341
1 55287U 23010U   26283.58335648  .00086364  00000-0  29809-2 0  9993
2 55287  70.0004 180.9356 0003196 267.4233  27.1307 15.29508346  5815
0 STARLINK-5286
1 55294U 23010AB  26283.58335648  .00044439  00000-0  27063-2 0  9998
2 55294  70.0007 221.6771 0003655 255.4119 292.2427 15.10163014  5817
0 STARLINK-5293
1 55295U 23010AC  26283.58335648  .00040750  00000-0  18332-2 0  9990
2 55295  70.0005 221.6949 0002971 279.1401 265.2223 15.20902302  5760
0 STARLINK-5322
1 55303U 23010AL  26283.58335648  .00038818  00000-0  23375-2 0  9995
2 55303  70.0017 222.0018 0004223 274.8286 338.4185 15.10612264  5810
0 STARLINK-5295
1 55306U 23010AP  26283.58335648  .00107668  00000-0  55944-2 0  9995
2 55306  69.9986 181.7427 0004107 246.1644 124.0089 15.15496292  5707
0 STARLINK-5288
1 55307U 23010AQ  26283.58335648  .00104943  00000-0  63004-2 0  9995
2 55307  70.0005 181.9357 0003840 253.3376 298.5512 15.10325340  5766
0 STARLINK-5315
1 55309U 23010AS  26283.58335648  .00146087  00000-0  51687-2 0  9996
2 55309  70.0013 180.9555 0003924 268.4964  88.6814 15.28414135  5818
0 STARLINK-5309
1 55310U 23010AT  26283.58335648  .00104293  00000-0  61283-2 0  9994
2 55310  69.9997 181.7935 0003193 234.3436  89.9657 15.11111114  5613
0 STARLINK-5312
1 55311U 23010AU  26283.58335648  .00071480  00000-0  46634-2 0  9999
2 55311  70.0005 181.5532 0003123 268.8533 267.5327 15.07466955  5766
0 STARLINK-5296
1 55312U 23010AV  26283.58335648  .00253101  00000-0  11732-1 0  9992
2 55312  70.0061 181.4095 0003090 267.1285 298.1373 15.18779118  5762
0 STARLINK-5313
1 55313U 23010AW  26283.58335648  .00155187  00000-0  55552-2 0  9997
2 55313  70.0000 180.9719 0003940 271.3253  67.1387 15.27988021  5819
0 STARLINK-5257
1 55316U 23010AZ  26283.58335648  .00146898  00000-0  54339-2 0  9991
2 55316  70.0005 180.9769 0003534 266.7999  82.7612 15.26943257  5776
0 STARLINK-5265
1 55317U 23010BA  26283.58335648  .00119259  00000-0  46944-2 0  9996
2 55317  70.0006 180.6677 0003681 272.8134   8.2194 15.25003384  5815
0 STARLINK-5180
1 55318U 23010BB  26283.58335648  .00104154  00000-0  55960-2 0  9993
2 55318  70.0008 181.6807 0004783 264.4545 155.3909 15.14324423  5705
0 STARLINK-5196
1 55319U 23010BC  26283.58335648  .00148519  00000-0  55179-2 0  9999
2 55319  70.0003 181.0059 0003676 260.8377  47.8603 15.26790992  5760
0 STARLINK-5085
1 55392U 23014B   26283.58335648  .00037518  00000-0  20586-2 0  9994
2 55392  70.0018 221.6906 0003873 252.1167  29.8185 15.13972627  5701
0 STARLINK-5633
1 55410U 23014V   26283.58335648  .00009694  00000-0  43219-3 0  9998
2 55410  69.9985 261.5484 0002827 287.1456 252.3746 15.21669863  5815
0 STARLINK-5060
1 55413U 23014Y   26283.58335648  .00020294  00000-0  98683-3 0  9995
2 55413  69.9998 261.6305 0003227 289.4078 168.9172 15.18405847  5816
0 STARLINK-5620
1 55414U 23014Z   26283.58335648  .00007404  00000-0  32757-3 0  9994
2 55414  70.0016 261.5132 0002667 275.9035 297.4018 15.22067417  5806
0 STARLINK-5624
1 55416U 23014AB  26283.58335648  .00013808  00000-0  60378-3 0  9991
2 55416  69.9997 261.5028 0002566 260.6395 323.3105 15.22191246  5764
0 STARLINK-5629
1 55419U 23014AE  26283.58335648  .00012706  00000-0  53103-3 0  9998
2 55419  70.0007 261.4673 0002383 257.9574 356.2299 15.23757660  5614
0 STARLINK-5604
1 55420U 23014AF  26283.58335648  .00020865  00000-0  72881-3 0  9999
2 55420  70.0010 221.0928 0003520 267.9924 196.6982 15.29554426  5817
0 STARLINK-5598
1 55421U 23014AG  26283.58335648 -.00015393  00000-0 -77538-3 0  9996
2 55421  69.9993 261.7273 0003798 279.0745  94.7269 15.16892755  5767
0 STARLINK-5006
1 55422U 23014AH  26283.58335648 -.00005839  00000-0 -19928-3 0  9990
2 55422  69.9997 261.0212 0003643 267.2557  23.5764 15.29506741  5779
0 STARLINK-5068
1 55423U 23014AJ  26283.58335648  .00015029  00000-0  67038-3 0  9996
2 55423  70.0016 261.6906 0004363 278.5345 134.7180 15.21477450  5707
0 STARLINK-5615
1 55425U 23014AL  26283.58335648  .00706067  00000-0  26595-1 0  9998
2 55425  70.0077 261.4535 0003181 271.6845 349.2837 15.24664464  5818
0 STARLINK-5701
1 55487U 23015AQ  26283.58335648  .00794634  00000-0  45349-2 0  9993
2 55487  43.0029 198.4925 0002127 252.3807 268.5798 15.75886999  5946
0 STARLINK-5497
1 55629U 23021B   26283.58335648  .00017898  00000-0  62578-3 0  9992
2 55629  70.0011  21.0820 0003391 271.1763 185.3578 15.29569122  5817
0 STARLINK-5303
1 55630U 23021C   26283.58335648  .00018939  00000-0  66187-3 0  9991
2 55630  70.0009  21.1371 0002943 271.9189 133.0564 15.29568150  5815
0 STARLINK-5558
1 55631U 23021D   26283.58335648  .00078726  00000-0  32853-2 0  9994
2 55631  70.0012  21.3955 0003290 276.9853 259.9333 15.23239053  5766
0 STARLINK-5546
1 55632U 23021E   26283.58335648  .00084168  00000-0  37965-2 0  9991
2 55632  70.0002  21.5789 0004194 278.0306  91.7042 15.20553771  5619
0 STARLINK-5498
1 55633U 23021F   26283.58335648  .00079666  00000-0  34175-2 0  9999
2 55633  70.0028  21.5368 0004369 280.4982 130.3279 15.22294166  5661
0 STARLINK-5500
1 55634U 23021G   26283.58335648  .00041506  00000-0  22301-2 0  9990
2 55634  70.0014  21.7891 0003621 282.2193 260.9004 15.14690994  5761
0 STARLINK-5218
1 55636U 23021J   26283.58335648  .01115586  00000-0  37123-1 0  9990
2 55636  70.0010  21.2421 0003455 270.3151  38.5848 15.28464519  5762
0 STARLINK-5062
1 55637U 23021K   26283.58335648  .01184876  00000-0  41252-1 0  9997
2 55637  70.0015   1.4151 0003598 264.7430   3.9625 15.26802613  5817
0 STARLINK-5507
1 55638U 23021L   26283.58335648  .00083727  00000-0  37437-2 0  9991
2 55638  70.0012  21.5017 0003581 286.5540 150.7712 15.20858395  5769
0 STARLINK-5477
1 55659U 23021AH  26283.58335648  .00112743  00000-0  41720-2 0  9995
2 55659  70.0002 341.1468 0003438 261.5295   5.7656 15.27092348  5764
0 STARLINK-5475
1 55661U 23021AK  26283.58335648  .00108906  00000-0  40512-2 0  9992
2 55661  70.0011 341.1912 0002843 270.7844 319.8218 15.26938629  5765
0 STARLINK-5479
1 55662U 23021AL  26283.58335648  .00041330  00000-0  27099-2 0  9995
2 55662  70.0001 341.8388 0003170 276.7720  87.3779 15.07476487  5815
0 STARLINK-5473
1 55663U 23021AM  26283.58335648  .00038140  00000-0  25026-2 0  9999
2 55663  70.0053 341.6066 0003308 277.8397 290.9344 15.07472819  5814
0 STARLINK-5474
1 55665U 23021AP  26283.58335648  .00113998  00000-0  44846-2 0  9997
2 55665  70.0007 341.2086 0003179 266.0195 302.1870 15.25049779  5663
0 STARLINK-5592
1 55741U 23028A   26283.58335648  .00031849  00000-0  14779-2 0  9995
2 55741  70.0000  61.6718 0003926 265.3564  97.2674 15.19900387  5813
0 STARLINK-5602
1 55743U 23028C   26283.58335648 -.00014600  00000-0 -50470-3 0  9994
2 55743  70.0009  61.3040 0003108 273.3838  50.4996 15.29563106  5716
0 STARLINK-5579
1 55746U 23028F   26283.58335648  .01112407  00000-0  42151-1 0  9995
2 55746  70.0006  61.5373 0003231 277.7880 197.5627 15.24133370  5703
0 STARLINK-5539
1 55747U 23028G   26283.58335648 -.00000566  00000-0 -27593-4 0  9995
2 55747  70.0007  61.8571 0002728 270.7348 279.7099 15.10898914  5815
0 STARLINK-5580
1 55748U 23028H   26283.58335648  .01142718  00000-0  43066-1 0  9991
2 55748  70.0007  61.4725 0002723 263.0653 268.7293 15.24241609  5667
0 STARLINK-5573
1 55750U 23028K   26283.58335648  .00019293  00000-0  67506-3 0  9991
2 55750  70.0010  61.2673 0003737 264.4203  96.4945 15.29521255  5760
0 STARLINK-5577
1 55751U 23028L   26283.58335648 -.00011402  00000-0 -39285-3 0  9991
2 55751  70.0011  61.2296 0003792 271.0001 123.2093 15.29574332  5817
0 STARLINK-5613
1 55752U 23028M   26283.58335648  .00009530  00000-0  43054-3 0  9998
2 55752  70.0009  61.5312 0002994 280.5286 197.5085 15.21223150  5760
0 STARLINK-5617
1 55753U 23028N   26283.58335648  .00011434  00000-0  51291-3 0  9997
2 55753  70.0009  61.5158 0002817 279.3186 216.8302 15.21387289  5703
0 STARLINK-5612
1 55754U 23028P   26283.58335648  .01112524  00000-0  39245-1 0  9994
2 55754  70.0009  61.3579 0003916 266.0786  10.8315 15.26538111  5814
0 STARLINK-5614
1 55756U 23028R   26283.58335648 -.00023118  00000-0 -80224-3 0  9992
2 55756  70.0009  60.9465 0003584 273.0967   8.8192 15.29578387  5716
0 STARLINK-5544
1 55757U 23028S   26283.58335648  .00000056  00000-0  91142-5 0  9990
2 55757  70.0024  61.7225 0003060 256.0539  57.8986 15.13639617  5703
0 STARLINK-5072
1 55758U 23028T   26283.58335648  .00029103  00000-0  14087-2 0  9995
2 55758  70.0023  61.6369 0003721 273.0569 114.7079 15.18463627  5760
0 STARLINK-5532
1 55760U 23028V   26283.58335648  .00028513  00000-0  12066-2 0  9997
2 55760  70.0008  61.4183 0002945 262.1174 329.1078 15.23087478  5815
0 STARLINK-5593
1 55763U 23028Y   26283.58335648  .00030104  00000-0  13394-2 0  9994
2 55763  70.0012  61.4950 0003039 285.1856 234.4978 15.21366360  5468
0 STARLINK-5817
1 55779U 23028AQ  26283.58335648  .01159887  00000-0  39684-1 0  9991
2 55779  70.0014  21.2440 0003428 264.1535 329.4057 15.27441523  5563
0 STARLINK-5826
1 55782U 23028AT  26283.58335648  .00064269  00000-0  21702-2 0  9996
2 55782  70.0009  21.0631 0003921 272.7391 130.1900 15.30331050  5701
0 STARLINK-5797
1 55784U 23028AV  26283.58335648  .00084125  00000-0  39984-2 0  9992
2 55784  70.0014  21.8211 0003667 289.1199 149.7280 15.18746863  5767
0 STARLINK-5823
1 55786U 23028AX  26283.58335648  .01056058  00000-0  25241-1 0  9999
2 55786  70.0029  19.7459 0002821 261.2024 252.7101 15.38741503  5747
0 STARLINK-5811
1 55787U 23028AY  26283.58335648  .00022266  00000-0  75730-3 0  9993
2 55787  70.0009  21.0928 0003189 274.7850  98.0517 15.30403633  5818
0 STARLINK-5804
1 55788U 23028AZ  26283.58335648  .00075835  00000-0  26287-2 0  9996
2 55788  70.0004  21.1889 0002949 282.6716   4.6183 15.29421700  5818
0 STARLINK-5815
1 55789U 23028BA  26283.58335648  .00085980  00000-0  38416-2 0  9996
2 55789  69.9999  21.5160 0004166 275.4627  76.3593 15.20870318  5814
0 STARLINK-5813
1 55790U 23028BB  26283.58335648  .00096574  00000-0  32743-2 0  9996
2 55790  70.0009  21.0399 0002747 328.5040  90.0995 15.30040304  5816
0 STARLINK-5807
1 55791U 23028BC  26283.58335648  .00073809  00000-0  25616-2 0  9994
2 55791  70.0007  21.1242 0003561 272.2498  73.0606 15.29390068  5778
0 STARLINK-5862
1 55920U 23037G   26283.58335648  .00003141  00000-0  15917-3 0  9994
2 55920  69.9995 101.7896 0002432 274.0620 338.4992 15.18091108  5719
0 STARLINK-5849
1 55924U 23037L   26283.58335648  .00034650  00000-0  14802-2 0  9998
2 55924  69.9990 101.6966 0003911 264.1236  75.0868 15.22710373  5815
0 STARLINK-5921
1 55926U 23037N   26283.58335648 -.00000438  00000-0 -18827-4 0  9992
2 55926  69.9993 101.8216 0002893 261.4528 321.5280 15.12802379  5827
0 STARLINK-5896
1 55930U 23037S   26283.58335648  .01108003  00000-0  37639-1 0  9992
2 55930  69.9994 101.3314 0003846 268.9982  32.7939 15.27801310  5813
0 STARLINK-5852
1 55933U 23037V   26283.58335648  .00034391  00000-0  13606-2 0  9991
2 55933  70.0007 101.4926 0002962 279.2708 246.3433 15.25303703  5816
0 STARLINK-5920
1 55935U 23037X   26283.58335648 -.00003722  00000-0 -17489-3 0  9993
2 55935  70.0007 101.7081 0003488 257.0146  75.7941 15.18443579  5611
0 STARLINK-5913
1 55937U 23037Z   26283.58335648  .00037114  00000-0  17080-2 0  9991
2 55937  69.9999 101.6629 0004246 271.2497  91.6657 15.20144898  5668
0 STARLINK-5918
1 55939U 23037AB  26283.58335648  .00039952  00000-0  17573-2 0  9992
2 55939  69.9993 101.5118 0002843 273.9341 222.5455 15.21679190  5765
0 STARLINK-5864
1 55940U 23037AC  26283.58335648 -.00005716  00000-0 -27053-3 0  9992
2 55940  69.9997 101.6437 0004296 268.3719 122.0210 15.18570279  5810
0 STARLINK-5914
1 55941U 23037AD  26283.58335648 -.00010514  00000-0 -35211-3 0  9990
2 55941  69.9996 101.1922 0003411 273.4889 154.2167 15.30458875  5816
0 STARLINK-5917
1 55942U 23037AE  26283.58335648 -.00003534  00000-0 -16766-3 0  9999
2 55942  70.0005 101.6526 0003737 263.2939 115.5639 15.18049325  5614
0 STARLINK-5932
1 55943U 23037AF  26283.58335648 -.00026328  00000-0 -91397-3 0  9999
2 55943  69.9995 100.9063 0003335 268.2682  45.4502 15.29603063  5811
0 STARLINK-5926
1 55944U 23037AG  26283.58335648 -.00005290  00000-0 -25156-3 0  9995
2 55944  70.0007 101.6949 0003880 264.9395  77.8444 15.18354678  5816
0 STARLINK-5925
1 55945U 23037AH  26283.58335648  .00002480  00000-0  13495-3 0  9995
2 55945  70.0003 101.8007 0003290 259.9647 339.0030 15.15888724  5768
0 STARLINK-5857
1 55946U 23037AJ  26283.58335648  .00038989  00000-0  18158-2 0  9999
2 55946  70.0003 101.6014 0003792 281.8679 135.3711 15.19719363  5816
0 STARLINK-5908
1 55951U 23037AP  26283.58335648  .00035655  00000-0  16275-2 0  9990
2 55951  69.9989 101.4534 0002445 258.9981 292.0607 15.20440311  5813
0 STARLINK-6055
1 56467U 23064V   26283.58335648 -.00005490  00000-0 -18665-3 0  9995
2 56467  69.9995 300.9691 0002939 273.3204 321.2572 15.29584010  5719
0 STARLINK-5518
1 56469U 23064X   26283.58335648  .00025456  00000-0  86560-3 0  9998
2 56469  69.9994 301.0165 0003693 272.2524 285.6830 15.30371694  5803
0 STARLINK-5523
1 56470U 23064Y   26283.58335648 -.00031563  00000-0 -10978-2 0  9997
2 56470  70.0115 301.2954 0003512 272.1577  26.9092 15.29589804  5772
0 STARLINK-5521
1 56471U 23064Z   26283.58335648 -.00007036  00000-0 -24051-3 0  9994
2 56471  69.9995 300.8898 0003240 275.2449  29.8744 15.29584325  5610
0 STARLINK-5038
1 56472U 23064AA  26283.58335648  .00017480  00000-0  88636-3 0  9996
2 56472  69.9998 301.6529 0003462 269.8470  75.1336 15.16983321  5462
0 STARLINK-5524
1 56474U 23064AC  26283.58335648 -.00008174  00000-0 -28018-3 0  9998
2 56474  69.9997 301.2657 0003318 272.9293  53.6493 15.29581819  5778
0 STARLINK-5541
1 56475U 23064AD  26283.58335648  .00032520  00000-0  13627-2 0  9998
2 56475  69.9988 301.4481 0002523 280.5519 241.1565 15.23386435  5819
0 STARLINK-5545
1 56476U 23064AE  26283.58335648  .00018897  00000-0  94997-3 0  9990
2 56476  70.0000 301.7643 0002101 268.7503 336.2928 15.17266478  5719
0 STARLINK-6041
1 56478U 23064AG  26283.58335648  .00024726  00000-0  13951-2 0  9990
2 56478  69.9989 301.7122 0002837 264.5781  18.3193 15.13093039  5814
0 STARLINK-6044
1 56479U 23064AH  26283.58335648  .00057557  00000-0  25335-2 0  9998
2 56479  69.9993 301.3505 0002978 257.2928 351.3070 15.21541717  5611
0 STARLINK-6222
1 56481U 23064AK  26283.58335648  .00017750  00000-0  95306-3 0  9998
2 56481  70.0006 301.6991 0003361 265.1393  33.4807 15.14957533  5812
0 STARLINK-6220
1 56482U 23064AL  26283.58335648  .00047761  00000-0  18368-2 0  9996
2 56482  70.0002 301.3733 0002268 272.7828 325.7890 15.26156597  5815
0 STARLINK-6221
1 56484U 23064AN  26283.58335648  .01216123  00000-0  41836-1 0  9994
2 56484  69.9988 301.2860 0003950 273.7175  33.6643 15.27126552  5812
0 STARLINK-6210
1 56485U 23064AP  26283.58335648  .00022325  00000-0  10897-2 0  9997
2 56485  69.9987 301.5830 0003672 281.9651 118.7973 15.18245292  5761
0 STARLINK-5841
1 56493U 23064AX  26283.58335648  .00007467  00000-0  25829-3 0  9998
2 56493  69.9994 260.9930 0004287 271.2308 161.8958 15.30285976  5816
0 STARLINK-6198
1 56768U 23078B   26283.58335648  .00062192  00000-0  33994-2 0  9995
2 56768  69.9991 141.5615 0002958 280.2962 299.8654 15.13949018  5811
0 STARLINK-6342
1 56770U 23078D   26283.58335648  .00148761  00000-0  53262-2 0  9995
2 56770  70.0001 181.0562 0003303 280.6809 159.9534 15.28012456  5768
0 STARLINK-6275
1 56772U 23078F   26283.58335648  .00143184  00000-0  52303-2 0  9996
2 56772  70.0016 181.1006 0004112 273.7561 129.6879 15.27375755  5766
0 STARLINK-6190
1 56774U 23078H   26283.58335648  .00139487  00000-0  57450-2 0  9997
2 56774  70.0021 181.6514 0003490 250.7210  19.0252 15.23380856  5768
0 STARLINK-6274
1 56776U 23078K   26283.58335648  .00037199  00000-0  12598-2 0  9990
2 56776  69.9993 141.0698 0003386 269.7808  28.0153 15.30401587  5667
0 STARLINK-6304
1 56778U 23078M   26283.58335648  .00074907  00000-0  25284-2 0  9996
2 56778  69.9992 141.0233 0002880 244.6960  98.3663 15.30291395  5763
0 STARLINK-6231
1 56779U 23078N   26283.58335648  .00031798  00000-0  11065-2 0  9990
2 56779  70.0113 141.1149 0003351 257.2508 357.9383 15.29561889  5816
0 STARLINK-6357
1 56783U 23078S   26283.58335648  .00060983  00000-0  36467-2 0  9996
2 56783  69.9991 141.7168 0004494 264.7577 168.8088 15.10716984  5760
0 STARLINK-6354
1 56784U 23078T   26283.58335648  .00070412  00000-0  40599-2 0  9996
2 56784  69.9992 141.7186 0002674 275.6436 158.1090 15.11984750  5703
0 STARLINK-6341
1 56786U 23078V   26283.58335648  .00053290  00000-0  18465-2 0  9990
2 56786  70.0131 141.0846 0003137 266.4541  18.5940 15.29556346  5763
0 STARLINK-6326
1 56787U 23078W   26283.58335648  .00060724  00000-0  34592-2 0  9990
2 56787  70.0005 141.6293 0003429 274.1032 246.0694 15.12475806  5768
0 STARLINK-6336
1 56788U 23078X   26283.58335648  .00072190  00000-0  25067-2 0  9998
2 56788  69.9996 141.1386 0002996 264.4952 338.2284 15.29383685  5810
0 STARLINK-6060
1 56794U 23078AD  26283.58335648  .00076823  00000-0  26609-2 0  9995
2 56794  69.9990 141.1488 0003267 273.6682 314.3951 15.29441005  5815
0 STARLINK-6061
1 56795U 23078AE  26283.58335648  .00064285  00000-0  32825-2 0  9992
2 56795  69.9985 141.6015 0003355 269.6142 267.1176 15.16349773  5768
0 STARLINK-6087
1 56801U 23078AL  26283.58335648  .01257413  00000-0  42018-1 0  9992
2 56801  69.9992 141.2080 0002684 256.9807 272.4880 15.27990078  5711
0 STARLINK-6069
1 56804U 23078AP  26283.58335648  .00099934  00000-0  37553-2 0  9995
2 56804  69.9995 141.2981 0003616 278.2350 178.7388 15.26644592  5710
0 STARLINK-6064
1 56805U 23078AQ  26283.58335648  .00082541  00000-0  27837-2 0  9996
2 56805  69.9986 141.0519 0002444 255.4444  57.6040 15.30281649  5800
0 STARLINK-6073
1 56807U 23078AS  26283.58335648  .00094271  00000-0  35829-2 0  9991
2 56807  70.0006 141.2415 0002944 283.1330 224.0542 15.26297564  5762
0 STARLINK-6065
1 56812U 23078AX  26283.58335648  .00065722  00000-0  33547-2 0  9991
2 56812  69.9994 141.5158 0003262 266.8283 352.5012 15.16353921  5710
0 STARLINK-6067
1 56816U 23078BB  26283.58335648  .00074079  00000-0  25719-2 0  9992
2 56816  69.9989 140.8662 0002837 269.9008 210.4031 15.29379036  5819
0 STARLINK-30144
1 56835U 23079N   26283.58335648  .00286431  00000-0  29413-2 0  9996
2 56835  42.9833 304.2357 0023527  80.8719  88.7696 15.62900415  5578
0 STARLINK-30073
1 56840U 23079T   26283.58335648  .00030591  00000-0  11175-2 0  9992
2 56840  42.9991 158.7692 0001481 261.8157 284.0172 15.27552665  5857
0 STARLINK-30239
1 57291U 23096B   26283.58335648  .00699637  00000-0  22211-2 0  9997
2 57291  42.9990  72.7211 0001857 281.9654 136.3103 15.88702681  5946
0 STARLINK-30235
1 57294U 23096E   26283.58335648  .00391817  00000-0  36902-2 0  9991
2 57294  43.0010  79.9912 0001569 274.8316  55.5914 15.65063527  5763
0 STARLINK-30236
1 57300U 23096L   26283.58335648  .00641081  00000-0  18212-2 0  9994
2 57300  42.9991  71.5742 0001919 278.9384 238.4427 15.91034523  5950
0 STARLINK-30233
1 57302U 23096N   26283.58335648  .00575195  00000-0  21213-2 0  9993
2 57302  42.9991  74.3415 0001766 276.1327 183.7857 15.85949239  5891
0 STARLINK-30172
1 57410U 23102G   26283.58335648  .00237910  00000-0  33559-2 0  9997
2 57410  42.9992 108.2777 0001521 262.2872  42.0999 15.55016179  5956
0 STARLINK-30191
1 57413U 23102K   26283.58335648  .00285660  00000-0  35959-2 0  9991
2 57413  43.0019  45.7434 0001507 286.9286 196.9257 15.57910799  5951
0 STARLINK-30224
1 57416U 23102N   26283.58335648  .00719560  00000-0  23138-2 0  9991
2 57416  42.9987  98.1190 0002013 272.3118 234.2306 15.88399415  6001
0 STARLINK-30221
1 57418U 23102Q   26283.58335648  .00444216  00000-0  25130-2 0  9990
2 57418  42.9992 107.8959 0001807 268.6521 115.4412 15.77053284  5899
0 KUIPER-00428
1 69593U 26140B   26283.58335648 -.00968733  00000-0 -38110-1 0  9990
2 69593  51.8829 201.2531 0005625 351.8746 191.8630 15.27730180  3491
0 KUIPER-00517
1 69600U 26140J   26283.58335648 -.00006509  00000-0 -69136-3 0  9997
2 69600  51.8983 205.5386 0010853 249.3494  56.7555 14.87108041  3873
0 KUIPER-00542
1 69611U 26140V   26283.58335648 -.00015072  00000-0 -17297-2 0  9994
2 69611  51.8991 205.4931 0008643 212.2020 304.9047 14.84902550  4933
0 KUIPER-00544
1 69613U 26140X   26283.58335648  .00009329  00000-0  12501-2 0  9995
2 69613  51.9008 207.8990 0001420  56.2722 162.6458 14.79964699  5221
0 KUIPER-00547
1 69615U 26140Z   26283.58335648 -.00055647  00000-0 -52847-2 0  9990
2 69615  51.8960 203.3556 0013235 222.3002 296.5912 14.93167005  5608
0 KUIPER-00551
1 69618U 26140AC  26283.58335648 -.01298716  00000-0 -83704-1 0  9995
2 69618  51.8857 201.2635 0014028 219.7060 267.1691 15.11133774  4251
0 KUIPER-00554
1 69619U 26140AD  26283.58335648 -.01242637  00000-0 -89267-1 0  9997
2 69619  51.8921 201.9576 0009784 234.1221 274.3293 15.07128251  5526
0 KUIPER-00555
1 69620U 26140AE  26283.58335648 -.02381653  00000-0 -15316+0 0  9994
2 69620  51.8863 201.5143 0010250 227.3356 245.2566 15.11705505  1302
0 KUIPER-00557
1 69622U 26140AG  26283.58335648  .00004426  00000-0  41912-3 0  9997
2 69622  51.8936 203.3974 0009494 249.2674  29.1809 14.95379354  5236
0 STARLINK-37951
1 69684U 26145H   26283.58335648 -.00008237  00000-0 -56506-4 0  9992
2 69684  97.2840 134.7299 0001321  84.9340 257.5075 15.74316799  5979
0 KUIPER-00647
1 69790U 26151AD  26283.58335648  .00007104  00000-0  95945-3 0  9996
2 69790  51.8982 135.3334 0000497  52.1668 109.9662 14.79952163  5652
0 STARLINK-37891
1 69948U 26157F   26283.58335648 -.00001170  00000-0 -23515-4 0  9991
2 69948  53.1579 239.6037 0001407  85.2008 122.6311 15.34366903  5891
0 STARLINK-37840
1 69965U 26157Y   26283.58335648 -.00005490  00000-0 -15158-3 0  9992
2 69965  53.1572 239.7690 0001163  81.2073  45.1248 15.34377643  5864
0 STARLINK-38086
1 69998U 26159Z   26283.58335648  .00008715  00000-0  27201-3 0  9993
2 69998  97.2832 126.0275 0001541  86.4583 308.6670 15.33438542  6006
0 KUIPER-00199
1 67771U 26030H   26283.58335648 -.00069315  00000-0 -91048-2 0  9992
2 67771  51.8979 269.2259 0000677 180.0388 166.8919 14.80174128  4787
0 STARLINK-38184
1 A0180U 26175B   26283.58335648  .00011006  00000-0  34281-3 0  9992
2 A0180  97.2831 126.0512 0001651  93.0738 317.0221 15.33438295  5971
0 STARLINK-38142
1 A0183U 26175E   26283.58335648  .00009088  00000-0  28354-3 0  9996
2 A0183  97.2834 126.0759 0001770  86.4152  23.7313 15.33436739  5972
0 STARLINK-38104
1 A0185U 26175G   26283.58335648  .00014526  00000-0  40373-3 0  9996
2 A0185  97.2837 126.1481 0001559  80.0371 209.3454 15.36962805  6013
0 STARLINK-38130
1 A0187U 26175J   26283.58335648  .00004419  00000-0  13919-3 0  9994
2 A0187  97.2833 126.1512 0001612  97.4484 192.7325 15.33426744  5984
0 STARLINK-38141
1 A0188U 26175K   26283.58335648  .00007040  00000-0  22025-3 0  9996
2 A0188  97.2834 126.1386 0001729  94.1782 165.9390 15.33436391  5971
0 STARLINK-38176
1 A0189U 26175L   26283.58335648  .00026113  00000-0  72309-3 0  9999
2 A0189  97.2831 126.1523 0001762  67.9262 223.4742 15.36957313  5976
0 STARLINK-38223
1 A0190U 26175M   26283.58335648  .00008841  00000-0  27591-3 0  9992
2 A0190  97.2835 126.1030 0001737  85.2436  84.8753 15.33439643  5747
0 STARLINK-38165
1 A0191U 26175N   26283.58335648  .00009279  00000-0  28941-3 0  9999
2 A0191  97.2836 126.0892 0002067  86.8795  53.2438 15.33440058  6008
0 STARLINK-38195
1 A0196U 26175T   26283.58335648  .00006686  00000-0  20927-3 0  9999
2 A0196  97.2833 126.1478 0001843  67.0404 207.9675 15.33442216  6010
0 STARLINK-38137
1 A0198U 26175V   26283.58335648  .00016705  00000-0  51910-3 0  9990
2 A0198  97.2837 126.1148 0001883 102.5573  97.5453 15.33414423  6001
0 STARLINK-38148
1 A0199U 26175W   26283.58335648  .00016115  00000-0  50084-3 0  9997
2 A0199  97.2830 126.0387 0001573  83.1845 296.9874 15.33418399  6010
0 STARLINK-38178
1 A0201U 26175Y   26283.58335648  .00006805  00000-0  21295-3 0  9998
2 A0201  97.2832 126.0311 0001473  87.7858 277.3319 15.33441710  5903
0 STARLINK-38191
1 A0246U 26181A   26283.58335648  .00055877  00000-0  17220-2 0  9999
2 A0246  97.2840 327.4454 0001657  90.3738 317.8046 15.33414671  6013
0 STARLINK-38221
1 A0248U 26181C   26283.58335648  .00060365  00000-0  18592-2 0  9992
2 A0248  97.2844 327.3158 0001493  79.7521  28.4465 15.33411622  5807
0 STARLINK-38163
1 A0250U 26181E   26283.58335648  .00075005  00000-0  20625-2 0  9992
2 A0250  97.2841 327.3878 0001837  70.1208 201.6235 15.36914495  6018
0 STARLINK-38259
1 A0252U 26181G   26283.58335648  .00065840  00000-0  20263-2 0  9998
2 A0252  97.2848 327.3757 0001723  78.7885 164.3769 15.33408906  6000
0 STARLINK-38243
1 A0253U 26181H   26283.58335648  .00058108  00000-0  17891-2 0  9991
2 A0253  97.2840 327.3265 0001798 116.4152   6.6837 15.33432165  6015
0 STARLINK-38252
1 A0254U 26181J   26283.58335648  .00063843  00000-0  19645-2 0  9993
2 A0254  97.2846 327.3841 0001141  80.5277 177.6421 15.33423614  6009
0 STARLINK-38167
1 A0257U 26181M   26283.58335648  .00061267  00000-0  18855-2 0  9996
2 A0257  97.2840 327.3450 0001953  91.2499  76.9272 15.33430712  6000
0 STARLINK-38154
1 A0258U 26181N   26283.58335648  .00056552  00000-0  17429-2 0  9994
2 A0258  97.2914 327.4173 0001970  88.9236 244.2560 15.33409622  6003
0 STARLINK-38187
1 A0259U 26181P   26283.58335648  .00062758  00000-0  19311-2 0  9992
2 A0259  97.2843 327.4039 0001158 113.6025 189.5131 15.33430386  5797
0 STARLINK-37947
1 A0261U 26181R   26283.58335648  .00067862  00000-0  20883-2 0  9992
2 A0261  97.2851 327.3892 0001884 100.1811 172.9909 15.33402642  6003
0 STARLINK-38279
1 A0262U 26181S   26283.58335648  .00071216  00000-0  21925-2 0  9999
2 A0262  97.2851 327.4107 0001715  88.2354 229.9711 15.33373175  6007
0 STARLINK-38263
1 A0264U 26181U   26283.58335648  .00063441  00000-0  19538-2 0  9999
2 A0264  97.2842 327.4367 0001393  92.0002 286.1349 15.33399419  6014
0 STARLINK-38212
1 A0267U 26181X   26283.58335648  .00059178  00000-0  18229-2 0  9990
2 A0267  97.2845 327.4585 0001498  91.3986 346.7913 15.33412471  6015
0 STARLINK-38129
1 A0268U 26181Y   26283.58335648  .00058268  00000-0  17949-2 0  9998
2 A0268  97.2846 327.3575 0001570  89.3778 108.8056 15.33416919  5972
0 STARLINK-37705
1 A0273U 26183B   26283.58335648  .00049128  00000-0  14567-2 0  9994
2 A0273  53.1591 164.1363 0001508  95.0584  72.0166 15.34377251  5978
0 STARLINK-37750
1 A0275U 26183D   26283.58335648  .00061747  00000-0  18247-2 0  9996
2 A0275  53.1592 164.0991 0001586  66.0255 124.2238 15.34380911  5984
0 STARLINK-37550
1 A0277U 26183F   26283.58335648  .00057192  00000-0  16401-2 0  9997
2 A0277  53.1595 163.9746 0001473  85.9205 163.4579 15.35361336  5956
0 STARLINK-37812
1 A0293U 26183X   26283.58335648  .00070542  00000-0  20798-2 0  9993
2 A0293  53.1595 164.0601 0001541  76.3730 125.6235 15.34392919  5958
0 STARLINK-37741
1 A0297U 26183AB  26283.58335648  .00058525  00000-0  17319-2 0  9999
2 A0297  53.1582 163.7266 0001302 103.3009 261.5029 15.34361123  5972
0 STARLINK-37397
1 A0411U 26192H   26283.58335648  .00046539  00000-0  13400-2 0  9996
2 A0411  53.1603 211.6684 0001391 114.5803 102.8058 15.35325995  5972
0 STARLINK-37764
1 A0414U 26192L   26283.58335648  .00029837  00000-0  89179-3 0  9998
2 A0414  53.1606 211.7140 0000729 110.6763  83.8396 15.34360855  5967
0 STARLINK-37762
1 A0415U 26192M   26283.58335648  .00026948  00000-0  80673-3 0  9999
2 A0415  53.1605 211.7342 0001019  86.0201  96.8512 15.34365344  5981
0 STARLINK-37702
1 A0424U 26192W   26283.58335648  .00044777  00000-0  13297-2 0  9996
2 A0424  53.1596 211.9570 0000675  85.0622 353.0987 15.34371513  5998
0 STARLINK-38025
1 A0427U 26192Z   26283.58335648  .00043838  00000-0  13032-2 0  9993
2 A0427  53.1596 212.0715 0001378  96.3141 283.7682 15.34346044  6001
0 STARLINK-37911
1 A0431U 26192AD  26283.58335648  .00026667  00000-0  79807-3 0  9992
2 A0431  53.1598 212.1746 0001041 106.6733 226.8204 15.34380286  5971
0 STARLINK-37694
1 A0474U 26196B   26283.58335648  .00050613  00000-0  14534-2 0  9996
2 A0474  53.1575 147.6049 0001179 102.2454 225.5226 15.35372764  5989
0 STARLINK-37985
1 A0477U 26196E   26283.58335648  .00051044  00000-0  14654-2 0  9991
2 A0477  53.1578 147.6176 0001467 102.2105 212.9837 15.35376715  5998
0 STARLINK-37377
1 A0483U 26196L   26283.58335648  .00050410  00000-0  14941-2 0  9993
2 A0483  53.1577 147.6731 0001661 105.3680 184.6170 15.34378459  5990
0 STARLINK-37497
1 A0494U 26196X   26283.58335648  .00043907  00000-0  13045-2 0  9992
2 A0494  53.1598 147.9993 0001163 104.0173  23.1791 15.34364481  5769
0 STARLINK-38373
1 A0502U 26197A   26283.58335648 -.00046990  00000-0 -41793-3 0  9992
2 A0502  70.0002  64.6463 0003497 270.8406 101.5509 15.68318461  5983
0 STARLINK-38315
1 A0506U 26197E   26283.58335648 -.00228498  00000-0 -20764-2 0  9995
2 A0506  70.0007  64.4084 0003181 269.4213 305.9606 15.68409073  6023
0 STARLINK-38394
1 A0524U 26197Y   26283.58335648 -.00045150  00000-0 -40147-3 0  9995
2 A0524  70.0019  64.5795 0003380 269.8696 163.5253 15.68315077  6033
0 STARLINK-38378
1 A0527U 26197AB  26283.58335648 -.00229562  00000-0 -20865-2 0  9993
2 A0527  70.0003  64.8593 0003313 269.7461 283.6359 15.68405824  6023
0 STARLINK-38244
1 A0534U 26200A   26283.58335648 -.00003920  00000-0 -32995-4 0  9993
2 A0534  69.9998  77.9874 0003463 281.2430 219.6949 15.68315043  6004
0 STARLINK-38235
1 A0543U 26200K   26283.58335648 -.00237996  00000-0 -21640-2 0  9998
2 A0543  70.0001  78.1242 0004157 268.2838 115.7360 15.68415252  5995
0 STARLINK-38216
1 A0545U 26200M   26283.58335648 -.00035880  00000-0 -31848-3 0  9990
2 A0545  70.0000  78.1808 0003770 268.5602  68.4496 15.68299124  5921
0 STARLINK-38313
1 A0555U 26200X   26283.58335648 -.00212758  00000-0 -19304-2 0  9994
2 A0555  69.9997  78.2645 0003347 264.6106   1.4110 15.68398382  6006
0 STARLINK-38353
1 A0559U 26200AB  26283.58335648 -.00218672  00000-0 -19844-2 0  9998
2 A0559  69.9996  78.2355 0003939 267.4727  23.5426 15.68407992  6029
0 STARLINK-38403
1 A0632U 26204T   26283.58335648  .00127407  00000-0  21106-2 0  9991
2 A0632  70.0002 181.5429 0003407 269.7533  18.3185 15.51575333  6089
0 STARLINK-38389
1 A0758U 26219F   26283.58335648 -.00166161  00000-0 -15004-2 0  9998
2 A0758  70.0002  42.0738 0003735 266.9780  60.0588 15.68370438  4456
0 STARLINK-38398
1 A0762U 26219K   26283.58335648 -.00855454  00000-0 -76387-2 0  9994
2 A0762  70.0003  42.0361 0003637 271.4146  88.3280 15.70634551  4490
0 STARLINK-38451
1 A0764U 26219M   26283.58335648 -.00205252  00000-0 -18604-2 0  9999
2 A0764  70.0011  42.1616 0003499 270.0589 342.9645 15.68399707  4499
0 STARLINK-38450
1 A0768U 26219R   26283.58335648 -.00169914  00000-0 -15351-2 0  9993
2 A0768  70.0002  42.2943 0003435 270.9053 229.1208 15.68371867  4490
0 STARLINK-38367
1 A0772U 26219V   26283.58335648 -.00123273  00000-0 -11086-2 0  9997
2 A0772  70.0010  42.2687 0003323 268.1137 255.9312 15.68339107  4491
0 STARLINK-38400
1 A0776U 26219Z   26283.58335648 -.00177953  00000-0 -16089-2 0  9993
2 A0776  70.0008  42.2812 0003461 277.9996 235.0281 15.68378341  4493
0 STARLINK-40083
1 A0855U 26225A   26283.58335648 -.00054918  00000-0 -22463-3 0  9997
2 A0855  30.4990 250.8256 0000129 190.7050  45.5556 15.85154546  3105
0 STARLINK-40084
1 A0856U 26225B   26283.58335648 -.00033731  00000-0 -13817-3 0  9991
2 A0856  30.4984 250.8031 0000109 270.2947 334.1971 15.85141089  3103
0 STARLINK-40094
1 A0857U 26225C   26283.58335648  .00001615  00000-0  53934-5 0  9992
2 A0857  30.4963 250.5576 0000279 227.4962  98.6429 15.85126800  3105
0 STARLINK-40099
1 A0858U 26225D   26283.58335648 -.00034694  00000-0 -14211-3 0  9991
2 A0858  30.4978 250.6774 0000094 236.0978  50.0519 15.85138019  3108
0 STARLINK-40093
1 A0859U 26225E   26283.58335648 -.00032063  00000-0 -13139-3 0  9998
2 A0859  30.4978 250.7118 0000180 227.0298  48.1049 15.85136683  3104
0 STARLINK-40098
1 A0860U 26225F   26283.58335648 -.00023254  00000-0 -95394-4 0  9996
2 A0860  30.4979 250.7413 0000363 220.3769  45.2285 15.85162565  3048
0 STARLINK-40100
1 A0861U 26225G   26283.58335648 -.00032391  00000-0 -13271-3 0  9992
2 A0861  30.4981 250.7657 0000130 246.1389  10.9350 15.85139071  3103
0 STARLINK-40075
1 A0862U 26225H   26283.58335648 -.00039458  00000-0 -16148-3 0  9990
2 A0862  30.4981 250.7908 0000114 203.1444  45.1564 15.85148682  3105
0 STARLINK-40085
1 A0863U 26225J   26283.58335648 -.00040145  00000-0 -16434-3 0  9994
2 A0863  30.4991 250.8137 0000122 178.1682  62.2271 15.85141537  3103
0 STARLINK-40086
1 A0864U 26225K   26283.58335648 -.00014289  00000-0 -59066-4 0  9994
2 A0864  30.4989 250.8354 0000167 228.9003   3.9049 15.85139374  3046
0 STARLINK-40090
1 A0865U 26225L   26283.58335648 -.00024546  00000-0 -10079-3 0  9992
2 A0865  30.4982 250.8567 0000193 204.7742  20.3806 15.85132383  3101
0 STARLINK-40091
1 A0866U 26225M   26283.58335648 -.00045675  00000-0 -18690-3 0  9996
2 A0866  30.4981 250.8678 0000132 244.0280 337.2329 15.85144905  3104
0 STARLINK-40087
1 A0867U 26225N   26283.58335648 -.01083176  00000-0 -47650-2 0  9993
2 A0867  30.4902 250.3855 0000176 340.9457  42.2235 15.85985271  3108
0 STARLINK-40092
1 A0868U 26225P   26283.58335648 -.00126450  00000-0 -51945-3 0  9999
2 A0868  30.4983 250.8853 0000242 246.5181 328.1055 15.85174079  3045
0 STARLINK-40077
1 A0869U 26225Q   26283.58335648 -.00018898  00000-0 -77804-4 0  9999
2 A0869  30.4944 250.4931 0000256 236.4062 111.0744 15.85135047  3100
0 STARLINK-40080
1 A0870U 26225R   26283.58335648 -.01127291  00000-0 -44189-2 0  9998
2 A0870  30.4897 250.3652 0000270 198.8280 192.2223 15.88394464  3103
0 STARLINK-40079
1 A0871U 26225S   26283.58335648 -.00027131  00000-0 -11130-3 0  9991
2 A0871  30.4981 250.6897 0000156 235.7547  46.5390 15.85135375  3109
0 STARLINK-40081
1 A0872U 26225T   26283.58335648 -.00060207  00000-0 -24635-3 0  9997
2 A0872  30.4980 250.7247 0000196 272.9096 357.5794 15.85149907  3104
0 STARLINK-40088
1 A0873U 26225U   26283.58335648 -.00040005  00000-0 -16377-3 0  9996
2 A0873  30.4980 250.7543 0000071 264.1000 357.0437 15.85140631  3108
0 STARLINK-40078
1 A0874U 26225V   26283.58335648  .00002705  00000-0  98086-5 0  9999
2 A0874  30.4978 250.7789 0000331 240.5355  12.1373 15.85117501  3106
0 STARLINK-40103
1 A0875U 26225W   26283.58335648 -.00018126  00000-0 -74688-4 0  9997
2 A0875  30.4983 250.8744 0000108 203.3041  15.6908 15.85129086  3109
0 STARLINK-40101
1 A0876U 26225X   26283.58335648 -.00051910  00000-0 -21242-3 0  9993
2 A0876  30.4992 250.8449 0000181 180.5810  48.6142 15.85144513  3101
0 STARLINK-40082
1 A0877U 26225Y   26283.58335648 -.00017293  00000-0 -71283-4 0  9991
2 A0877  30.4982 250.8790 0000231 225.3687 351.4810 15.85134482  3107
0 STARLINK-40076
1 A0878U 26225Z   26283.58335648 -.01322483  00000-0 -61569-2 0  9997
2 A0878  30.4987 250.8888 0000316 102.8486 110.0106 15.84934311  3140
0 STARLINK-40095
1 A0879U 26225AA  26283.58335648 -.01449237  00000-0 -65787-2 0  9991
2 A0879  30.4981 250.9357 0000394 134.3276  62.4820 15.85255994  2944
0 STARLINK-40097
1 A0880U 26225AB  26283.58335648 -.01462667  00000-0 -67983-2 0  9995
2 A0880  30.4983 250.9434 0000248 155.0126  39.4775 15.84798506  3108
0 ONEWEB-0235
1 48771U 21045E   26283.58331060 -.00000099  00000-0 -29663-3 0  9995
2 48771  87.9031 236.1935 0001631  68.2722 291.8582 13.15547002259553
0 ONEWEB-0577
1 56066U 23043W   26283.58330903  .00000025  00000-0  32784-4 0  9992
2 56066  87.9181 205.8774 0002593  67.2739 292.8665 13.16596173174175
0 ONEWEB-0590
1 54656U 22166Q   26283.58326222 -.00000058  00000-0 -17212-3 0  9995
2 54656  87.9324 221.0195 0002125  87.8760 272.2617 13.21826274186779
0 YAOGAN 30
1 41473U 16029A   26283.58321329  .00000968  00000-0  14676-3 0  9991
2 41473  97.8890 330.9003 0014719 215.4143 144.6091 14.76262225560690
0 ORBCOMM FM 5 DEB
1 50140U 97084L   26283.58320758  .00000650  00000-0  22123-3 0  9991
2 50140  45.0158 226.6228 0001106 155.6224 204.4680 14.45978479256506
0 QIANFAN-198
1 69416U 26125R   26283.58319293  .00000028  00000-0  25041-4 0  9999
2 69416  88.9881 268.2290 0002459  93.7853 266.3580 13.51028806 17545
0 STARLINK-6094
1 56122U 23046AF  26283.58314938 -.00000816  00000-0 -20140-4 0  9991
2 56122  43.0035  24.7889 0001178 277.9088  82.1630 15.27578867194931
0 STARLINK-32275
1 60360U 24138F   26283.58310560  .00000405  00000-0  24789-4 0  9995
2 60360  53.1625  29.6806 0000845  64.0005 296.1084 15.31706649123550
0 ORBCOMM FM 3
1 25158U 98007B   26283.58310182  .00000758  00000-0  30509-3 0  9994
2 25158 107.9630  43.3904 0043089 129.4260 231.0706 14.35685225492960
0 ONEWEB-0059
1 45162U 20008AH  26283.58308418 -.00000556  00000-0 -16300-2 0  9996
2 45162  87.8917  13.3187 0002139  96.5766 263.5605 13.10371470323436
0 STARLINK-37247
1 69835U 26154S   26283.58305692  .00015158  00000-0  45871-3 0  9996
2 69835  53.1571 237.6796 0001308  86.3388 273.7764 15.34410108 16328
0 YAOGAN-30 Q
1 44451U 19045C   26283.58304663  .00002281  00000-0  16774-3 0  9994
2 44451  34.9949 345.9162 0000840 284.4593  75.6022 15.03119841393926
0 STARLINK-3897
1 52537U 22051E   26283.58303002  .00000632  00000-0  29855-4 0  9998
2 52537  53.1599 228.1903 0001340  87.9297 272.1859 15.34389846244107
0 STARLINK-34065
1 63813U 25092K   26283.58296870  .00027583  00000-0  10075-2 0  9995
2 63813  43.0037  35.0962 0001204 247.3814 112.6910 15.27599439 81464
0 KUIPER-00595
1 69280U 26118P   26283.58291311  .00003066  00000-0  43094-3 0  9992
2 69280  51.8986 232.8434 0000486 352.6178   7.4777 14.79932639 21525
0 STARLINK-33826
1 63641U 25083H   26283.58285569  .00020027  00000-0  73479-3 0  9991
2 63641  43.0035 231.4674 0000758 292.7077  67.3694 15.27603148 82932
0 ONEWEB-0056
1 45159U 20008AE  26283.58280835 -.00000556  00000-0 -16301-2 0  9995
2 45159  87.8930  13.3109 0001866 110.9814 249.1514 13.10371145323294
0 FENGYUN 1C DEB
1 30723U 99025ASH 26283.58277995  .00004793  00000-0  13872-2 0  9999
2 30723  98.8421  25.9660 0015048  90.5022  35.5953 14.44905245 17245
0 FENGYUN 3B
1 37214U 10059A   26283.58277260  .00000244  00000-0  14951-3 0  9993
2 37214  98.9502 330.0153 0021388 217.6352 246.4206 14.14860972823745
0 STARLINK-32743
1 62480U 24254U   26283.58275758  .00018736  00000-0  68830-3 0  9998
2 62480  42.9994 242.2845 0002289 278.5685  81.4907 15.27595031100523
0 STARLINK-4430
1 53485U 22099W   26283.58271175  .00000764  00000-0  25992-4 0  9992
2 53485  97.2858  37.0285 0001370  87.8230 272.3170 15.33441060228360
0 QIANFAN-162
1 69121U 26108T   26283.58259579  .00000130  00000-0  18214-3 0  9990
2 69121  89.0205  10.4710 0001951  99.0177 261.1195 13.51027367 20054
0 STARLINK-32267
1 60363U 24138J   26283.58258394  .00000728  00000-0  32687-4 0  9998
2 60363  53.1601  29.6787 0001354  87.7076 272.4082 15.34401383123556
0 QIANFAN-141
1 69087U 26104Q   26283.58251443  .00000078  00000-0  10203-3 0  9990
2 69087  88.9863 329.6608 0002525 101.3319 258.8116 13.51023028 20750
0 FENGYUN 1C DEB
1 31768U 99025CFT 26283.58250433  .00020050  00000-0  22183-2 0  9996
2 31768  99.0377  40.0813 0021843 112.0486 314.7949 14.87233028 13355
0 STARLINK-37087
1 68250U 26054U   26283.58249428  .00023171  00000-0  69585-3 0  9991
2 68250  53.1620   8.0196 0001614  84.7901 275.3286 15.34352163 32040
0 STARLINK-3203
1 49761U 21115AP  26283.58247992  .00000038  00000-0  12251-4 0  9990
2 49761  53.1584 235.5010 0001210  90.6867 269.4275 15.34385053268379
0 STARLINK-5747
1 55574U 23020F   26283.58244914 -.00000294  00000-0 -11609-5 0  9990
2 55574  43.0044 235.3709 0001051 261.3308  98.7425 15.27574446201735
0 STARLINK-2460
1 48120U 21027AE  26283.58242659  .00038091  00000-0  58271-3 0  9996
2 48120  53.1569 231.2796 0003293  80.4321 279.7062 15.54027391305649
0 TIANMU-1 17
1 58702U 24004C   26283.58236748  .00005491  00000-0  20530-3 0  9998
2 58702  97.4626 109.5396 0004332 323.4838  36.6105 15.27752721153384
0 STARLINK-35122
1 65510U 25198U   26283.58226051  .00022083  00000-0  66198-3 0  9990
2 65510  53.1609 347.7002 0001360  84.6412 275.4746 15.34438055 61595
0 STARLINK-5809
1 55775U 23028AL  26283.58221028  .00000674  00000-0  64264-4 0  9996
2 55775  70.0005  42.5680 0003255 274.6502  85.4285 14.98330097198722
0 STARLINK-36974
1 68272U 26055L   26283.58218441  .00020359  00000-0  61177-3 0  9991
2 68272  53.1611  38.1856 0001725  90.6165 269.5035 15.34414157 32872
0 STARLINK-2459
1 48119U 21027AD  26283.58215826 -.00001645  00000-0 -41245-4 0  9991
2 48119  53.1602 232.3102 0001514  77.1485 282.9686 15.31709627305604
0 STARLINK-11418
1 63058U 25035G   26283.58213980  .00163537  00000-0  12520-2 0  9991
2 63058  42.9991 160.4206 0001461 252.7488 107.3220 15.70859194 94899
0 STARLINK-31184
1 58793U 24012G   26283.58213262 -.00000327  00000-0 -23584-5 0  9992
2 58793  43.0030  31.4213 0001453 272.9550  87.1135 15.27580051154101
0 STARLINK-3555
1 51863U 22022M   26283.58211024 -.00013028  00000-0 -37553-3 0  9997
2 51863  53.1589 109.5458 0001332  73.5480 286.5669 15.34364845255753
0 STARLINK-4268
1 53183U 22083BD  26283.58204605 -.00000834  00000-0 -12997-4 0  9995
2 53183  53.1604 227.8193 0001446  92.9264 267.1904 15.35399458234505
0 STARLINK-32461
1 61701U 24195Q   26283.58202812  .00002219  00000-0  76818-4 0  9993
2 61701  53.1596 232.1543 0001519  95.4527 264.6649 15.34392168110151
0 STARLINK-3942
1 52563U 22051AG  26283.58200284  .00000166  00000-0  15672-4 0  9999
2 52563  53.1585 231.7995 0001155 101.9877 258.1256 15.35395651244058
0 JILIN-01 KUANFU 02B 6
1 61194U 24169F   26283.58199639  .00003264  00000-0  20706-3 0  9997
2 61194  97.5531  11.3758 0014810 287.6071  72.3540 15.09518537113249
0 STARLINK-32945
1 63118U 25039Q   26283.58198691  .00023767  00000-0  86976-3 0  9990
2 63118  43.0017 239.0165 0002266 265.5994  94.4599 15.27604167 90938
0 KUIPER-00320
1 68601U 26072AE  26283.58185605  .00001541  00000-0  23116-3 0  9994
2 68601  51.9039  30.3990 0000776  94.9549 265.1502 14.79933011 28418
0 STARLINK-2455
1 48117U 21027AB  26283.58184759 -.00000020  00000-0  11121-4 0  9994
2 48117  53.1600 232.3814 0001312  87.8467 272.2685 15.31707357305614
0 STARLINK-32384
1 62146U 24224H   26283.58183461  .00022473  00000-0  82313-3 0  9998
2 62146  43.0009  24.6230 0001097 275.0018  85.0709 15.27603043105347
0 ONEWEB-0281
1 48999U 21060AJ  26283.58173922 -.00000004  00000-0 -45147-4 0  9997
2 48999  87.9184 205.8771 0001980  72.3083 287.8264 13.16594326254816
0 ONEWEB-0226
1 48793U 21045AC  26283.58173142 -.00000097  00000-0 -29089-3 0  9994
2 48793  87.9031 236.1954 0001925  69.5359 290.5978 13.15547929259524
0 STARLINK-35701
1 67118U 25299S   26283.58169802  .00025789  00000-0  94256-3 0  9990
2 67118  43.0027  35.1765 0002045 283.1834  76.8790 15.27608185 45984
0 ONEWEB-0604
1 54668U 22166AC  26283.58169171 -.00000032  00000-0 -10938-3 0  9996
2 54668  87.9316 221.0199 0001856  75.0916 285.0423 13.21823868186682
0 STARLINK-36344
1 67710U 26025T   26283.58165858  .00022537  00000-0  69822-3 0  9992
2 67710  97.2866  33.2011 0000851  90.2749 269.8591 15.33449412 38957
0 STARLINK-4660
1 53609U 22104X   26283.58163827 -.00000125  00000-0  74269-5 0  9995
2 53609  53.1611 333.5016 0001244  78.8391 281.2751 15.34390015228414
0 STARLINK-36934
1 68279U 26055T   26283.58160934  .00038766  00000-0  11516-2 0  9993
2 68279  53.1627  36.0247 0001417  78.6939 281.4223 15.34424965 32904
0 STARLINK-35213
1 65638U 25210S   26283.58151901  .00040510  00000-0  12020-2 0  9996
2 65638  53.1605  23.8500 0000575 357.7951   2.3049 15.34441882 60703
0 QIANFAN-178
1 69395U 26124P   26283.58148795  .00000102  00000-0  13891-3 0  9993
2 69395  88.9995 349.8877 0001915 107.6130 252.5230 13.51029892 17661
0 STARLINK-34999
1 65222U 25176AA  26283.58148443  .00018568  00000-0  55924-3 0  9992
2 65222  53.1615 230.1530 0001682  96.2454 263.8740 15.34405068 66087
0 IRIDIUM 110
1 43481U 18047F   26283.58141541 -.00000049  00000-0 -24517-4 0  9998
2 43481  86.3983  40.1523 0002220  91.0594 269.0857 14.34217239439018
0 STARLINK-36833
1 68109U 26044J   26283.58139969  .00030249  00000-0  93503-3 0  9992
2 68109  97.2845 242.2254 0001959  97.2685 262.8781 15.33461141 34519
0 QIANFAN-118
1 68645U 26075K   26283.58132370  .00000048  00000-0  56047-4 0  9997
2 68645  88.9829 309.2212 0002158  92.0056 268.1343 13.51025951 25389
0 FENGYUN 1C DEB
1 29906U 99025HC  26283.58131046  .00005969  00000-0  14153-2 0  9995
2 29906  98.7175  43.0653 0032313 311.1861  48.6548 14.54064187 25360
0 STARLINK-31702
1 59585U 24076X   26283.58122656  .00002849  00000-0  11308-3 0  9996
2 59585  43.0026 235.7397 0001127 271.0359  89.0363 15.27563890139360
0 QIANFAN-6
1 60384U 24140F   26283.58112564  .00000031  00000-0  29667-4 0  9993
2 60384  88.9678 267.6908 0014815  49.5737 310.6704 13.51024712108254
0 STARLINK-3157
1 49413U 21104F   26283.58110038  .00001501  00000-0  56964-4 0  9997
2 49413  53.1605 318.1089 0001229  82.9957 277.1185 15.33554771271436
0 GLOBALSTAR M023
1 25621U 99004A   26283.58102682  .00000064  00000-0  93085-3 0  9999
2 25621  52.0126  30.5853 0010383 108.9446 264.3049 12.62539168276416
0 STARLINK-1132
1 45044U 20006A   26283.58099169  .00076597  00000-0  48233-3 0  9990
2 45044  53.1441 290.1129 0004785  36.5826 323.5520 15.76019831370466
0 STARLINK-4169
1 53280U 22086AQ  26283.58098997  .00014949  00000-0  30032-3 0  9990
2 53280  53.1612 235.3113 0002370  75.5772 284.5499 15.46898551234531
0 STARLINK-32153
1 60330U 24136B   26283.58084781  .00000234  00000-0  18067-4 0  9995
2 60330  53.1563 155.5145 0001383  88.5022 271.6139 15.34387265122595
0 STARLINK-4528
1 53399U 22097M   26283.58083590  .00000364  00000-0  21898-4 0  9993
2 53399  53.1581 227.5206 0001229  95.9502 264.1641 15.34397364231119
0 STARLINK-5172
1 54064U 22136P   26283.58077171 -.00000309  00000-0  18141-5 0  9993
2 54064  53.1609  37.0223 0001181  80.5287 279.5848 15.31700254220154
0 FENGYUN 1C DEB
1 31916U 99025CLT 26283.58072737  .00002491  00000-0  80509-3 0  9996
2 31916  99.3337  37.2601 0141218 302.9280  55.8386 14.34622451688522
0 IRIDIUM 33 DEB
1 34376U 97051FU  26283.58064913  .00007209  00000-0  12668-2 0  9995
2 34376  86.2952 230.1401 0021612 214.9978 144.9817 14.67402501924278
0 STARLINK-1300
1 45374U 20019Q   26283.58063254  .00061010  00000-0  12030-2 0  9995
2 45374  53.1519 236.4562 0004637  91.5307 268.6232 15.46632541362807
0 QIANFAN-51
1 62252U 24232R   26283.58054558  .00000125  00000-0  17469-3 0  9999
2 62252  89.0173  10.9680 0014489  55.2398 305.0115 13.51032883108614
0 STARLINK-32374
1 62145U 24224G   26283.58054408  .00013406  00000-0  49553-3 0  9990
2 62145  43.0011  24.6130 0000873 129.9017 230.1912 15.27597580105342
0 IRIDIUM 42
1 25077U 97077A   26283.58051950  .00000268  00000-0  84075-4 0  9999
2 25077  86.3984  37.7891 0002023  71.5976 288.5441 14.36738851510169
0 STARLINK-35892
1 67115U 25299P   26283.58043185  .00023645  00000-0  86632-3 0  9990
2 67115  43.0046  35.1730 0001009 270.2640  89.8096 15.27568245 45980
0 STARLINK-31520
1 59210U 24046K   26283.58037965  .00001141  00000-0  44909-4 0  9994
2 59210  53.1596 235.5336 0001481  83.6878 276.4294 15.34392334145976
0 QIANFAN-84
1 63170U 25046M   26283.58031317 -.00000053  00000-0 -99770-4 0  9999
2 63170  88.9624 288.6922 0014803 340.3020  19.7558 13.51027806 88151
0 STARLINK-33856
1 63638U 25083E   26283.58027058  .00021903  00000-0  80244-3 0  9996
2 63638  43.0026 231.4421 0003729 264.2122  95.8305 15.27603277 82932
0 KUIPER-00597
1 69282U 26118R   26283.58022407  .00000017  00000-0  31219-4 0  9992
2 69282  51.8972 235.3952 0001595  87.3113 272.8031 14.79929470 21450
0 STARLINK-30081
1 57515U 23113W   26283.58017603  .00000177  00000-0  15955-4 0  9998
2 57515  43.0009 242.1709 0001029 271.3706  88.7028 15.27576941176547
0 ONEWEB-0647
1 56079U 23043AK  26283.58015706  .00000015  00000-0  66803-5 0  9996
2 56079  87.9019 236.2198 0002000  72.7732 287.3617 13.15537027171595
0 IRIDIUM 33 DEB
1 38017U 97051YD  26283.58014783  .00022149  00000-0  48159-2 0  9995
2 38017  86.3303  34.0280 0080681 176.1238 184.0614 14.55879345657847
0 ONEWEB-0267
1 48985U 21060U   26283.58014492  .00000010  00000-0 -71994-5 0  9994
2 48985  87.9183 205.8762 0001754  67.2201 292.9116 13.16595390254774
0 STARLINK-6066
1 56105U 23046N   26283.58008704  .00016530  00000-0  60842-3 0  9993
2 56105  43.0023  28.1773 0001175 271.2279  88.8438 15.27603848194897
0 ONEWEB-0583
1 54650U 22166J   26283.58003120  .00000040  00000-0  66313-4 0  9994
2 54650  87.9316 221.0380 0002031  74.3666 285.7692 13.21826024186777
0 STARLINK-32129
1 60157U 24120Y   26283.58002646 -.00000875  00000-0 -14777-4 0  9992
2 60157  53.1616  37.7503 0001353  94.9604 265.1553 15.34391590129416
0 STARLINK-36882
1 67980U 26038V   26283.58000477  .00022504  00000-0  69712-3 0  9992
2 67980  97.2831 291.6799 0001566  93.0432 267.0990 15.33453197 36175
0 STARLINK-31751
1 59574U 24076L   26283.57994117  .00001762  00000-0  73528-4 0  9998
2 59574  43.0033 235.7430 0001242 277.1037  82.9673 15.27580627139365
0 YAOGAN-36 03B
1 54374U 22160C   26283.57991139  .00006835  00000-0  29194-3 0  9999
2 54374  34.9938   1.6593 0007862 121.7597 238.3884 15.22159714215315
0 STARLINK-32855
1 62813U 25018H   26283.57991095  .00029170  00000-0  87048-3 0  9991
2 62813  53.1589  27.5828 0002903 100.1365 259.9965 15.34421208 96128
0 YAOGAN 27
1 40878U 15040A   26283.57987877 -.00000511  00000-0 -12338-2 0  9994
2 40878 100.1303 265.0191 0007855 312.6263  47.4187 13.16073610532840
0 STARLINK-4462
1 53781U 22111J   26283.57978163  .00001976  00000-0  67532-4 0  9998
2 53781  53.1617  21.9119 0001237  86.0658 274.0487 15.35403999226233
0 STARLINK-11105
1 59758U 24091F   26283.57976222  .00000277  00000-0  71426-5 0  9992
2 59758  53.1577 226.9973 0000756  83.3600 276.7504 15.69711114139268
0 STARLINK-3959
1 52564U 22051AH  26283.57968015  .00000403  00000-0  24744-4 0  9996
2 52564  53.1608 240.9990 0001232  85.9880 274.1262 15.31706923243927
0 STARLINK-32365
1 61625U 24191E   26283.57967584 -.00001180  00000-0 -33383-4 0  9995
2 61625  43.0019  20.6944 0000710 271.4523  88.6248 15.27576234110400
0 QIANFAN-106
1 66048U 25233R   26283.57960346  .00000094  00000-0  12768-3 0  9990
2 66048  89.0080  31.4964 0002014 115.8885 244.2474 13.51033319 48762
0 FENGYUN 1C DEB
1 30128U 99025SH  26283.57956477  .00007923  00000-0  18245-2 0  9993
2 30128  96.9900 236.0012 0094864 250.8757 168.5831 14.52803294 16724
0 STARLINK-30227
1 57505U 23113L   26283.57954701  .00040049  00000-0  11664-2 0  9998
2 57505  42.9936 230.7694 0017801 139.9146 220.3026 15.34576446176675
0 FENGYUN 1C DEB
1 30071U 99025PY  26283.57953340  .00007017  00000-0  15527-2 0  9990
2 30071  98.6672  38.6788 0035622 264.1659 108.2009 14.57141317 26149
0 STARLINK-37151
1 68290U 26055AE  26283.57949844  .00036867  00000-0  10959-2 0  9990
2 68290  53.1615  36.0082 0002342  88.1710 271.9561 15.34428624 32907
0 STARLINK-37905
1 69946U 26157D   26283.57943537  .00020478  00000-0  61535-3 0  9993
2 69946  53.1586 239.9907 0001457  94.9288 265.1881 15.34411049 14457
0 ONEWEB-0222
1 48775U 21045J   26283.57935191 -.00000067  00000-0 -21312-3 0  9991
2 48775  87.9031 236.1882 0001582  73.3514 286.7790 13.15546509259576
0 STARLINK-6101
1 56115U 23046Y   26283.57929637 -.00000267  00000-0 -16604-6 0  9992
2 56115  43.0034  24.7677 0001228 267.3397  92.7314 15.27577383194937
0 STARLINK-4703
1 53855U 22114AP  26283.57920643 -.00000044  00000-0  10354-4 0  9999
2 53855  53.1624  30.3657 0001491  85.8733 274.2439 15.31706435225670
0 FENGYUN 1C DEB
1 30660U 99025APS 26283.57920050  .00004984  00000-0  42813-3 0  9995
2 30660  98.1492  34.0050 0128836  65.6065 307.4925 14.91673761 52796
0 QIANFAN-195
1 69413U 26125N   26283.57918957  .00000028  00000-0  25287-4 0  9999
2 69413  88.9907 268.2470 0001996  89.8632 270.2748 13.51028484 17549
0 STARLINK-31061
1 58611U 23200Y   26283.57917869  .00003930  00000-0  15237-3 0  9997
2 58611  43.0053  35.4108 0001432 277.5027  82.5662 15.27558984156475
0 KUIPER-00193
1 68576U 26072D   26283.57917845  .00000476  00000-0  91426-4 0  9999
2 68576  51.9059  32.9411 0000394 130.6064 229.4933 14.79929041 28388
0 GAOFEN-5 02
1 49122U 21079A   26283.57915561  .00000324  00000-0  81151-4 0  9996
2 49122  98.2521 356.9876 0001386  51.0596 309.0726 14.57688637270893
0 STARLINK-2134
1 47407U 21005BL  26283.57905178  .00041824  00000-0  11819-2 0  9994
2 47407  53.1558 117.7162 0002906 129.5784 230.5477 15.35957337316296
0 STARLINK-32949
1 63145U 25043P   26283.57901779  .00018590  00000-0  68296-3 0  9996
2 63145  43.0007 242.9264 0001437 267.0821  92.9866 15.27599944 90795
0 STARLINK-33663
1 63652U 25083U   26283.57899450  .00014567  00000-0  53763-3 0  9998
2 63652  43.0037 231.4221 0001436 269.6996  90.3691 15.27593349 82935
0 STARLINK-36704
1 67697U 26025E   26283.57894020  .00024205  00000-0  74962-3 0  9990
2 67697  97.2890  33.2032 0000889  95.2467 264.8877 15.33447512 38944
0 QIANFAN-226
1 69855U 26155H   26283.57886948  .00000083  00000-0  11062-3 0  9992
2 69855  89.0123  51.7198 0001741 107.8725 252.2616 13.51034287 13431
0 STARLINK-37569
1 69836U 26154T   26283.57885172  .00014246  00000-0  43188-3 0  9998
2 69836  53.1584 237.6523 0001674  92.8143 267.3051 15.34406070 16329
0 ONEWEB-0231
1 48782U 21045R   26283.57858301  .00000000  00000-0 -34430-4 0  9998
2 48782  87.9029 236.1971 0001691  74.3867 285.7450 13.15548997259512
0 STARLINK-11240
1 60929U 24155F   26283.57852465  .00137348  00000-0  11196-2 0  9992
2 60929  53.1586   1.8917 0001019  70.3129 289.7999 15.69716050122159
0 STARLINK-32844
1 62820U 25018Q   26283.57845649 -.00009550  00000-0 -29592-3 0  9994
2 62820  53.1586  29.6993 0002361  76.3173 283.8092 15.31742209 96095
0 STARLINK-38448
1 A0767U 26219Q   26283.57840381  .00164031  00000-0  14312-2 0  9995
2 A0767  70.0005  42.4401 0004212 286.5285  73.5447 15.68304170  3259
0 YAOGAN-35 05C
1 53763U 22109D   26283.57838740  .00008203  00000-0  32286-3 0  9998
2 53763  34.9936 349.8891 0003508 222.0631 137.9815 15.24894968227993
0 GAOFEN 11-05
1 60249U 24130A   26283.57838241  .00005318  00000-0  22451-3 0  9994
2 60249  97.3918   0.2436 0001316  43.7939 316.3402 15.23693054103035
0 STARLINK-32256
1 60362U 24138H   26283.57837652  .00002802  00000-0  94046-4 0  9998
2 60362  53.1597  29.6448 0001546  91.9635 268.1544 15.34399054123549
0 ONEWEB-0558
1 56059U 23043P   26283.57834755  .00000032  00000-0  45991-4 0  9999
2 56059  87.9316 221.0199 0001670  83.0492 277.0832 13.21827559173480
0 QIANFAN-138
1 69084U 26104M   26283.57830028  .00000084  00000-0  11091-3 0  9991
2 69084  88.9864 329.7116 0002459  94.0907 266.0525 13.51024134 20721
0 FENGYUN 1C DEB
1 29784U 99025CA  26283.57827934  .00000751  00000-0  29598-3 0  9990
2 29784  98.9547 216.2909 0059700 136.4613  38.3253 14.31228130 26735
0 STARLINK-31191
1 58800U 24012P   26283.57827740 -.00000048  00000-0  77894-5 0  9994
2 58800  43.0038  31.3877 0001459 269.4853  90.5832 15.27580351154101
0 STARLINK-31492
1 59212U 24046M   26283.57827584  .00000774  00000-0  34051-4 0  9997
2 59212  53.1585 235.5210 0001434  82.2227 277.8938 15.34392481145960
0 STARLINK-36884
1 68026U 26040M   26283.57824788  .00038864  00000-0  11986-2 0  9990
2 68026  97.2849 230.6187 0002902  89.8142 270.3433 15.33479930 34390
0 STARLINK-11717
1 64126U 25111D   26283.57823778  .00157735  00000-0  12073-2 0  9990
2 64126  43.0002 118.7383 0002294 262.7510  97.3097 15.70883982 80386
0 YAOGAN-39 01C
1 57731U 23130E   26283.57811855  .00005436  00000-0  26914-3 0  9996
2 57731  34.9921 153.3136 0011357 273.2778  86.6635 15.17101855172994
0 FENGYUN 1C DEB
1 31376U 99025BSG 26283.57807904  .00007961  00000-0  14083-2 0  9997
2 31376  98.8415 226.9416 0047692  55.5536 305.0159 14.66914718 25584
0 STARLINK-11600
1 63114U 25039L   26283.57797838  .00176537  00000-0  13511-2 0  9991
2 63114  43.0006  21.4025 0001305 287.4997  72.5728 15.70825186 93410
0 STARLINK-32761
1 62749U 25014Q   26283.57789790  .00034119  00000-0  12418-2 0  9999
2 62749  43.0035  24.1116 0001852 285.7417  74.3230 15.27627903 96084
0 STARLINK-35685
1 67128U 25299AC  26283.57784455  .00032237  00000-0  11755-2 0  9995
2 67128  43.0048  35.1528 0002214 274.3897  85.6702 15.27588418 45981
0 STARLINK-34847
1 65211U 25176P   26283.57774879  .00020808  00000-0  62522-3 0  9999
2 65211  53.1614 231.5565 0001495  84.4610 275.6563 15.34401878 66069
0 STARLINK-33854
1 63635U 25083B   26283.57771141  .00016052  00000-0  59130-3 0  9990
2 63635  43.0040 231.4266 0001404 270.9769  89.0922 15.27595970 82931
0 STARLINK-30153
1 57510U 23113R   26283.57760979 -.00000746  00000-0 -17597-4 0  9991
2 57510  43.0010 242.1559 0001018 270.0510  90.0225 15.27571355176431
0 FENGYUN 1C DEB
1 29961U 99025KK  26283.57759954  .00000210  00000-0  10324-3 0  9990
2 29961  98.9143 181.9862 0074897 150.7150 209.8259 14.26427421 26121
0 QIANFAN-176
1 69393U 26124M   26283.57752648  .00000102  00000-0  13995-3 0  9993
2 69393  89.0040 349.9529 0001927 108.4996 251.6364 13.51024942 17635
0 STARLINK-2430
1 48100U 21027J   26283.57752121  .00000804  00000-0  37650-4 0  9993
2 48100  53.1585 232.3964 0001137  96.1525 263.9606 15.31706133305618
0 STARLINK-6082
1 56110U 23046T   26283.57751792  .00000292  00000-0  20123-4 0  9997
2 56110  43.0038  28.1593 0001221 265.6895  94.3818 15.27578618194892
0 KUIPER-00608
1 69291U 26118AA  26283.57751140  .00001208  00000-0  18738-3 0  9997
2 69291  51.9002 237.7789 0001036  64.3452 295.7617 14.79934956 21426
0 IRIDIUM 172
1 43927U 19002F   26283.57748598  .00000176  00000-0  55959-4 0  9992
2 43927  86.3933 305.3526 0002224  92.1423 268.0027 14.34217715405508
0 STARLINK-36982
1 68278U 26055S   26283.57741791  .00032443  00000-0  96668-3 0  9995
2 68278  53.1605  35.9992 0000891  74.0788 286.0313 15.34416482 32907
0 STARLINK-37925
1 69962U 26157V   26283.57733108  .00019878  00000-0  59777-3 0  9999
2 69962  53.1584 239.9673 0001560  89.5408 270.5773 15.34405781 14458
0 FENGYUN 1C DEB
1 29988U 99025LN  26283.57731690  .00007757  00000-0  16731-2 0  9996
2 29988  98.7104  43.7525 0113389 179.6732 244.2209 14.54710601 24472
0 STARLINK-32209
1 60590U 24150H   26283.57730509 -.00000703  00000-0 -96799-5 0  9996
2 60590  53.1615  23.7900 0001255  81.8075 278.3070 15.34401181121016
0 STARLINK-30616
1 58105U 23161J   26283.57727155  .00000422  00000-0  23631-4 0  9999
2 58105  53.1613 230.0695 0001273  92.7356 267.3792 15.34387521167559
0 QIANFAN-124
1 68651U 26075R   26283.57722969  .00000045  00000-0  51585-4 0  9991
2 68651  88.9827 309.2017 0001660  88.3077 271.8264 13.51028151 25394
0 STARLINK-2493
1 48150U 21027BL  26283.57722744  .00000376  00000-0  23893-4 0  9994
2 48150  53.1608 232.6730 0001706  93.5050 266.6147 15.31705123305617
0 GAOFEN 9
1 40894U 15047A   26283.57721589  .00000759  00000-0  98848-4 0  9999
2 40894  97.6185 313.9860 0028570 119.8062 240.5999 14.83050384597298
0 STARLINK-11748
1 64373U 25127D   26283.57714952  .00259342  00000-0  19479-2 0  9998
2 64373  43.0002 229.7078 0001059 314.3720  45.7060 15.71014474 77295
0 STARLINK-32302
1 61621U 24191A   26283.57710103  .00000215  00000-0  17322-4 0  9995
2 61621  43.0031  20.6772 0001152 267.1181  92.9539 15.27579112111154
0 YAOGAN-30 C
1 42947U 17058C   26283.57708875  .00002578  00000-0  17968-3 0  9991
2 42947  34.9980  35.0864 0004137 149.6945 210.4003 15.05072175493212
0 ONEWEB-0242
1 48772U 21045F   26283.57697748  .00000010  00000-0 -62650-5 0  9990
2 48772  87.9033 236.1933 0001904  72.1140 288.0198 13.15550128259593
0 STARLINK-37461
1 69173U 26111AB  26283.57689305  .00031739  00000-0  94613-3 0  9990
2 69173  53.1599 331.7077 0001190  92.7017 267.4122 15.34413551 21981
0 GAOFEN 2
1 40118U 14049A   26283.57688709  .00000378  00000-0  55648-4 0  9993
2 40118  97.9996 347.6025 0006393 210.5431 149.5410 14.81023904656316
0 KUIPER-00028
1 63741U 25088T   26283.57681246  .00000340  00000-0  73569-4 0  9995
2 63741  51.9010 222.8123 0000831  53.3580 306.7458 14.79933952 79882
0 STARLINK-37487
1 69840U 26154X   26283.57674324  .00018796  00000-0  56604-3 0  9999
2 69840  53.1567 237.6072 0001814  95.6953 264.4256 15.34399096 16324
0 ONEWEB-0539
1 54644U 22166C   26283.57664871  .00000038  00000-0  60514-4 0  9996
2 54644  87.9324 221.0199 0002072  70.6874 289.4484 13.21824180186784
0 JILIN-01-09
1 43943U 19005B   26283.57662232  .00004059  00000-0  18434-3 0  9993
2 43943  97.4744  17.6161 0003389  68.4245 291.7351 15.21344927426686
0 GLOBALSTAR M083
1 37739U 11033A   26283.57651890 -.00000104  00000-0 -38612-6 0  9992
2 37739  51.9882  21.1171 0000261 120.0311 253.8796 12.62269387707521
0 GAOFEN 1-02
1 43259U 18031A   26283.57647200  .00000411  00000-0  66518-4 0  9994
2 43259  98.0411 345.6995 0003036  24.6152 335.5202 14.76456331459728
0 KUIPER-00254
1 68585U 26072N   26283.57645262  .00003174  00000-0  44494-3 0  9990
2 68585  51.9041  35.4379 0000476 127.2143 232.8863 14.79947288 28340
0 STARLINK-33717
1 63648U 25083Q   26283.57642450  .00015459  00000-0  56981-3 0  9995
2 63648  43.0039 231.4098 0001443 265.0260  95.0427 15.27597131 82938
0 FENGYUN 1C DEB
1 29738U 99025AC  26283.57639204  .00001293  00000-0  18017-2 0  9995
2 29738  99.4174  41.0821 0846525 357.9203   1.8455 12.62482400900247
0 STARLINK-1871
1 47157U 20088AM  26283.57637967  .00061723  00000-0  11692-2 0  9993
2 47157  53.1527   6.5315 0003319 355.5998   4.4980 15.47793356324980
0 QIANFAN-37
1 62238U 24232B   26283.57631659  .00000135  00000-0  19052-3 0  9996
2 62238  89.0168  11.0434 0001462  99.6945 260.4372 13.51034704139929
0 STARLINK-31336
1 58944U 24027P   26283.57628108  .00000043  00000-0  12401-4 0  9992
2 58944  53.1599  29.7049 0001071 100.0154 260.0969 15.34396323150248
0 STARLINK-11738
1 64375U 25127F   26283.57625975  .00218848  00000-0  16464-2 0  9993
2 64375  42.9997 229.7013 0004545  64.3477 295.7860 15.71092904 77290
0 STARLINK-37380
1 69182U 26114A   26283.57625432  .00024117  00000-0  72207-3 0  9991
2 69182  53.1618  20.2143 0001469 306.5048  53.5819 15.34423815 22528
0 STARLINK-36630
1 67703U 26025L   26283.57621913  .00022850  00000-0  70772-3 0  9996
2 67703  97.2876  33.2063 0000537  70.2040 289.9260 15.33456058 38949
0 ONEWEB-0280
1 48998U 21060AH  26283.57618953 -.00000002  00000-0 -39850-4 0  9995
2 48998  87.9183 205.8811 0001539  79.3331 280.7973 13.16595632254744
0 STARLINK-32857
1 62949U 25029B   26283.57617071  .00009371  00000-0  28809-3 0  9993
2 62949  53.1584 307.5363 0001487  80.5690 279.5481 15.34404751 94354
0 STARLINK-31586
1 59205U 24046E   26283.57616822  .00000630  00000-0  29799-4 0  9994
2 59205  53.1582 235.5102 0001613 109.9182 250.1994 15.34399110145978
0 STARLINK-11320
1 61942U 24209D   26283.57610811  .00185785  00000-0  14928-2 0  9999
2 61942  53.1601  32.2887 0000649 200.2600 159.8392 15.69894131110421
0 STARLINK-5331
1 55280U 23010M   26283.57609794  .00000564  00000-0  24076-4 0  9992
2 55280  69.9993 221.0594 0003005 272.7424  87.3407 15.29575456205001
0 STARLINK-31663
1 59576U 24076N   26283.57608730 -.00000754  00000-0 -17891-4 0  9996
2 59576  43.0036 235.6974 0001090 282.1505  77.9224 15.27580397139369
0 QIANFAN-85
1 63171U 25046N   26283.57608666  .00000086  00000-0  11517-3 0  9992
2 63171  88.9623 288.5618 0012473 344.0069  16.0687 13.51023798 88224
0 STARLINK-2421
1 48098U 21027G   26283.57604636  .00055589  00000-0  11418-2 0  9998
2 48098  53.1588 230.4143 0004855  85.2236 274.9326 15.45480310305648
0 STARLINK-4791
1 53936U 22119BC  26283.57602172  .00001604  00000-0  63444-4 0  9998
2 53936  53.1611  36.3072 0001180  66.3776 293.7350 15.31696660224731
0 STARLINK-3757
1 52539U 22051G   26283.57601372  .00000099  00000-0  14332-4 0  9991
2 52539  53.1587 228.1877 0001153 114.5618 245.5505 15.33540587244104
0 FENGYUN 1C DEB
1 30998U 99025BCQ 26283.57600946  .00006176  00000-0  15198-2 0  9998
2 30998  98.8262  26.5309 0009968   5.3928 120.8653 14.52593111 15519
0 FENGYUN 1C DEB
1 31485U 99025BVZ 26283.57592741  .00003751  00000-0  37845-2 0  9992
2 31485 102.7032 193.3306 0447577  25.5228 336.7277 13.41502886944900
0 STARLINK-32498
1 61966U 24210H   26283.57572810  .00015709  00000-0  57857-3 0  9990
2 61966  43.0043  31.5821 0003296 275.3347  84.7129 15.27611576107948
0 STARLINK-31346
1 58943U 24027N   26283.57570516  .00001511  00000-0  55838-4 0  9992
2 58943  53.1606  27.5978 0001104  93.7309 266.3820 15.34411467150286
0 STARLINK-31516
1 59221U 24046W   26283.57568977 -.00002390  00000-0 -59613-4 0  9994
2 59221  53.1592 231.9591 0001378 121.8600 238.2537 15.34406720146017
0 STARLINK-30253
1 57525U 23115E   26283.57566987  .00001102  00000-0  49533-4 0  9992
2 57525  43.0043 228.1845 0000831 288.0907  71.9855 15.27591917175214
0 STARLINK-4316
1 53471U 22099G   26283.57561153 -.00000122  00000-0 -14539-5 0  9990
2 53471  97.2862  40.9656 0000897  81.8950 278.2394 15.33435146228621
0 QIANFAN-104
1 66046U 25233P   26283.57553523  .00000092  00000-0  12425-3 0  9991
2 66046  89.0097  31.4617 0001874 108.5022 251.6333 13.51029730 48812
0 STARLINK-36378
1 68025U 26040L   26283.57552250  .00029026  00000-0  89680-3 0  9998
2 68025  97.2882 230.6200 0001829  85.1466 274.9985 15.33485345 34396
0 FENGYUN 1C DEB
1 35169U 99025DMZ 26283.57551866  .00002212  00000-0  40555-3 0  9992
2 35169  99.1060 201.8918 0146300 271.9320  86.5128 14.60340183701837
0 STARLINK-2395
1 47814U 21018AD  26283.57546238  .00038644  00000-0  10722-2 0  9996
2 47814  53.1575 321.5068 0003184  29.2104 330.9077 15.36565849309734
0 ONEWEB-0712
1 54680U 22166AQ  26283.57540349 -.00000008  00000-0 -53280-4 0  9990
2 54680  87.9184 205.8800 0001867  57.5538 302.5773 13.16595055187249
0 STARLINK-2232
1 48578U 21041AB  26283.57537179  .00010838  00000-0  36036-3 0  9996
2 48578  53.1597 206.6700 0001351  86.7329 273.3827 15.31711395298209
0 YAOGAN 17A
1 39239U 13046A   26283.57532861  .00000008  00000-0  93913-4 0  9995
2 39239  63.3843 152.5579 0436534  12.4709 348.6714 13.45518341643817
0 STARLINK-36989
1 68277U 26055R   26283.57529169  .00027625  00000-0  82548-3 0  9995
2 68277  53.1613  35.9635 0001477  89.3834 270.7338 15.34408749 32905
0 STARLINK-37899
1 69952U 26157K   26283.57522988  .00031567  00000-0  94116-3 0  9995
2 69952  53.1591 239.9636 0001448  71.0676 289.0484 15.34410088 14452
0 STARLINK-35103
1 65633U 25210M   26283.57520931  .00036257  00000-0  10783-2 0  9990
2 65633  53.1599  23.8107 0000649 349.3304  10.7685 15.34419739 60709
0 STARLINK-31440
1 58999U 24036B   26283.57513759  .00004484  00000-0  14381-3 0  9998
2 58999  53.1576 157.8484 0001380  88.2410 271.8751 15.34390498147448
0 STARLINK-33810
1 63660U 25083AC  26283.57513119  .00016033  00000-0  59047-3 0  9993
2 63660  43.0043 231.3951 0001519 273.2742  86.7936 15.27603193 82965
0 IRIDIUM 147
1 43480U 18047E   26283.57507177  .00000108  00000-0  31600-4 0  9992
2 43480  86.3986  40.0596 0002088  97.6958 262.4475 14.34218045439027
0 QIANFAN-193
1 69411U 26125L   26283.57499078  .00000024  00000-0  18988-4 0  9991
2 69411  88.9874 268.2408 0002404  96.1740 263.9685 13.51028153 17538
0 ONEWEB-0605
1 54669U 22166AD  26283.57498463 -.00000068  00000-0 -19665-3 0  9990
2 54669  87.9319 221.0287 0002493  82.2680 277.8737 13.21825829186754
0 STARLINK-11097
1 59759U 24091G   26283.57485867 -.00001309  00000-0 -59520-5 0  9993
2 59759  53.1581 226.9441 0000769 109.8644 250.2457 15.69702897139262
0 KUIPER-00618
1 69294U 26118AD  26283.57482961 -.00000663  00000-0 -57961-4 0  9990
2 69294  51.9005 240.4348 0001012 350.0426  10.0516 14.79926958 21388
0 STARLINK-5749
1 55569U 23020A   26283.57474219  .00000944  00000-0  43797-4 0  9998
2 55569  43.0029 235.3088 0000379 282.2076  77.8733 15.27588867202809
0 STARLINK-37587
1 69837U 26154U   26283.57464102  .00023959  00000-0  71765-3 0  9998
2 69837  53.1576 237.6266 0001239  89.6438 270.4706 15.34413710 16324
0 STARLINK-32770
1 62741U 25014G   26283.57452807  .00024301  00000-0  88928-3 0  9999
2 62741  43.0028  20.6305 0000792 279.7223  80.3539 15.27596076 96129
0 IRIDIUM 17
1 24870U 97034B   26283.57442294  .00000314  00000-0  96692-4 0  9996
2 24870  86.3987  32.6992 0001219 142.8560 217.2722 14.38249217532626
0 QIANFAN-156
1 69115U 26108M   26283.57437488  .00000142  00000-0  20213-3 0  9994
2 69115  89.0219  10.5243 0002109 108.8965 251.2415 13.51023821 20049
0 STARLINK-31337
1 58934U 24027D   26283.57418478 -.00000901  00000-0 -15531-4 0  9990
2 58934  53.1627  29.7004 0001075  94.1445 265.9681 15.34390183150254
0 QIANFAN-140
1 69086U 26104P   26283.57418299  .00000089  00000-0  11888-3 0  9994
2 69086  88.9867 329.6980 0002608  97.2247 262.9201 13.51025305 20730
0 STARLINK-37089
1 69183U 26114B   26283.57415392  .00036061  00000-0  10724-2 0  9990
2 69183  53.1593  20.2042 0001712  82.2750 277.8447 15.34426105 22521
0 STARLINK-32508
1 62158U 24224V   26283.57412554  .00031546  00000-0  11502-2 0  9990
2 62158  42.9970  24.5592 0000117 175.6425 184.4428 15.27601867105348
0 KUIPER-00031
1 63744U 25088W   26283.57411429 -.00000095  00000-0  16585-4 0  9995
2 63744  51.9015 225.3679 0001016  72.0163 288.0910 14.79921294 79370
0 STARLINK-1972
1 47627U 21012H   26283.57409223  .00557809  15649-3  84124-3 0  9999
2 47627  53.0340 343.6029 0008519   5.2848 354.8271 16.03991474315193
0 STARLINK-3204
1 49759U 21115AM  26283.57407205  .00000185  00000-0  16604-4 0  9990
2 49759  53.1599 235.5277 0001382  79.5401 280.5758 15.34392620268375
0 STARLINK-36813
1 67892U 26035P   26283.57403496  .00038584  00000-0  11900-2 0  9998
2 67892  97.2849 215.2117 0002501  86.7225 273.4304 15.33480882 36925
0 FENGYUN 1C DEB
1 30374U 99025ACM 26283.57393582  .00006299  00000-0  11680-2 0  9999
2 30374  99.2487 189.0867 0038772 333.7800 148.3006 14.65195713 33367
0 STARLINK-3975
1 52620U 22052Y   26283.57390960  .00002050  00000-0  69639-4 0  9990
2 52620  53.1610  22.0609 0001233  82.2887 277.8256 15.35405470243455
0 ONEWEB-0239
1 48802U 21045AM  26283.57381605  .00000006  00000-0 -17233-4 0  9997
2 48802  87.9032 236.2020 0001083  70.1137 290.0110 13.15547540259519
0 STARLINK-32848
1 62808U 25018C   26283.57377629  .00027582  00000-0  89673-3 0  9997
2 62808  53.1614  29.6723 0001205  93.9623 266.1516 15.31719970 96099
0 KUIPER-00297
1 68596U 26072Z   26283.57376118 -.00000508  00000-0 -37581-4 0  9993
2 68596  51.9011  37.8836 0000797 158.5495 201.5501 14.79931044 28318
0 STARLINK-32524
1 62159U 24224W   26283.57364020  .00023525  00000-0  86107-3 0  9997
2 62159  43.0010  28.0196 0001270 266.8752  93.1955 15.27603284105146
0 STARLINK-11270
1 60999U 24158K   26283.57363488  .00195741  00000-0  15775-2 0  9992
2 60999  53.1567 302.0315 0003161 157.3860 202.7298 15.69786424121339
0 STARLINK-32299
1 61702U 24195R   26283.57361096  .00001101  00000-0  43715-4 0  9992
2 61702  53.1591 232.1030 0001386  87.0014 273.1147 15.34393763110226
0 STARLINK-32842
1 62822U 25018S   26283.57360239  .00033601  00000-0  10002-2 0  9990
2 62822  53.1602  27.5421 0000666 337.2807  22.8166 15.34430417 96134
0 QIANFAN-215
1 69814U 26153Q   26283.57351797  .00000387  00000-0  19220-3 0  9995
2 69814  88.9961 349.0752 0005430 272.0918  87.9647 14.15210593 13952
0 STARLINK-3609
1 51808U 22017AS  26283.57346639 -.00000764  00000-0 -11478-4 0  9992
2 51808  53.1610  77.5530 0001192  82.4227 277.6910 15.34387655256636
0 STARLINK-31854
1 59671U 24084T   26283.57344454 -.00000585  00000-0 -11745-4 0  9995
2 59671  43.0030 235.2166 0000358 269.2055  90.8756 15.27576591137598
0 STARLINK-4520
1 53400U 22097N   26283.57339422  .00000532  00000-0  26170-4 0  9998
2 53400  53.1600 227.7092 0001304  90.1994 269.9158 15.35399813231113
0 QIANFAN-175
1 69392U 26124L   26283.57337505  .00000099  00000-0  13515-3 0  9996
2 69392  89.0078 349.9815 0001918 108.9863 251.1496 13.51031256 17649
0 ORBCOMM FM 9
1 25116U 97084E   26283.57333505  .00000908  00000-0  28855-3 0  9993
2 25116  45.0141 224.4615 0003515 108.5484 251.5750 14.46742030511014
0 ONEWEB-0597
1 54663U 22166X   26283.57329033  .00000046  00000-0  79216-4 0  9993
2 54663  87.9313 221.0282 0002018  73.6662 286.4694 13.21824586186784
0 STARLINK-32370
1 61635U 24191Q   26283.57324892 -.00000378  00000-0 -42154-5 0  9990
2 61635  43.0036  20.6475 0000647 242.8588 117.2198 15.27580637110406
0 QIANFAN-115
1 68642U 26075G   26283.57310674  .00000044  00000-0  49896-4 0  9998
2 68642  88.9827 309.2355 0001880  94.6986 265.4380 13.51025947 25378
0 STARLINK-35127
1 65639U 25210T   26283.57310224  .00030538  00000-0  91069-3 0  9991
2 65639  53.1603  23.7973 0003518 101.2704 258.8694 15.34416974 60701
0 STARLINK-34907
1 65213U 25176R   26283.57306946  .00023104  00000-0  69270-3 0  9996
2 65213  53.1611 230.1034 0001690  86.3111 273.8085 15.34405734 66084
0 FENGYUN 1C DEB
1 29754U 99025AU  26283.57305738  .00001234  00000-0  59636-3 0  9993
2 29754  98.8964  32.4361 0036327  97.4954 329.8421 14.20101087 16236
0 STARLINK-2503
1 48151U 21027BM  26283.57288248 -.00000346  00000-0  62695-6 0  9994
2 48151  53.1589 232.5985 0001598  88.3412 271.7773 15.31704938305615
0 QIANFAN-1
1 60379U 24140A   26283.57283127  .00000027  00000-0  22246-4 0  9991
2 60379  88.9672 267.9308 0019544  65.5293 294.7894 13.51026731108107
0 STARLINK-36944
1 68029U 26040Q   26283.57280269  .00024840  00000-0  76897-3 0  9995
2 68029  97.2877 230.6252 0001522 108.9288 251.2120 15.33454564 34395
0 STARLINK-32774
1 62737U 25014C   26283.57275817  .00020683  00000-0  75873-3 0  9992
2 62737  42.9979  24.0716 0000888 275.9491  84.1259 15.27593262 96082
0 FENGYUN 1B
1 20788U 90081A   26283.57272422  .00000048  00000-0  59234-4 0  9994
2 20788  98.9889 262.2514 0016239  16.3369 343.8318 14.03216185847739
0 STARLINK-11629
1 63104U 25039A   26283.57267025  .00179710  00000-0  13723-2 0  9991
2 63104  43.0025  21.3636 0002123 278.7227  81.3400 15.70868738 93410
0 STARLINK-5752
1 55577U 23020J   26283.57264761 -.00000345  00000-0 -30138-5 0  9999
2 55577  43.0050 231.8132 0001084 269.4398  90.6329 15.27575887201778
0 STARLINK-3926
1 52543U 22051L   26283.57254903 -.00001586  00000-0 -35855-4 0  9997
2 52543  53.1601 228.2405 0001363  77.0401 283.0754 15.34371468244104
0 STARLINK-37590
1 69838U 26154V   26283.57253900  .00020640  00000-0  62019-3 0  9997
2 69838  53.1585 237.6109 0001683  89.1192 271.0003 15.34406033 16323
0 STARLINK-2699
1 48433U 21040F   26283.57253001 -.00009087  00000-0 -28151-3 0  9999
2 48433  53.1592 232.5547 0001219 100.5520 259.5619 15.31689433299957
0 STARLINK-34727
1 65025U 25161L   26283.57246045  .00030951  00000-0  92399-3 0  9990
2 65025  53.1616  11.5336 0000411  31.2406 328.8621 15.34379586 68312
0 FENGYUN 1C DEB
1 29955U 99025KD  26283.57243485  .00002895  00000-0  92570-3 0  9994
2 29955  99.2737  33.6374 0007821 102.7186 270.6564 14.40481466 24013
0 FENGYUN 1C DEB
1 37691U 99025ELG 26283.57235121  .00017944  00000-0  19870-2 0  9990
2 37691  98.3560 196.9486 0245096 287.3826  70.0711 14.67941059900487
0 QIANFAN-49
1 62250U 24232P   26283.57232367  .00000130  00000-0  18311-3 0  9995
2 62250  89.0174  10.9688 0015198  50.1118 310.1367 13.51021352108595
0 STARLINK-33927
1 64001U 25101H   26283.57232203  .00029612  00000-0  10798-2 0  9992
2 64001  43.0023 224.8606 0002089 266.5206  93.5407 15.27623327 79911
0 FENGYUN 1C DEB
1 35195U 99025DPB 26283.57228466  .00003478  00000-0  71763-3 0  9998
2 35195  98.9987  46.6181 0099106 231.4573 127.7710 14.58115179953229
0 ONEWEB-0223
1 48768U 21045B   26283.57224629  .00001860  00000-0  49066-2 0  9995
2 48768  87.9031 236.1939 0001381  69.7132 290.4147 13.15541486259570
0 STARLINK-31388
1 59565U 24076B   26283.57222487  .00003458  00000-0  13515-3 0  9995
2 59565  43.0029 235.6901 0002670 266.2531  93.8016 15.27576906139363
0 ONEWEB-0676
1 56712U 23068C   26283.57221581 -.00000227  00000-0 -62692-3 0  9993
2 56712  87.9178 205.8850 0002119  69.0792 291.0565 13.16594306166882
0 STARLINK-1812
1 47126U 20088E   26283.57209406  .00031302  00000-0  11577-2 0  9994
2 47126  53.0973  33.0118 0000799 157.3460 202.7574 15.27454169324589
0 STARLINK-32290
1 60359U 24138E   26283.57206506  .00000701  00000-0  31909-4 0  9997
2 60359  53.1616  29.6150 0001975 117.4716 242.6487 15.34393582104583
0 STARLINK-37428
1 69184U 26114C   26283.57204966  .00039251  00000-0  11652-2 0  9999
2 69184  53.1592  20.1944 0000621   5.9678 354.1332 15.34441319 22526
0 STARLINK-32539
1 62022U 24213Q   26283.57198714  .00029769  00000-0  88837-3 0  9997
2 62022  53.1593 235.6820 0001831  86.8624 273.2588 15.34411161106259
0 QIANFAN-88
1 63174U 25046R   26283.57195994  .00000095  00000-0  12803-3 0  9999
2 63174  88.9624 288.4940 0011596 353.3059   6.7935 13.51022447 88268
0 STARLINK-32763
1 62750U 25014R   26283.57195573  .00020374  00000-0  74736-3 0  9991
2 62750  43.0022  20.6046 0000891 269.3445  90.7304 15.27601386 96122
0 STARLINK-31189
1 58787U 24012A   26283.57184897  .00000557  00000-0  29754-4 0  9992
2 58787  43.0048  31.3441 0001651 271.1397  88.9266 15.27584850154100
0 STARLINK-30257
1 57526U 23115F   26283.57181609  .00001042  00000-0  47367-4 0  9993
2 57526  43.0031 228.1774 0000955 286.2755  73.7992 15.27577215175218
0 ONEWEB-0587
1 54654U 22166N   26283.57161611 -.00000032  00000-0 -10950-3 0  9995
2 54654  87.9325 221.0232 0001628  78.8105 281.3212 13.21824802186924
0 STARLINK-32479
1 62148U 24224K   26283.57155637  .00017000  00000-0  62567-3 0  9992
2 62148  42.9984  24.5459 0000800 275.1363  84.9397 15.27589230105281
0 STARLINK-32883
1 62806U 25018A   26283.57152331  .00023209  00000-0  69567-3 0  9998
2 62806  53.1602  27.5349 0001773  92.6723 267.4483 15.34410995 97043
0 STARLINK-31421
1 59218U 24046T   26283.57148990  .00000930  00000-0  38675-4 0  9990
2 59218  53.1585 231.9579 0001705  62.5482 297.5694 15.34398483146012
0 QIANFAN-103
1 66045U 25233N   26283.57147777  .00000097  00000-0  13088-3 0  9991
2 66045  89.0092  31.5547 0001646 104.9175 255.2159 13.51031845 48765
0 KUIPER-00528
1 69603U 26140M   26283.57143106  .00002498  00000-0  35663-3 0  9994
2 69603  51.9033 227.9599 0000796  67.7492 292.3555 14.79931794 18607
0 QIANFAN-242
1 A0695U 26210D   26283.57141577  .00000220  00000-0  17794-3 0  9994
2 A0695  89.0053  10.2147 0007202 200.4899 159.5984 13.86764109  3521
0 STARLINK-5767
1 55586U 23020T   26283.57137608 -.00000622  00000-0 -13074-4 0  9995
2 55586  43.0036 231.8833 0000888 271.7648  88.3102 15.27576385201772
0 STARLINK-4535
1 53392U 22097E   26283.57132410  .00003206  00000-0  11504-3 0  9991
2 53392  53.1596 225.9144 0001400  81.1847 278.9313 15.31696839231295
0 STARLINK-36755
1 67726U 26026F   26283.57131044  .00029078  00000-0  89940-3 0  9999
2 67726  97.2866 335.0732 0000901 116.6082 243.5253 15.33450370 37055
0 STARLINK-36818
1 67879U 26035A   26283.57130721  .00032342  00000-0  99933-3 0  9990
2 67879  97.2854 215.0592 0000524 188.4830 171.6404 15.33461687 36917
0 STARLINK-11425
1 61943U 24209E   26283.57121275  .00183808  00000-0  14918-2 0  9994
2 61943  53.1579  32.2560 0001051  70.1845 289.9287 15.69658671110422
0 STARLINK-32173
1 60586U 24150D   26283.57099477 -.00000081  00000-0  87550-5 0  9996
2 60586  53.1588  23.7512 0001565  94.6089 265.5092 15.34394220121017
0 STARLINK-34901
1 65207U 25176K   26283.57096467  .00017988  00000-0  54236-3 0  9992
2 65207  53.1601 230.0926 0001640  84.7193 275.3996 15.34392740 66082
0 STARLINK-1281
1 45370U 20019L   26283.57095634  .00052671  00000-0  10837-2 0  9993
2 45370  53.1525 237.3241 0005571  99.7784 260.3852 15.45449875362791
0 STARLINK-11743
1 64379U 25127K   26283.57092400  .00233187  00000-0  17653-2 0  9992
2 64379  43.0007 229.6558 0001253 291.4827  68.5907 15.70907175 77298
0 STARLINK-4423
1 53209U 22084W   26283.57088555  .00000837  00000-0  28260-4 0  9999
2 53209  97.2844 338.0505 0001315 106.2875 253.8513 15.33441922231768
0 QIANFAN-194
1 69412U 26125M   26283.57088435  .00000021  00000-0  13723-4 0  9992
2 69412  88.9906 268.2626 0002443  93.3440 266.7991 13.51026690 17520
0 STARLINK-31071
1 58602U 23200P   26283.57085814  .00000162  00000-0  15395-4 0  9993
2 58602  43.0010 235.1410 0000797 267.3519  92.7241 15.27577530158352
0 STARLINK-36401
1 67696U 26025D   26283.57079034  .00021320  00000-0  66095-3 0  9992
2 67696  97.2876  33.2156 0000739  83.5036 276.6291 15.33440946 38945
0 ONEWEB-0718
1 56081U 23043AM  26283.57063715 -.00000006  00000-0 -50721-4 0  9994
2 56081  87.9029 236.2020 0001802  91.8896 268.2441 13.15547533171603
0 STARLINK-32136
1 61515U 24183G   26283.57056044 -.00001315  00000-0 -30626-4 0  9991
2 61515  53.1604 222.7984 0001393  85.2216 274.8945 15.31690206112571
0 TIANMU-1 03
1 55973U 23039A   26283.57055961  .00015946  00000-0  28329-3 0  9997
2 55973  97.5252 102.3717 0003548  60.6799 299.4806 15.50275585198693
0 STARLINK-38047
1 69745U 26150G   26283.57052085  .00007466  00000-0  23333-3 0  9998
2 69745  97.2833 122.2420 0001807  85.1713 274.9736 15.33448655 16817
0 STARLINK-3979
1 52608U 22052L   26283.57051437  .00001250  00000-0  48124-4 0  9996
2 52608  53.1624  22.2402 0000846  83.3142 276.7957 15.34393059243469
0 FENGYUN 1C DEB
1 30167U 99025TY  26283.57043926  .00000790  00000-0  19560-3 0  9999
2 30167  98.9701  32.4828 0141003 330.0385  41.7894 14.49426819 37293
0 STARLINK-37603
1 69846U 26154AD  26283.57042643  .00030985  00000-0  92438-3 0  9997
2 69846  53.1570 237.5628 0001898  76.3500 283.7713 15.34400020 16328
0 JILIN-01 KUANFU 02B 4
1 61192U 24169D   26283.57028681  .00003279  00000-0  20802-3 0  9995
2 61192  97.5502  10.6443 0012161 224.7980 135.2268 15.09548817113235
0 STARLINK-34968
1 65276U 25184D   26283.57025854  .00020588  00000-0  63829-3 0  9997
2 65276  97.2842 331.2992 0000707  95.1977 264.9347 15.33445788 63801
0 QIANFAN-159
1 69118U 26108Q   26283.57023941  .00000138  00000-0  19587-3 0  9999
2 69118  89.0194  10.4903 0001977 107.5808 252.5560 13.51028175 20042
0 ORBCOMM FM 14
1 25419U 98046G   26283.57020394  .00000920  00000-0  33201-3 0  9992
2 25419  44.9957  52.0427 0004629 188.3923 171.6849 14.40328756473444
0 STARLINK-2427
1 47837U 21018BC  26283.57019572  .00023511  00000-0  70256-3 0  9993
2 47837  53.1588 318.5103 0004073  31.1032 329.0211 15.34495583309700
0 STARLINK-34359
1 64280U 25120AA  26283.57013716  .00007119  00000-0  22169-3 0  9992
2 64280  53.1584 195.8714 0000667 132.0440 228.0619 15.34389376 76859
0 STARLINK-36942
1 68030U 26040R   26283.57009267  .00036110  00000-0  11147-2 0  9993
2 68030  97.2843 230.6290 0003355  91.5788 268.5839 15.33463619 34399
0 TIANMU-1 07
1 57399U 23101A   26283.57009034  .00006022  00000-0  20402-3 0  9990
2 57399  97.2470 331.5990 0004229  90.8089 269.3637 15.30923110179294
0 QIANFAN-134
1 69080U 26104H   26283.57004710  .00000090  00000-0  12087-3 0  9991
2 69080  88.9875 329.7211 0002436 103.4436 256.6986 13.51031535 20721
0 STARLINK-33832
1 63637U 25083D   26283.57000157  .00016086  00000-0  59265-3 0  9990
2 63637  43.0009 231.3704 0001420 270.8309  89.2380 15.27589161 82936
0 FENGYUN 1C DEB
1 30495U 99025AHH 26283.56997348  .00001109  00000-0  18567-2 0  9998
2 30495 102.2729  54.0465 0590476   8.1169 352.8993 12.95396678925805
0 STARLINK-31377
1 58938U 24027H   26283.56997285  .00001152  00000-0  45221-4 0  9997
2 58938  53.1618  29.6683 0001259  88.1579 271.9568 15.34394013150252
0 STARLINK-11098
1 59760U 24091H   26283.56995525  .00000461  00000-0  86621-5 0  9999
2 59760  53.1576 226.9136 0000613  84.3537 275.7551 15.69695611139267
0 STARLINK-37237
1 69185U 26114D   26283.56994401  .00040335  00000-0  11965-2 0  9991
2 69185  53.1596  20.1814 0000705  87.1944 272.9140 15.34452671 22525
0 ONEWEB-0608
1 54672U 22166AG  26283.56993605  .00000096  00000-0  20131-3 0  9990
2 54672  87.9322 221.0208 0002430  75.3100 284.8304 13.21824610186795
0 FENGYUN 1C DEB
1 30141U 99025SW  26283.56988484  .00006584  00000-0  14804-2 0  9999
2 30141  99.0209 233.7585 0013650 204.4729 155.5820 14.56775093 26276
0 STARLINK-11617
1 63184U 25048B   26283.56988391  .00043266  00000-0  33733-3 0  9994
2 63184  42.9999 104.9041 0001719 276.3671  83.7001 15.70951653 92311
0 STARLINK-4499
1 53402U 22097Q   26283.56987897  .00003506  00000-0  11479-3 0  9993
2 53402  53.1598 224.2135 0001331  87.7850 272.3305 15.34413674231162
0 ONEWEB-0006
1 44061U 19010E   26283.56985725  .00000106  00000-0  24778-3 0  9992
2 44061  87.9033 236.1922 0001812  81.0156 279.1180 13.15548336366591
0 FENGYUN 1C DEB
1 29737U 99025AB  26283.56983976 -.00000255  00000-0 -45369-3 0  9991
2 29737  99.5751 194.1473 0689814 205.1728 285.6781 12.66255747906889
0 STARLINK-38139
1 A0236U 26177Z   26283.56983221  .00026377  00000-0  81642-3 0  9990
2 A0236  97.2879 334.1934 0002118 120.3706 239.7747 15.33447567 10446
0 STARLINK-34985
1 65379U 25191A   26283.56972874  .00006308  00000-0  19763-3 0  9993
2 65379  97.2834 149.2974 0002081  90.7817 269.3664 15.33431933 62711
0 STARLINK-4300
1 53173U 22083AT  26283.56969439  .00000667  00000-0  30039-4 0  9994
2 53173  53.1598 237.7933 0001398  93.3448 266.7715 15.35404031234366
0 STARLINK-4373
1 53219U 22084AG  26283.56965342  .00002953  00000-0  93752-4 0  9996
2 53219  97.2841 338.9244 0001038  80.1498 279.9862 15.33446350231821
0 FENGYUN 1C DEB
1 31019U 99025BDM 26283.56965101 -.00000344  00000-0 -89562-3 0  9999
2 31019  98.7314  24.0099 1105803  61.3193 322.8319 11.83623926587518
0 STARLINK-32705
1 62479U 24254T   26283.56959357  .00016755  00000-0  61685-3 0  9998
2 62479  42.9975 235.2627 0001330 267.9826  92.0874 15.27587337100447
0 STARLINK-4523
1 53389U 22097B   26283.56950444  .00000236  00000-0  17680-4 0  9993
2 53389  53.1607 227.8816 0001087  84.8400 275.2727 15.35401341231269
0 STARLINK-31378
1 58932U 24027B   26283.56944559  .00002035  00000-0  77332-4 0  9996
2 58932  53.1627  29.6680 0000401  57.4695 302.6345 15.31693899150255
0 STARLINK-3970
1 52706U 22053BC  26283.56944062  .00000637  00000-0  29178-4 0  9996
2 52706  53.1589 231.9171 0001324  93.9298 266.1856 15.35397688243993
0 STARLINK-3005
1 48881U 21059C   26283.56942326 -.00000071  00000-0 -12804-5 0  9994
2 48881  97.2864  42.6611 0002493 195.7595 164.3553 15.01271473291040
0 STARLINK-31311
1 58948U 24027T   26283.56939620 -.00000238  00000-0  40874-5 0  9992
2 58948  53.1606  27.5430 0001603  87.7514 272.3673 15.34395689150289
0 STARLINK-31601
1 59209U 24046J   26283.56939041  .00001498  00000-0  55473-4 0  9999
2 59209  53.1597 231.9194 0001380  97.4400 262.6759 15.34397905146028
0 STARLINK-32339
1 61640U 24191V   26283.56938995 -.00000427  00000-0 -59948-5 0  9994
2 61640  43.0042  20.6159 0001410 268.4947  91.5743 15.27581785110393
0 STARLINK-31174
1 58808U 24012X   26283.56927725  .00000556  00000-0  29738-4 0  9991
2 58808  43.0050  31.3166 0002023 270.4809  89.5811 15.27581583154108
0 STARLINK-36350
1 67572U 26016M   26283.56921880  .00020793  00000-0  64453-3 0  9998
2 67572  97.2853 341.9082 0000523  74.4708 285.6592 15.33449994 39796
0 QIANFAN-174
1 69391U 26124K   26283.56912635  .00000096  00000-0  12987-3 0  9996
2 69391  89.0026 349.9260 0002320 101.9123 258.2289 13.51021144 17648
0 ONEWEB-0216
1 48801U 21045AL  26283.56907380  .00000151  00000-0  36602-3 0  9999
2 48801  87.9033 236.1989 0001993  78.5100 281.6254 13.15549313259474
0 ONEWEB-0266
1 48984U 21060T   26283.56907110  .00000053  00000-0  10445-3 0  9997
2 48984  87.9183 205.8818 0001808  75.1675 284.9656 13.16594494254761
0 STARLINK-6177
1 56880U 23083E   26283.56905274  .00000401  00000-0  24089-4 0  9994
2 56880  43.0018 311.6547 0001276 272.4002  87.6704 15.27577755184494
0 QIANFAN-120
1 68647U 26075M   26283.56900745  .00000038  00000-0  40374-4 0  9991
2 68647  88.9831 309.2050 0001577  96.0573 264.0758 13.51021665 25390
0 STARLINK-34941
1 65210U 25176N   26283.56886177  .00015336  00000-0  46376-3 0  9991
2 65210  53.1601 230.0786 0001754  95.1109 265.0094 15.34423366 66083
0 QIANFAN-10
1 60388U 24140K   26283.56884178  .00000019  00000-0  10964-4 0  9998
2 60388  88.9689 267.3819 0015829  30.2457 329.9604 13.51022615108218
0 STARLINK-11326
1 62010U 24213C   26283.56873858  .00224476  00000-0  17978-2 0  9991
2 62010  53.1571  62.0371 0002698 133.8421 226.2820 15.69846070108668
0 KUIPER-00025
1 63739U 25088R   26283.56872666 -.00001890  00000-0 -21898-3 0  9999
2 63739  51.9037 230.4586 0000597 135.2759 224.8252 14.79936947 79635
0 STARLINK-33684
1 63649U 25083R   26283.56871247 -.00000167  00000-0  34669-5 0  9995
2 63649  42.9993 231.3526 0001231 281.5685  78.5029 15.27605022 82933
0 STARLINK-2711
1 48673U 21044AM  26283.56863870  .00051018  00000-0  11932-2 0  9996
2 48673  53.1602 194.7139 0000902 106.0428 254.0678 15.41673145296728
0 STARLINK-36821
1 67880U 26035B   26283.56858793  .00033340  00000-0  10296-2 0  9990
2 67880  97.2859 215.0639 0000558  72.4336 287.6968 15.33471564 36914
0 QIANFAN-78
1 63164U 25046F   26283.56858699  .00000081  00000-0  10658-3 0  9996
2 63164  88.9623 288.6326 0014260 344.8818  15.1905 13.51014656 88180
0 STARLINK-4492
1 53410U 22097Y   26283.56838192  .00000579  00000-0  27495-4 0  9998
2 53410  53.1613 224.2574 0001087  76.6879 283.4246 15.35399799231150
0 STARLINK-31587
1 59570U 24076G   26283.56837825 -.00000326  00000-0 -23338-5 0  9997
2 59570  43.0008 235.6463 0000905 288.8452  71.2302 15.27577982139385
0 STARLINK-37589
1 69839U 26154W   26283.56832779  .00024968  00000-0  74742-3 0  9997
2 69839  53.1585 237.5823 0001580  97.6879 262.4303 15.34408793 16320
0 ONEWEB-0085
1 45438U 20020Q   26283.56831893  .00000162  00000-0  42014-3 0  9995
2 45438  87.8967 358.1426 0001818 101.8820 258.2512 13.11419253317790
0 ONEWEB-0249
1 48967U 21060A   26283.56828135  .00000012  00000-0 -21889-5 0  9999
2 48967  87.9182 205.8838 0001715  72.5817 287.5501 13.16593699254796
0 STARLINK-35441
1 65869U 25223R   26283.56827220  .00023790  00000-0  71290-3 0  9994
2 65869  53.1605  11.8968 0001231  97.9150 262.1992 15.34403929 57167
0 ONEWEB-0582
1 54649U 22166H   26283.56825302 -.00000031  00000-0 -10600-3 0  9993
2 54649  87.9322 221.0203 0002367  70.9794 289.1596 13.21824867186765
0 STARLINK-2473
1 48131U 21027AR  26283.56824997  .00001514  00000-0  60524-4 0  9992
2 48131  53.1594 232.8054 0001438  96.5758 263.5407 15.31708113305607
0 STARLINK-4525
1 53401U 22097P   26283.56814752  .00000924  00000-0  39436-4 0  9996
2 53401  53.1595 228.2265 0001183 103.2569 256.8565 15.33547174231103
0 QIANFAN-41
1 62242U 24232F   26283.56814650  .00000130  00000-0  18247-3 0  9994
2 62242  89.0173  10.9263 0014844  46.7181 313.5206 13.51034291140009
0 STARLINK-36385
1 67717U 26025AA  26283.56806462  .00026729  00000-0  82716-3 0  9994
2 67717  97.2882  33.2250 0002102 104.1922 255.9555 15.33450352 38946
0 STARLINK-30259
1 57521U 23115A   26283.56795076  .00000690  00000-0  34609-4 0  9999
2 57521  43.0056 228.1228 0001612 260.7754  99.2915 15.27581442176431
0 STARLINK-2487
1 48144U 21027BE  26283.56786907  .00001836  00000-0  70908-4 0  9998
2 48144  53.1601 232.4524 0001379  86.6437 273.4722 15.31709956305602
0 STARLINK-32824
1 62817U 25018M   26283.56786756  .00034692  00000-0  10315-2 0  9997
2 62817  53.1622  29.6361 0005641  93.9689 266.1959 15.34438937 97047
0 STARLINK-3209
1 49752U 21115AE  26283.56777068  .00000672  00000-0  31025-4 0  9994
2 49752  53.1592 235.5703 0001529  89.2939 270.8239 15.34390410268373
0 TIANMU-1 13
1 58647U 23205C   26283.56776860  .00004963  00000-0  18644-3 0  9996
2 58647  97.3423 303.3814 0004315 285.4339  74.6423 15.27633961155111
0 STARLINK-5825
1 55783U 23028AU  26283.56775381  .00000396  00000-0  18218-4 0  9998
2 55783  69.9985  21.0553 0003038 273.5344  86.5483 15.29575460199258
0 STARLINK-4020
1 52703U 22053AZ  26283.56771976  .00000352  00000-0  21017-4 0  9993
2 52703  53.1608 231.9983 0001618  89.6028 270.5160 15.35398703242717
0 STARLINK-32845
1 62815U 25018K   26283.56769504  .00092306  00000-0  20666-2 0  9993
2 62815  53.1551  26.7772 0001577 249.1422 110.9415 15.42712590 96135
0 FENGYUN 1C DEB
1 31071U 99025BFR 26283.56763468  .00002921  00000-0  67871-3 0  9999
2 31071  99.0361  29.9772 0055260  92.9628 267.7892 14.54868631698800
0 STARLINK-11735
1 64130U 25111H   26283.56761845  .00159247  00000-0  12184-2 0  9993
2 64130  43.0005 118.6512 0002562 269.9866  90.0708 15.70886815 80284
0 STARLINK-5728
1 55588U 23020V   26283.56752330 -.00000532  00000-0 -98224-5 0  9992
2 55588  43.0034 231.8548 0000553 277.5401  82.5388 15.27574164201770
0 ONEWEB-0686
1 56721U 23068M   26283.56747544  .00000078  00000-0  17102-3 0  9992
2 56721  87.9173 205.8892 0001597  80.4889 279.6422 13.16595677166893
0 ONEWEB-0248
1 48798U 21045AH  26283.56746853  .00000075  00000-0  16623-3 0  9996
2 48798  87.9033 236.1957 0001451  73.5099 286.6191 13.15547463259586
0 STARLINK-4439
1 53498U 22099AK  26283.56745209  .00000417  00000-0  15248-4 0  9996
2 53498  97.2861  40.9007 0001350  97.8617 262.2779 15.33438687228624
0 STARLINK-38248
1 A0435U 26193C   26283.56743435  .00016998  00000-0  57876-3 0  9990
2 A0435  70.0058  21.2130 0005429 273.7537  86.3018 15.30439287  8766
0 STARLINK-32854
1 62816U 25018L   26283.56737847  .00024383  00000-0  73019-3 0  9990
2 62816  53.1605  28.2146 0001572  95.8588 264.2593 15.34410563 96105
0 STARLINK-11597
1 63115U 25039M   26283.56735867  .00173453  00000-0  13291-2 0  9994
2 63115  43.0041  21.3165 0002510 271.7832  88.2748 15.70806059 93411
0 QIANFAN-102
1 66044U 25233M   26283.56732753  .00000102  00000-0  13964-3 0  9993
2 66044  89.0089  31.4567 0001815 110.0430 250.0917 13.51031814 48818
0 STARLINK-31434
1 59215U 24046Q   26283.56728693  .00000255  00000-0  18686-4 0  9990
2 59215  53.1605 231.9068 0001557  93.4259 266.6922 15.34383656146012
0 STARLINK-34192
1 64014U 25101W   26283.56718905  .00024346  00000-0  89064-3 0  9995
2 64014  43.0041 224.8208 0000545 299.6572  60.4225 15.27605278 79917
0 STARLINK-31271
1 58827U 24017B   26283.56716019  .00025934  00000-0  77665-3 0  9997
2 58827  53.1560 284.2082 0001334  81.2443 278.8711 15.34374196152983
0 STARLINK-11409
1 63061U 25035K   26283.56712251  .00171123  00000-0  13089-2 0  9999
2 63061  42.9994 160.2959 0001531 260.8415  99.2280 15.70856387 95018
0 STARLINK-4709
1 53778U 22111F   26283.56693326 -.00001813  00000-0 -46647-4 0  9994
2 53778  53.1615  18.4077 0001202  94.0177 266.0962 15.31707377226285
0 STARLINK-1123
1 44930U 20001S   26283.56693220  .00072177  00000-0  49274-3 0  9990
2 44930  53.1372  26.2108 0003630 348.6685  11.4252 15.74190031373339
0 YAOGAN-39 04C
1 58145U 23163E   26283.56692067  .00004610  00000-0  23082-3 0  9999
2 58145  34.9924   9.7492 0000727 157.3432 202.7313 15.16810287164859
0 STARLINK-35134
1 65641U 25210V   26283.56678778  .00028695  00000-0  85637-3 0  9999
2 65641  53.1603  23.7570 0005192 102.1487 258.0098 15.34420107 60708
0 STARLINK-34511
1 65214U 25176S   26283.56675423  .00023388  00000-0  70104-3 0  9997
2 65214  53.1565 230.0692 0001130  95.2119 264.9012 15.34406461 66021
0 QIANFAN-191
1 69409U 26125J   26283.56670018  .00000022  00000-0  16190-4 0  9993
2 69409  88.9889 268.2680 0002433  93.9513 266.1916 13.51020255 17524
0 STARLINK-4507
1 53403U 22097R   26283.56659913 -.00000017  00000-0  11216-4 0  9994
2 53403  53.1566 225.4780 0001359  95.0157 265.1000 15.31695024231147
0 ONEWEB-0559
1 56060U 23043Q   26283.56656157  .00000080  00000-0  16195-3 0  9994
2 56060  87.9320 221.0203 0001692  74.6918 285.4403 13.21825246173495
0 STARLINK-31059
1 58596U 23200H   26283.56652520  .00000580  00000-0  30606-4 0  9994
2 58596  43.0041 238.6176 0001032 280.3247  79.7489 15.27579590158314
0 STARLINK-38266
1 A0255U 26181K   26283.56651659 -.01001343  00000-0 -32231-1 0  9990
2 A0255  97.2839 327.2972 0001605  97.4206 262.7220 15.34764717 11068
0 STARLINK-4052
1 53171U 22083AR  26283.56648734  .00000459  00000-0  24068-4 0  9998
2 53171  53.1585 232.2434 0001091  92.4761 267.6367 15.35397728234440
0 STARLINK-4140
1 53259U 22086T   26283.56638699  .00000260  00000-0  20153-4 0  9998
2 53259  53.1602 300.3826 0001073  77.8197 282.2924 15.31698598233625
0 STARLINK-31689
1 59567U 24076D   26283.56629646  .00000305  00000-0  20599-4 0  9993
2 59567  43.0001 232.1712 0000465  36.6018 323.4865 15.27577467139408
0 FENGYUN 1C DEB
1 30368U 99025ACF 26283.56627289  .00000336  00000-0  34709-3 0  9999
2 30368  99.1994  23.8398 0185581 231.6931 140.8849 13.75549888988118
0 QIANFAN-151
1 69110U 26108G   26283.56622720  .00000134  00000-0  18931-3 0  9998
2 69110  89.0204  10.5391 0001933 109.4585 250.6775 13.51032106 20016
0 STARLINK-3997
1 52609U 22052M   26283.56622668  .00000312  00000-0  20383-4 0  9991
2 52609  53.1622  21.5771 0001085  86.0610 274.0516 15.34393476243471
0 STARLINK-38285
1 A0448U 26193R   26283.56606789  .00017634  00000-0  60048-3 0  9997
2 A0448  70.0008  21.2044 0001163 272.0698  88.0345 15.30437042  8815
0 STARLINK-30250
1 57527U 23115G   26283.56603530  .00044973  00000-0  15335-2 0  9993
2 57527  42.9984 228.0843 0002789 181.0182 179.0666 15.29648708176119
0 YAOGAN-50
1 67433U 26006A   26283.56602879  .00000341  00000-0  13777-3 0  9997
2 67433 142.0425  53.3614 0000706 268.4528  91.6110 13.83245821 37413
0 KUIPER-00021
1 63736U 25088N   26283.56602743  .00000473  00000-0  91124-4 0  9997
2 63736  51.9005 232.8777 0000831  70.0989 290.0063 14.79930135 79310
0 YAOGAN 20B
1 40110U 14047B   26283.56602189 -.00000021  00000-0  72162-4 0  9996
2 40110  63.3757  82.5077 0400016  15.3633 345.9131 13.45448406597804
0 STARLINK-32319
1 61528U 24183V   26283.56598589  .00000252  00000-0  19877-4 0  9991
2 61528  53.1598 223.4595 0001356  86.9896 273.1260 15.31701954112568
0 ONEWEB-0456
1 51646U 22012AA  26283.56598483  .00000217  00000-0  58682-3 0  9990
2 51646  87.8921  13.3080 0001713  99.7947 260.3374 13.10369107224454
0 STARLINK-32497
1 62161U 24224Y   26283.56593131  .00017815  00000-0  65515-3 0  9991
2 62161  43.0029  27.9597 0001072 277.3050  82.7680 15.27590268105292
0 ONEWEB-0007
1 44060U 19010D   26283.56589163  .00000116  00000-0  27435-3 0  9991
2 44060  87.9021 236.2168 0001871  68.5910 291.5420 13.15549470366543
0 STARLINK-36842
1 67884U 26035F   26283.56586927  .00033731  00000-0  10419-2 0  9992
2 67884  97.2854 215.0677 0000570 103.3360 256.7947 15.33464562 36914
0 STARLINK-37209
1 69187U 26114F   26283.56576072  .00025455  00000-0  76253-3 0  9991
2 69187  53.1590  20.1533 0003340  95.5374 264.6009 15.34373173 22528
0 STARLINK-32278
1 60356U 24138B   26283.56575296 -.00001337  00000-0 -28456-4 0  9999
2 60356  53.1619  29.5658 0001115  82.5306 277.5824 15.34399314123557
0 LEMUR-2-LUCILLE-ROSE
1 65403U 25135BV  26283.56574413  .00008569  00000-0  66582-3 0  9998
2 65403  97.7609  39.7131 0013405 256.2066 103.7667 15.01489199 65943
0 STARLINK-3201
1 49771U 21115AZ  26283.56568739  .00000813  00000-0  35207-4 0  9991
2 49771  53.1598 235.6350 0001255  93.7442 266.3705 15.34388923268378
0 STARLINK-30775
1 58139U 23162X   26283.56566650  .00003246  00000-0  12739-3 0  9990
2 58139  43.0006 358.6313 0001266 271.0346  89.0360 15.27586463165171
0 STARLINK-11731
1 64371U 25127B   26283.56561853  .00260666  00000-0  19570-2 0  9998
2 64371  43.0006 229.6177 0001269 311.8356  48.2403 15.71020500 77292
0 QIANFAN-66
1 62796U 25016M   26283.56550736  .00000059  00000-0  72337-4 0  9992
2 62796  88.9701  71.6927 0015110 180.3109 179.8035 13.51021157 88046
0 STARLINK-30219
1 57507U 23113N   26283.56538529 -.00000677  00000-0 -15078-4 0  9995
2 57507  43.0032 239.4430 0001231 272.2723  87.7988 15.27575681176575
0 STARLINK-32837
1 62812U 25018G   26283.56527771  .00027435  00000-0  81996-3 0  9993
2 62812  53.1614  28.2116 0001329  87.1392 272.9763 15.34407076 96127
0 STARLINK-34265
1 64192U 25113Y   26283.56520504  .00030484  00000-0  90989-3 0  9999
2 64192  53.1591 171.6299 0001400 109.4500 250.6654 15.34393556 77946
0 STARLINK-11117
1 59761U 24091J   26283.56504741 -.00000069  00000-0  42903-5 0  9996
2 59761  53.1589 226.8792 0001020 117.6837 242.4285 15.69702139139264
0 QIANFAN-182
1 69399U 26124T   26283.56498910  .00000102  00000-0  13930-3 0  9996
2 69399  89.0031 349.9997 0001979 109.2106 250.9259 13.51032347 17609
0 QIANFAN-112
1 68639U 26075D   26283.56495874  .00000043  00000-0  48335-4 0  9995
2 68639  88.9826 309.2153 0001669  83.0073 277.1268 13.51024948 25389
0 ONEWEB-0594
1 54660U 22166U   26283.56489514  .00000074  00000-0  14665-3 0  9997
2 54660  87.9311 221.0343 0001752  73.4745 286.6581 13.21824607186805
0 STARLINK-32270
1 60364U 24138K   26283.56486665  .00001788  00000-0  69364-4 0  9990
2 60364  53.1616  30.2768 0000659  79.7688 280.3388 15.31703380123441
0 QIANFAN-9
1 60387U 24140J   26283.56475059  .00000020  00000-0  12683-4 0  9993
2 60387  88.9676 268.0027 0018001  50.3599 309.9137 13.51022543108081
0 STARLINK-31994
1 60588U 24150F   26283.56468171  .00002400  00000-0  82140-4 0  9993
2 60588  53.1608  23.7079 0000498  30.7487 329.3545 15.34396175120930
0 STARLINK-34833
1 65218U 25176W   26283.56464814  .00042769  00000-0  12701-2 0  9993
2 65218  53.1597 230.0547 0001427  85.7685 274.3481 15.34390114 66088
0 STARLINK-33898
1 64002U 25101J   26283.56460964  .00019151  00000-0  70319-3 0  9992
2 64002  43.0046 224.8036 0001971 260.3594  99.7035 15.27600934 79919
0 STARLINK-35923
1 66641U 25271AA  26283.56452933  .00027696  00000-0  82778-3 0  9993
2 66641  53.1594 219.8258 0001517  88.1766 271.9410 15.34400850 50499
0 STARLINK-31662
1 59584U 24076W   26283.56452299  .00000275  00000-0  19501-4 0  9997
2 59584  42.9996 235.6092 0000401 236.7320 123.3493 15.27577632139369
0 STARLINK-34883
1 65426U 25192Y   26283.56438669  .00025356  00000-0  82535-3 0  9997
2 65426  53.1595 312.7847 0002068  32.3658 327.7470 15.31727385 62299
0 ONEWEB-0241
1 48773U 21045G   26283.56432063  .00000105  00000-0  24433-3 0  9996
2 48773  87.9030 236.2041 0001455  72.2891 287.8398 13.15548326259504
0 KUIPER-00041
1 64502U 25134C   26283.56427038  .00000131  00000-0  46231-4 0  9993
2 64502  51.9004  15.3907 0000231 122.5977 237.5008 14.79929381 71716
0 STARLINK-35141
1 65644U 25210Y   26283.56422191  .00030959  00000-0  10042-2 0  9991
2 65644  53.1611  27.9897 0002150  89.0376 271.0871 15.31734673 60649
0 STARLINK-4350
1 53045U 22077C   26283.56421328  .00001084  00000-0  35927-4 0  9990
2 53045  97.2874  99.0252 0001907  84.5377 275.6083 15.33431576233438
0 YAOGAN 20A
1 40109U 14047A   26283.56415531 -.00000035  00000-0  57927-4 0  9994
2 40109  63.3758  81.6324 0400175  15.3409 345.9343 13.45451083597962
0 FENGYUN 1C DEB
1 29856U 99025FA  26283.56414056  .00014545  00000-0  22191-2 0  9993
2 29856  98.6931  33.7747 0234321  98.8052  31.4417 14.57090638  7589
0 STARLINK-3181
1 51461U 22010F   26283.56412598  .00000309  00000-0  20294-4 0  9996
2 51461  53.1627  21.5796 0001152  88.9235 271.1899 15.34393067259438
0 STARLINK-3940
1 52540U 22051H   26283.56412480  .00000241  00000-0  18264-4 0  9999
2 52540  53.1581 228.2650 0001185  88.6566 271.4572 15.34390156244106
0 STARLINK-30260
1 57524U 23115D   26283.56410262  .00002645  00000-0  10560-3 0  9994
2 57524  43.0038 228.1102 0001066 262.6522  97.4208 15.27579835175215
0 STARLINK-35489
1 65857U 25223D   26283.56406487  .00038239  00000-0  11351-2 0  9994
2 65857  53.1617  11.8686 0000739 139.4733 220.6325 15.34456978 57166
0 STARLINK-3190
1 49766U 21115AU  26283.56406063 -.00001320  00000-0 -26940-4 0  9996
2 49766  53.1589 235.7783 0001358  90.6553 269.4606 15.35386816268370
0 STARLINK-32320
1 61638U 24191T   26283.56391456 -.00002331  00000-0 -75220-4 0  9992
2 61638  42.9991  24.8945 0001442 250.2975 109.7721 15.27574499110353
0 STARLINK-2452
1 48115U 21027Z   26283.56386359 -.00000101  00000-0  85094-5 0  9991
2 48115  53.1569 234.8939 0001188 117.9841 242.1281 15.31704061305575
0 QIANFAN-90
1 63176U 25046T   26283.56381119  .00000032  00000-0  31268-4 0  9994
2 63176  88.9625 288.6571 0012633 340.2720  19.7941 13.51020387 88178
0 IRIDIUM 33 DEB
1 39777U 97051AAJ 26283.56371650  .00006466  00000-0  12466-2 0  9992
2 39777  85.9597  27.5844 0055728 240.4301 119.1349 14.62377834645894
0 STARLINK-11701
1 63760U 25089K   26283.56368373  .00173762  00000-0  13268-2 0  9996
2 63760  42.9966  76.6853 0001600 189.6407 170.4430 15.70888978 83930
0 STARLINK-3895
1 52583U 22051AZ  26283.56367834  .00000502  00000-0  25296-4 0  9991
2 52583  53.1601 222.6235 0001444  94.9814 265.1354 15.35397995244182
0 STARLINK-5760
1 55591U 23020Y   26283.56366926 -.00000219  00000-0  15615-5 0  9992
2 55591  43.0018 231.8232 0000200 220.0851 139.9986 15.27572945201773
0 STARLINK-31383
1 58936U 24027F   26283.56365998 -.00001719  00000-0 -39737-4 0  9991
2 58936  53.1610  29.6295 0001475  84.9723 275.1448 15.34398271150259
0 STARLINK-37359
1 69188U 26114G   26283.56362936  .00033844  00000-0  10072-2 0  9991
2 69188  53.1577  20.1329 0000519  72.1423 287.9637 15.34433808 22525
0 STARLINK-35652
1 66393U 25257P   26283.56357273  .00022323  00000-0  67029-3 0  9996
2 66393  53.1604 295.9797 0001257  89.9323 270.1824 15.34379385 52677
0 STARLINK-32515
1 61705U 24195U   26283.56356292  .00001379  00000-0  51946-4 0  9998
2 61705  53.1601 235.5864 0001299  81.9503 278.1647 15.34397617110101
0 STARLINK-6104
1 56127U 23046AM  26283.56339914 -.00000163  00000-0  35871-5 0  9997
2 56127  43.0026  16.7876 0000962 267.6113  92.4628 15.27575906195021
0 ONEWEB-0698
1 61604U 24188L   26283.56336286 -.00000065  00000-0 -21851-3 0  9993
2 61604  87.8959 358.1531 0000693  90.5129 269.6078 13.11419872 99592
0 GAOFEN 3 02
1 49495U 21109A   26283.56335714  .00000034  00000-0  23464-4 0  9999
2 49495  98.4125 290.0411 0003193  24.4262 335.7078 14.42212695256940
0 STARLINK-37825
1 A0447U 26193Q   26283.56334321  .00028849  00000-0  97739-3 0  9993
2 A0447  70.0028  21.1989 0004292 271.2658  88.8026 15.30454578  8813
0 KUIPER-00607
1 69290U 26118Z   26283.56334137  .00001737  00000-0  25684-3 0  9993
2 69290  51.9006 235.4798 0001956  55.6808 304.4339 14.79939067 21453
0 STARLINK-33871
1 63994U 25101A   26283.56332427  .00017190  00000-0  63239-3 0  9997
2 63994  43.0040 224.7912 0002171 265.1524  94.9079 15.27597765 79847
0 ONEWEB-0607
1 54671U 22166AF  26283.56319225 -.00000008  00000-0 -49732-4 0  9993
2 54671  87.9321 221.0215 0001991  74.5646 285.5707 13.21823665186781
0 STARLINK-3980
1 52611U 22052P   26283.56317028  .00001403  00000-0  51105-4 0  9993
2 52611  53.1620  22.6126 0001320  81.2294 278.8859 15.35407784243454
0 STARLINK-36390
1 67886U 26035H   26283.56316303  .00021549  00000-0  66737-3 0  9992
2 67886  97.2854 215.0685 0003753  90.8181 269.3492 15.33464900 36913
0 STARLINK-35117
1 65632U 25210L   26283.56314422  .00026299  00000-0  78639-3 0  9994
2 65632  53.1606  27.9917 0002448  84.9602 275.1680 15.34413333 60642
0 STARLINK-32189
1 60317U 24133S   26283.56305812 -.00000845  00000-0 -13872-4 0  9995
2 60317  53.1624  15.7876 0001176  85.9390 274.1747 15.34393664124679
0 STARLINK-32273
1 61956U 24209T   26283.56295853  .00031744  00000-0  94647-3 0  9990
2 61956  53.1594 221.5948 0001574  85.1634 274.9548 15.34406805107835
0 ONEWEB-0682
1 56718U 23068J   26283.56272537  .00000130  00000-0  31082-3 0  9995
2 56718  87.9029 236.1983 0002221  89.3938 270.7446 13.15549274164623
0 QIANFAN-200
1 69418U 26125T   26283.56264372  .00000021  00000-0  14561-4 0  9994
2 69418  88.9891 268.2691 0002546  94.9476 265.1966 13.51026990 17529
0 KUIPER-00564
1 69625U 26140AK  26283.56263619  .00002934  00000-0  41371-3 0  9997
2 69625  51.8970 220.4562 0000737 101.7028 258.4017 14.79935561 18711
0 STARLINK-36695
1 67702U 26025K   26283.56263021  .00022227  00000-0  68857-3 0  9995
2 67702  97.2896  33.2292 0001631  96.0822 264.0607 15.33454741 38940
0 STARLINK-5374
1 56144U 23046BE  26283.56260764 -.00000440  00000-0 -64533-5 0  9998
2 56144  43.0058  13.3672 0001422 275.4992  84.5697 15.27575989195069
0 STARLINK-11398
1 61882U 24204J   26283.56260421 -.00000190  00000-0  32877-5 0  9997
2 61882  53.1596  16.9591 0000968  71.8592 288.2531 15.69708625110664
0 ONEWEB-0464
1 51651U 22012AF  26283.56258371  .00000412  00000-0  11424-2 0  9994
2 51651  87.8908  13.3229 0001915  97.1643 262.9702 13.10391086224431
0 STARLINK-35239
1 65623U 25210B   26283.56257718  .00026994  00000-0  80665-3 0  9992
2 65623  53.1603  23.7344 0002512  99.1910 260.9377 15.34419991 60707
0 STARLINK-32532
1 62156U 24224T   26283.56256113  .00015247  00000-0  56227-3 0  9998
2 62156  43.0013  24.4754 0003275 280.3232  79.7251 15.27586521105184
0 STARLINK-34257
1 65225U 25176AD  26283.56254387  .00025665  00000-0  76770-3 0  9996
2 65225  53.1591 230.0383 0001222  82.4681 277.6460 15.34417233 66020
0 STARLINK-33825
1 63505U 25071N   26283.56245285  .00023814  00000-0  71371-3 0  9992
2 63505  53.1591 220.0325 0001792  84.1589 275.9618 15.34399863 85690
0 STARLINK-31510
1 59575U 24076M   26283.56243455  .00001958  00000-0  80675-4 0  9998
2 59575  43.0003 232.1481 0001427 272.3330  87.7358 15.27572444139404
0 STARLINK-2145
1 48555U 21041C   26283.56239078 -.00000395  00000-0 -96477-6 0  9994
2 48555  53.1587 228.9303 0001482  95.2973 264.8197 15.31705835297873
0 IRIDIUM 106
1 41917U 17003A   26283.56238654  .00000069  00000-0  17447-4 0  9995
2 41917  86.3987  40.2879 0001891 101.0745 259.0664 14.34217751509744
0 STARLINK-11722
1 64128U 25111F   26283.56230170  .00170561  00000-0  13003-2 0  9995
2 64128  42.9999 118.6094 0002026 263.1996  96.8641 15.70937158 80389
0 QIANFAN-157
1 69116U 26108N   26283.56208047  .00000129  00000-0  18110-3 0  9999
2 69116  89.0200  10.4449 0002299 106.3520 253.7884 13.51032827 20073
0 STARLINK-32623
1 62152U 24224P   26283.56207245  .00023433  00000-0  85766-3 0  9992
2 62152  43.0029  27.9316 0001504 255.5807 104.4878 15.27606811105247
0 STARLINK-11591
1 63116U 25039N   26283.56204936  .00216528  00000-0  16363-2 0  9997
2 63116  43.0003  21.2726 0001768 236.0676 124.0024 15.71001013 93410
0 STARLINK-3182
1 51469U 22010P   26283.56202996  .00000104  00000-0  14212-4 0  9999
2 51469  53.1627  21.6429 0001057  86.0554 274.0569 15.34395531259420
0 YAOGAN-35 05A
1 53760U 22109A   26283.56196440 -.00000119  00000-0 -33760-5 0  9998
2 53760  35.0077 333.4141 0005688 314.5174  45.5075 15.23199974228217
0 ONEWEB-0240
1 48785U 21045U   26283.56193439  .00000182  00000-0  44995-3 0  9990
2 48785  87.9035 236.1931 0001600  76.4092 283.7216 13.15547704259570
0 QIANFAN-129
1 69075U 26104C   26283.56181628  .00000087  00000-0  11674-3 0  9995
2 69075  88.9869 329.6613 0002381  98.8920 261.2500 13.51026021 20758
0 STARLINK-32796
1 62739U 25014E   26283.56167762  .00015518  00000-0  57210-3 0  9998
2 62739  42.9999  20.5259 0001023 273.1599  86.9135 15.27587309 96123
0 KUIPER-00231
1 68580U 26072H   26283.56157866  .00003290  00000-0  46025-3 0  9993
2 68580  51.8998  18.0347 0001130 182.6322 177.4634 14.79940754 28586
0 ONEWEB-0586
1 54653U 22166M   26283.56153759  .00000097  00000-0  20229-3 0  9996
2 54653  87.9316 221.0402 0002197  72.1614 287.9759 13.21825612186766
0 STARLINK-37440
1 69189U 26114H   26283.56152539  .00025603  00000-0  76566-3 0  9993
2 69189  53.1597  20.1173 0002026  96.6848 263.4385 15.34426459 22525
0 FENGYUN 1C DEB
1 30131U 99025SL  26283.56144970  .00003184  00000-0  13700-2 0  9999
2 30131  99.0772  29.3411 0077081  15.0102 358.2280 14.23781214  9804
0 LEMUR 2 JK0903EM1407
1 58336U 23174CJ  26283.56142520  .00035169  00000-0  47934-3 0  9992
2 58336  97.3906  17.7478 0004094  64.4425 295.7253 15.57442760163652
0 STARLINK-33605
1 63074U 25035Y   26283.56132821  .00018708  00000-0  68711-3 0  9994
2 63074  43.0039  13.4121 0006289 286.7041  73.3121 15.27591476 92584
0 STARLINK-34182
1 64013U 25101V   26283.56123913  .00024297  00000-0  88896-3 0  9990
2 64013  43.0024 221.3115 0001962 263.8584  96.2044 15.27601650 79956
0 STARLINK-32306
1 61520U 24183M   26283.56123570  .00008303  00000-0  27920-3 0  9999
2 61520  53.1606 222.7293 0001698  81.7848 278.3346 15.31679619112571
0 ONEWEB-0279
1 48997U 21060AG  26283.56115667  .00000099  00000-0  22543-3 0  9991
2 48997  87.9181 205.8803 0001774  65.0756 295.0559 13.16596061254809
0 STARLINK-5737
1 55570U 23020B   26283.56109905  .00000836  00000-0  39892-4 0  9997
2 55570  43.0011 231.8057 0000595 252.0848 107.9939 15.27574774201771
0 QIANFAN-181
1 69398U 26124S   26283.56101184  .00000115  00000-0  15892-3 0  9992
2 69398  89.0057 350.0350 0002177 101.6992 258.4404 13.51027820 17607
0 STARLINK-31328
1 58880U 24020E   26283.56099534  .00000941  00000-0  38993-4 0  9999
2 58880  53.1616  27.6128 0001116  73.4561 286.6564 15.34394659151209
0 STARLINK-32182
1 60319U 24133U   26283.56094698  .00000016  00000-0  11603-4 0  9992
2 60319  53.1617  15.7868 0001553  82.2765 277.8414 15.34407001124581
0 QIANFAN-116
1 68643U 26075H   26283.56072773  .00000039  00000-0  42145-4 0  9997
2 68643  88.9819 309.1887 0001817  83.8748 276.2610 13.51026356 25387
0 STARLINK-38105
1 A0446U 26193P   26283.56061841  .00021817  00000-0  74155-3 0  9991
2 A0446  70.0051  21.1919 0001776 264.6648  95.4325 15.30433215  8811
0 FENGYUN 1C DEB
1 30405U 99025ADU 26283.56059568  .00002199  00000-0  84461-3 0  9999
2 30405  98.7958  25.5754 0047148 351.7915 129.7011 14.30888890 17034
0 STARLINK-1222
1 45228U 20012BC  26283.56037735  .00044640  00000-0  43280-3 0  9991
2 45228  53.0493  20.5621 0000720 229.3368 130.7584 15.65936636369102
0 GLOBALSTAR M014
1 25306U 98023A   26283.56030677 -.00000100  00000-0 -41464-3 0  9998
2 25306  51.9866  28.8542 0001397 151.1544 222.2169 11.65487804247183
0 STARLINK-11742
1 64377U 25127H   26283.56030163  .00173763  00000-0  13251-2 0  9990
2 64377  43.0006 229.5707 0002010 275.1337  84.9302 15.70920244 77290
0 STARLINK-11110
1 59762U 24091K   26283.56019479 -.00013535  00000-0 -10733-3 0  9993
2 59762  53.1618 226.8469 0001174  61.5702 298.5434 15.69646615139261
0 STARLINK-32269
1 60377U 24138Y   26283.56019475  .00000290  00000-0  21105-4 0  9993
2 60377  53.1613  30.2427 0001281  77.0963 283.0182 15.31704239123540
0 STARLINK-4664
1 53777U 22111E   26283.56016690  .00000884  00000-0  36255-4 0  9995
2 53777  53.1621  22.4966 0001812  98.8620 261.2588 15.35409723226228
0 JILIN-01 GAOFEN 3E
1 46457U 20065D   26283.56000693  .00198739  00000-0  88630-3 0  9994
2 46457  97.2026 340.1480 0006889 101.9867 258.2176 15.83715582337882
0 QIANFAN-40
1 62241U 24232E   26283.55996810  .00000120  00000-0  16632-3 0  9996
2 62241  89.0201  10.6498 0014874  58.0388 302.2207 13.51033177140340
0 KUIPER-00533
1 69605U 26140P   26283.55994196  .00001937  00000-0  28304-3 0  9998
2 69605  51.9018 222.9995 0001017  64.0323 296.0744 14.79934076 18671
0 STARLINK-36748
1 67693U 26025A   26283.55990758  .00020840  00000-0  64583-3 0  9998
2 67693  97.2895  33.2307 0001120  98.1347 262.0023 15.33457084 38946
0 STARLINK-31470
1 59569U 24076F   26283.55987795 -.00000410  00000-0 -53597-5 0  9990
2 59569  43.0041 232.1226 0001128 268.3637  91.7085 15.27580517139311
0 ONEWEB-0566
1 56061U 23043R   26283.55983372  .00000082  00000-0  16785-3 0  9993
2 56061  87.9321 221.0202 0001625  72.8183 287.3128 13.21824663173471
0 STARLINK-5709
1 55621U 23020BE  26283.55982648  .00000736  00000-0  36292-4 0  9996
2 55621  43.0033 220.5273 0001576 266.4599  93.6073 15.27575112201901
0 ONEWEB-0042
1 45441U 20020T   26283.55982526 -.00000172  00000-0 -52240-3 0  9993
2 45441  87.8969 358.1406 0001950  98.9581 261.1767 13.11420250317784
0 ONEWEB-0215
1 48800U 21045AK  26283.55953366 -.00000138  00000-0 -39994-3 0  9996
2 48800  87.9033 236.1899 0001421  62.0711 298.0563 13.15548143259469
0 STARLINK-34113
1 64010U 25101S   26283.55946974  .00016961  00000-0  62415-3 0  9994
2 64010  43.0045 224.7587 0001953 265.5233  94.5395 15.27596067 79917
0 STARLINK-31350
1 58933U 24027C   26283.55945127 -.00000256  00000-0  35480-5 0  9991
2 58933  53.1605  29.6100 0001183  81.3615 278.7522 15.34397392150257
0 STARLINK-37422
1 69191U 26114K   26283.55942831  .00024392  00000-0  72988-3 0  9995
2 69191  53.1582  20.0991 0001222  84.8173 275.2969 15.34435255 22529
0 FENGYUN 1C DEB
1 30432U 99025AET 26283.55935591  .00001003  00000-0  31050-3 0  9996
2 30432  98.8188 197.3139 0081344 160.2580 200.1788 14.41642565 30828
0 STARLINK-4496
1 53412U 22097AA  26283.55930434  .00001448  00000-0  54010-4 0  9990
2 53412  53.1602 223.6158 0001312  97.8474 262.2677 15.34387751231166
0 STARLINK-38300
1 A0434U 26193B   26283.55925237  .00026120  00000-0  88620-3 0  9999
2 A0434  70.0028  21.1752 0003778 271.0387  89.0356 15.30436784  8326
0 ONEWEB-0439
1 51635U 22012P   26283.55920867  .00000543  00000-0  15195-2 0  9995
2 51635  87.8922  13.3163 0001944 100.9684 259.1663 13.10370437224437
0 STARLINK-4788
1 53863U 22114AX  26283.55918377 -.00000289  00000-0  24658-5 0  9991
2 53863  53.1614  25.1736 0001113  78.3452 281.7674 15.31703220225745
0 STARLINK-3911
1 52565U 22051AJ  26283.55910422  .00001234  00000-0  48831-4 0  9990
2 52565  53.1590 224.2763 0001204 101.6676 258.4461 15.33550800244154
0 QIANFAN-96
1 66038U 25233F   26283.55907079  .00000112  00000-0  15468-3 0  9992
2 66038  89.0088  31.5580 0001556 107.0653 253.0669 13.51032208 48759
0 STARLINK-38277
1 A0507U 26197F   26283.55902684  .00173243  00000-0  15116-2 0  9993
2 A0507  70.0000  64.9887 0003378 276.5513  83.5298 15.68279461  7149
0 STARLINK-32130
1 60585U 24150C   26283.55893334 -.00000829  00000-0 -13408-4 0  9998
2 60585  53.1620  27.9348 0001364  76.1114 284.0040 15.34391974120872
0 STARLINK-2443
1 48107U 21027R   26283.55891647  .00001314  00000-0  54117-4 0  9999
2 48107  53.1598 232.7822 0001471 100.7123 259.4044 15.31698901305601
0 KUIPER-00286
1 68590U 26072T   26283.55889014  .00001574  00000-0  23540-3 0  9990
2 68590  51.9035  20.4972 0000324  90.6356 269.4644 14.79932442 28555
0 STARLINK-32305
1 61523U 24183Q   26283.55880337 -.00000017  00000-0  10651-4 0  9991
2 61523  53.1592 222.0028 0001443  85.5456 274.5712 15.34389918112581
0 STARLINK-32399
1 61627U 24191G   26283.55879423  .00000171  00000-0  15743-4 0  9996
2 61627  43.0037  13.6097 0001395 287.3772  72.6927 15.27578507110485
0 STARLINK-32482
1 62141U 24224C   26283.55871156  .00019087  00000-0  70061-3 0  9999
2 62141  43.0010  24.4440 0002285 272.9693  87.0897 15.27612266105189
0 STARLINK-6121
1 56129U 23046AP  26283.55866209  .00001002  00000-0  45941-4 0  9990
2 56129  43.0043 322.2945 0001261 294.2557  65.8163 15.27579207195650
0 STARLINK-2700
1 48431U 21040D   26283.55859592  .00000597  00000-0  31008-4 0  9993
2 48431  53.1601 232.8055 0001489 128.5423 231.5712 15.31710871299959
0 STARLINK-33864
1 63636U 25083C   26283.55857444  .00016558  00000-0  60925-3 0  9995
2 63636  43.0048 232.1358 0002396 263.5584  96.4995 15.27613168 82958
0 FENGYUN 1C DEB
1 29929U 99025JB  26283.55847285  .00001937  00000-0  11896-2 0  9998
2 29929  98.6203 191.7019 0132372  50.9172  72.2378 14.02512715  1740
0 IRIDIUM 171
1 43929U 19002H   26283.55845948 -.00000069  00000-0 -31767-4 0  9993
2 43929  86.3943 305.6797 0002059  94.5628 265.5803 14.34217106405499
0 STARLINK-35062
1 65643U 25210X   26283.55837622  .00024803  00000-0  74261-3 0  9993
2 65643  53.1596  23.6999 0002548  86.4616 273.6678 15.34406514 60708
0 KUIPER-00258
1 69763U 26151A   26283.55834990  .00002190  00000-0  31629-3 0  9996
2 69763  51.8961 130.4855 0000834  91.2093 268.8965 14.79914472 15286
0 IRIDIUM 44
1 25078U 97077B   26283.55834020  .00000283  00000-0  82538-4 0  9993
2 25078  86.4005  18.4257 0000941 154.8077 205.3168 14.40623460512856
0 STARLINK-34975
1 65224U 25176AC  26283.55833817  .00023065  00000-0  69153-3 0  9994
2 65224  53.1580 230.0118 0001769  77.1324 282.9876 15.34406973 66089
0 STARLINK-35433
1 65870U 25223S   26283.55833668  .00032604  00000-0  97050-3 0  9994
2 65870  53.1598  13.9591 0001061 116.0033 244.1079 15.34445394 57145
0 STARLINK-5123
1 53979U 22125R   26283.55830455  .00000143  00000-0  16385-4 0  9996
2 53979  53.1596 324.4100 0001552 115.5371 244.5791 15.31699746221967
0 STARLINK-4429
1 53495U 22099AG  26283.55824458 -.00000039  00000-0  11308-5 0  9991
2 53495  97.2858  37.0250 0001560  94.1961 265.9460 15.33438344228367
0 STARLINK-35921
1 66640U 25271Z   26283.55822105  .00043432  00000-0  12880-2 0  9995
2 66640  53.1603 219.7871 0001852  80.1219 279.9993 15.34426791 50492
0 STARLINK-34193
1 64011U 25101T   26283.55818667  .00017492  00000-0  64331-3 0  9991
2 64011  43.0045 224.7459 0001482 265.3662  94.7020 15.27598420 79919
0 ONEWEB-0589
1 54655U 22166P   26283.55815462 -.00000032  00000-0 -10930-3 0  9992
2 54655  87.9317 221.0237 0002772  72.7160 287.4277 13.21823911186788
0 STARLINK-31701
1 59582U 24076U   26283.55809276  .00000116  00000-0  13743-4 0  9991
2 59582  43.0023 235.5620 0001097 276.0452  84.0275 15.27578675139270
0 STARLINK-1080
1 44961U 20001AZ  26283.55807462  .00121686  00000-0  50688-3 0  9999
2 44961  53.0399 310.4535 0002975  49.5139 310.6143 15.84862114374361
0 STARLINK-35202
1 65647U 25210AB  26283.55789944  .00021603  00000-0  64839-3 0  9995
2 65647  53.1577  22.2707 0002233  90.9948 269.1311 15.34413067 60729
0 QIANFAN-146
1 69105U 26108B   26283.55789888  .00000137  00000-0  19287-3 0  9998
2 69105  89.0206  10.3849 0001876 104.3823 255.7537 13.51024019 20110
0 STARLINK-35529
1 66259U 25245AB  26283.55788966  .00061873  00000-0  19590-2 0  9992
2 66259  53.1618   4.4410 0002266  82.2756 277.8503 15.32188986 54173
0 STARLINK-38325
1 A0445U 26193N   26283.55788876  .00026793  00000-0  90861-3 0  9993
2 A0445  70.0029  21.1710 0005138 271.9325  88.1262 15.30440191  8824
0 FENGYUN 1C DEB
1 30089U 99025QS  26283.55788366  .00000435  00000-0  17853-3 0  9993
2 30089  98.8921 200.8577 0074680  51.2840 123.4020 14.30631966 27935
0 STARLINK-32746
1 62745U 25014L   26283.55781913  .00015315  00000-0  56458-3 0  9992
2 62745  43.0016  20.4959 0001039 278.5235  81.5499 15.27599344 96127
0 STARLINK-30169
1 57499U 23113E   26283.55774422 -.00000370  00000-0 -39300-5 0  9993
2 57499  43.0052 228.4292 0001255 262.3184  97.7526 15.27575043176546
0 STARLINK-2214
1 48566U 21041P   26283.55773312  .00001117  00000-0  47736-4 0  9992
2 48566  53.1586 228.9125 0001246  98.2525 261.8617 15.31704855297875
0 STARLINK-36363
1 67890U 26035M   26283.55771680  .00027033  00000-0  83643-3 0  9998
2 67890  97.2859 215.0782 0001287  93.2014 266.9376 15.33454198 36915
0 STARLINK-5489
1 56136U 23046AW  26283.55746865 -.00000245  00000-0  60641-6 0  9998
2 56136  43.0039  13.3337 0001111 273.2999  86.7725 15.27574661195067
0 STARLINK-31362
1 58935U 24027E   26283.55734541  .00002548  00000-0  86521-4 0  9995
2 58935  53.1621  29.5906 0002161  87.7966 272.3284 15.34401744150258
0 STARLINK-37282
1 69190U 26114J   26283.55731708  .00031237  00000-0  93096-3 0  9992
2 69190  53.1594  20.0906 0004922 101.5355 258.6201 15.34420494 22529
0 STARLINK-33859
1 63640U 25083G   26283.55728815  .00029809  00000-0  10873-2 0  9998
2 63640  43.0009 232.1335 0003915 260.5082  99.5328 15.27606680 82925
0 STARLINK-5721
1 55617U 23020BA  26283.55725573  .00000972  00000-0  44857-4 0  9991
2 55617  43.0032 220.5063 0001467 272.9769  87.0915 15.27576787201903
0 KUIPER-00490
1 69595U 26140D   26283.55724119  .00002629  00000-0  37366-3 0  9999
2 69595  51.9024 225.4610 0000985  69.1356 290.9712 14.79935328 18649
0 STARLINK-32183
1 60433U 24144J   26283.55721306  .00000388  00000-0  22640-4 0  9998
2 60433  53.1597 295.7398 0001584  85.5430 274.5753 15.34395313122256
0 STARLINK-4276
1 53179U 22083AZ  26283.55719987  .00000229  00000-0  17907-4 0  9993
2 53179  53.1597 223.6177 0001324  95.6784 264.4369 15.34390399234564
0 STARLINK-36698
1 67709U 26025S   26283.55718744  .00026734  00000-0  82704-3 0  9992
2 67709  97.2861  33.2389 0001180  99.9177 260.2199 15.33461715 38943
0 STARLINK-1008
1 44714U 19074B   26283.55700749  .00047721  00000-0  45157-3 0  9995
2 44714  53.1452 228.6792 0002957 108.6784 251.4553 15.66512426382214
0 STARLINK-11590
1 63112U 25039J   26283.55686933  .00234764  00000-0  17698-2 0  9997
2 63112  43.0006  22.1289 0002286 241.5652 118.4985 15.71001707 93406
0 STARLINK-32281
1 60375U 24138W   26283.55685099  .00001188  00000-0  46283-4 0  9992
2 60375  53.1614  28.0977 0000858  89.9870 270.1231 15.34395080123479
0 STARLINK-33913
1 65215U 25176T   26283.55679537  .00014209  00000-0  43082-3 0  9994
2 65215  53.1602 232.1332 0001393  85.9505 274.1656 15.34404422 66059
0 QIANFAN-173
1 69390U 26124J   26283.55679027  .00000041  00000-0  45565-4 0  9998
2 69390  89.0046 349.9740 0001926 114.6087 245.5265 13.51015193 17632
0 STARLINK-36997
1 68248U 26054S   26283.55673808  .00023334  00000-0  69905-3 0  9995
2 68248  53.1601  15.7041 0000891 313.6733  46.4196 15.34423716 31930
0 STARLINK-32898
1 62998U 25031T   26283.55670927  .00015885  00000-0  58567-3 0  9998
2 62998  43.0046  10.1161 0001623 274.4033  85.6633 15.27572223 93951
0 STARLINK-32139
1 61510U 24183B   26283.55655875 -.00000392  00000-0 -87268-6 0  9991
2 61510  53.1607 222.7137 0001441  77.8971 282.2192 15.31698713112576
0 STARLINK-2722
1 48472U 21040AW  26283.55641659  .00021036  00000-0  10747-2 0  9997
2 48472  53.0578 297.7892 0002321  45.5803 314.5380 15.16659086299003
0 ONEWEB-0272
1 48990U 21060Z   26283.55639756  .00000073  00000-0  15656-3 0  9992
2 48990  87.9181 205.8878 0002029  67.3189 292.8157 13.16594973254790
0 FENGYUN 1C DEB
1 30549U 99025AKP 26283.55633096  .00001990  00000-0  95403-3 0  9997
2 30549  98.4838  27.5634 0288656 129.4307 233.2793 14.00380593995163
0 STARLINK-34609
1 64768U 25147P   26283.55625986  .00028335  00000-0  84656-3 0  9990
2 64768  53.1601 311.6001 0001359  81.2221 278.8935 15.34400722 71834
0 STARLINK-31339
1 58981U 24031S   26283.55624986 -.00000066  00000-0  91948-5 0  9996
2 58981  53.1621  14.1617 0001297  86.9769 273.1382 15.34397447149473
0 STARLINK-34763
1 65206U 25176J   26283.55624133  .00022451  00000-0  67355-3 0  9993
2 65206  53.1602 230.0002 0001541  94.9936 265.1242 15.34403504 66076
0 FENGYUN 1C DEB
1 31385U 99025BSR 26283.55620815  .00000468  00000-0  13673-3 0  9999
2 31385  98.9615  34.5534 0132342 236.8619 135.2743 14.44340726 29724
0 STARLINK-32355
1 61634U 24191P   26283.55620380  .00000853  00000-0  40511-4 0  9998
2 61634  43.0047  24.8435 0001552 273.8779  86.1895 15.27581961110354
0 KUIPER-00285
1 68589U 26072S   26283.55619688  .00002199  00000-0  31731-3 0  9991
2 68589  51.9077  23.0871 0000693 115.5742 244.5293 14.79933874 28511
0 STARLINK-2151
1 48556U 21041D   26283.55618561 -.00000200  00000-0  53074-5 0  9991
2 48556  53.1596 222.4579 0000793 107.3658 252.7431 15.31708342297971
0 FENGYUN 1C DEB
1 31622U 99025CAC 26283.55615199  .00004133  00000-0  13206-2 0  9996
2 31622  98.8215  31.5755 0016788 167.9000 320.7048 14.40140233  1061
0 STARLINK-35972
1 66638U 25271X   26283.55611646  .00024020  00000-0  71979-3 0  9995
2 66638  53.1605 219.7758 0002156  85.7562 274.3687 15.34398147 50497
0 FENGYUN 1C DEB
1 30218U 99025WB  26283.55602321  .00003758  00000-0  13874-2 0  9992
2 30218  98.9876  27.8152 0067805  99.3098 274.6612 14.31795310 14223
0 STARLINK-5697
1 55589U 23020W   26283.55595871 -.00000093  00000-0  61304-5 0  9997
2 55589  43.0005 231.7608 0000540 246.5279 113.5516 15.27574207201776
0 STARLINK-3845
1 52541U 22051J   26283.55587560  .00000329  00000-0  20347-4 0  9993
2 52541  53.1579 232.1489 0001216  90.7753 269.3389 15.35400507244043
0 QIANFAN-54
1 62255U 24232U   26283.55584227  .00000117  00000-0  16329-3 0  9995
2 62255  89.0168  10.6113 0004104  95.2692 264.8928 13.51033467140162
0 ONEWEB-0438
1 51634U 22012N   26283.55581385  .00000634  00000-0  17812-2 0  9991
2 51634  87.8914  13.3252 0002005 104.8843 255.2506 13.10373140224454
0 FENGYUN 3E
1 49008U 21062A   26283.55571714  .00000238  00000-0  13270-3 0  9997
2 49008  98.7553 285.7102 0002626 103.3173 256.8296 14.19913697272952
0 YAOGAN 20C
1 40111U 14047C   26283.55571670  .00000034  00000-0  12923-3 0  9997
2 40111  63.3748  82.1998 0400049  15.7639 345.5427 13.45458605597816
0 STARLINK-34150
1 63998U 25101E   26283.55561593  .00021398  00000-0  78432-3 0  9994
2 63998  43.0048 224.7366 0002080 270.4049  89.6564 15.27602099 79917
0 STARLINK-33837
1 63501U 25071J   26283.55561551  .00012778  00000-0  42262-3 0  9998
2 63501  53.1614 220.7018 0001733  94.4999 265.6200 15.31715442 85620
0 STARLINK-31408
1 59240U 24049K   26283.55546717 -.00000031  00000-0  83989-5 0  9997
2 59240  43.0034  10.3787 0001037 265.1993  94.8740 15.27579965145264
0 STARLINK-32756
1 62752U 25014T   26283.55539962  .00024124  00000-0  88263-3 0  9992
2 62752  43.0022  21.3411 0001442 273.3502  86.7185 15.27605416 96119
0 STARLINK-11104
1 59763U 24091L   26283.55523452  .00000146  00000-0  60681-5 0  9995
2 59763  53.1596 226.8129 0001254  87.5257 272.5904 15.69709627139269
0 STARLINK-37424
1 69192U 26114L   26283.55521606  .00022633  00000-0  67877-3 0  9996
2 69192  53.1594  20.0733 0000685  20.8826 339.2205 15.34408793 22525
0 STARLINK-38332
1 A0444U 26193M   26283.55516465  .00018932  00000-0  64412-3 0  9994
2 A0444  70.0027  21.1599 0003626 270.9937  89.0823 15.30437980  8335
0 STARLINK-36826
1 67885U 26035G   26283.55500102  .00033869  00000-0  10455-2 0  9995
2 67885  97.2861 215.0809 0002826  84.0583 276.0982 15.33479883 36914
0 STARLINK-11744
1 64380U 25127L   26283.55499195  .00198463  00000-0  15070-2 0  9992
2 64380  43.0015 229.5264 0002310 288.3853  71.6763 15.70942552 77294
0 QIANFAN-99
1 66041U 25233J   26283.55492894  .00000105  00000-0  14478-3 0  9992
2 66041  89.0092  31.5511 0001920 118.2464 241.8881 13.51021808 48767
0 STARLINK-33622
1 63066U 25035Q   26283.55490601  .00023477  00000-0  85927-3 0  9994
2 63066  43.0057  13.3656 0002164 279.9635  80.0972 15.27604726 92591
0 STARLINK-5291
1 55273U 23010E   26283.55485574  .00004621  00000-0  31041-3 0  9997
2 55273  69.9985 221.7958 0002954 271.4214  88.6611 15.07488881204999
0 ONEWEB-0600
1 54664U 22166Y   26283.55478660  .00000040  00000-0  64588-4 0  9993
2 54664  87.9320 221.0247 0001942  68.1326 292.0014 13.21824096186757
0 STARLINK-32162
1 60597U 24150Q   26283.55472466  .00002456  00000-0  83820-4 0  9991
2 60597  53.1623  27.9115 0001367  86.9090 273.2070 15.34397784120952
0 STARLINK-33879
1 63634U 25083A   26283.55471486  .00028717  00000-0  10480-2 0  9991
2 63634  43.0004 232.1095 0004823 262.6586  97.3718 15.27604824 82924
0 STARLINK-5743
1 55597U 23020AE  26283.55468901  .00000191  00000-0  16490-4 0  9992
2 55597  43.0050 220.5094 0001725 277.5274  82.5381 15.27577579201900
0 STARLINK-3955
1 52561U 22051AE  26283.55463712  .00001099  00000-0  43675-4 0  9991
2 52561  53.1578 231.6726 0000896 101.4638 258.6465 15.34389501244053
0 STARLINK-32194
1 60315U 24133Q   26283.55463676 -.00000477  00000-0 -29647-5 0  9994
2 60315  53.1614  15.7382 0001409  98.9123 261.2039 15.34402075124583
0 STARLINK-4001
1 52628U 22052AG  26283.55455805  .00000059  00000-0  12605-4 0  9994
2 52628  53.1606  22.3608 0001181  83.7345 276.3793 15.35402430243450
0 STARLINK-4779
1 53864U 22114AY  26283.55451462  .00001787  00000-0  69321-4 0  9997
2 53864  53.1625  25.1401 0001112  84.3397 275.7731 15.31703023225749
0 STARLINK-36645
1 67707U 26025Q   26283.55447140  .00026188  00000-0  81057-3 0  9992
2 67707  97.2871  33.2368 0000888 144.6588 215.4714 15.33450218 38948
0 YAOGAN-30 R
1 45460U 20021A   26283.55423521  .00001782  00000-0  13131-3 0  9992
2 45460  34.9945 227.4766 0004523 312.4360  47.5965 15.03168699357922
0 STARLINK-31330
1 58951U 24027W   26283.55419781 -.00000803  00000-0 -12641-4 0  9995
2 58951  53.1621  23.9129 0001079  88.8694 271.2432 15.34393003150338
0 STARLINK-5739
1 55571U 23020C   26283.55417914  .00000183  00000-0  16163-4 0  9990
2 55571  43.0011 235.1629 0001108 263.6442  96.4284 15.27576523201738
0 STARLINK-32889
1 62961U 25029P   26283.55416361  .00027939  00000-0  83493-3 0  9994
2 62961  53.1596 311.6465 0001244  88.5217 271.5928 15.34401029 94256
0 STARLINK-34677
1 65031U 25161S   26283.55416229  .00038784  00000-0  11524-2 0  9990
2 65031  53.1597  14.2593 0001474  94.6874 265.4297 15.34417540 67153
0 STARLINK-30798
1 58196U 23167X   26283.55414534 -.00000224  00000-0  14018-5 0  9998
2 58196  43.0052  10.1431 0001302 260.6582  99.4123 15.27584541163842
0 FENGYUN 1C DEB
1 31813U 99025CHB 26283.55413097  .00002011  00000-0  46635-3 0  9997
2 31813  99.4332  43.8544 0134958 159.2622 201.4119 14.50951168 16255
0 STARLINK-34976
1 65209U 25176M   26283.55412757  .00014112  00000-0  42794-3 0  9998
2 65209  53.1595 229.9867 0001829  77.7607 282.3601 15.34405700 66080
0 STARLINK-32805
1 62740U 25014F   26283.55411551  .00022336  00000-0  81816-3 0  9992
2 62740  43.0019  21.3374 0001273 268.8829  91.1877 15.27603838 96117
0 ONEWEB-0473
1 51653U 22012AH  26283.55411030  .00000644  00000-0  18079-2 0  9998
2 51653  87.8910  13.3185 0001727 102.4339 257.6982 13.10376360224417
0 STARLINK-35950
1 66622U 25271F   26283.55400896  .00037423  00000-0  11131-2 0  9995
2 66622  53.1598 219.7668 0001171  88.8790 271.2346 15.34402539 50493
0 STARLINK-11643
1 63192U 25048K   26283.55395080  .00157169  00000-0  12037-2 0  9990
2 63192  42.9991 104.7716 0001865 282.9804  77.0855 15.70870904 92314
0 STARLINK-31666
1 59572U 24076J   26283.55392384  .00000616  00000-0  31899-4 0  9994
2 59572  43.0010 228.5865 0000780 266.1837  93.8925 15.27577166139446
0 QIANFAN-155
1 69114U 26108L   26283.55378180  .00000122  00000-0  17006-3 0  9998
2 69114  89.0204  10.5220 0002222  99.1383 261.0019 13.51027999 20026
0 STARLINK-3189
1 51464U 22010J   26283.55370606  .00000418  00000-0  23521-4 0  9998
2 51464  53.1623  22.3349 0001252  82.9770 277.1375 15.34392678259925
0 QIANFAN-137
1 69083U 26104L   26283.55368697  .00000076  00000-0  99208-4 0  9994
2 69083  88.9879 329.5942 0002098  95.3110 264.8281 13.51024274 20797
0 KUIPER-00294
1 68594U 26072X   26283.55348610  .00003132  00000-0  43963-3 0  9999
2 68594  51.9008  25.4946 0000288 107.8036 252.2958 14.79939100 28488
0 STARLINK-33730
1 63439U 25069G   26283.55347859  .00029927  00000-0  89312-3 0  9999
2 63439  53.1609 215.7663 0000975  63.4134 296.6968 15.34407605 86424
0 STARLINK-5712
1 55615U 23020AY  26283.55340402 -.00000003  00000-0  94148-5 0  9998
2 55615  43.0046 220.4800 0000711 193.4030 166.6803 15.27579030201907
0 STARLINK-38145
1 A0528U 26197AC  26283.55335739  .00141500  00000-0  12385-2 0  9993
2 A0528  69.9996  65.3916 0003497 273.8441  86.2354 15.68301780  7135
0 ONEWEB-0022
1 45135U 20008E   26283.55326209  .00000651  00000-0  18258-2 0  9999
2 45135  87.8936  13.3673 0001603 109.0778 251.0523 13.10494827323461
0 ONEWEB-0278
1 48996U 21060AF  26283.55322951  .00000077  00000-0  16877-3 0  9994
2 48996  87.9185 205.8837 0001797  80.8618 279.2716 13.16595032254879
0 FENGYUN 1C DEB
1 30289U 99025ZA  26283.55311578  .00003342  00000-0  13442-2 0  9991
2 30289  98.9304  31.2952 0038099 176.6861 196.4762 14.28399991 13793
0 ONEWEB-0574
1 56063U 23043T   26283.55311062  .00000023  00000-0  24008-4 0  9999
2 56063  87.9316 221.0266 0002085  73.0895 287.0467 13.21824608173518
0 STARLINK-36666
1 69193U 26114M   26283.55310813  .00030831  00000-0  91887-3 0  9990
2 69193  53.1598  20.0635 0005859  99.9318 260.2347 15.34422439 22525
0 STARLINK-2757
1 48604U 21041BD  26283.55307449  .00001210  00000-0  50734-4 0  9995
2 48604  53.1604 228.9478 0001409 103.7812 256.3347 15.31705606299148
0 STARLINK-3739
1 52266U 22041F   26283.55307189  .00015459  00000-0  89398-3 0  9993
2 52266  53.2119 222.8143 0001193  76.9170 283.1957 15.12456244246821
0 STARLINK-31423
1 59242U 24049M   26283.55289889 -.00000406  00000-0 -52359-5 0  9997
2 59242  43.0040  10.3566 0001015 269.1972  90.8763 15.27583413145269
0 KUIPER-00029
1 63742U 25088U   26283.55283048  .00000654  00000-0  11484-3 0  9997
2 63742  51.9032 221.6199 0001131  54.3782 305.7286 14.79932780 79422
0 STARLINK-32780
1 62746U 25014M   26283.55282957  .00019568  00000-0  71828-3 0  9999
2 62746  43.0017  21.3227 0000941 272.2402  87.8342 15.27599601 96116
0 STARLINK-11383
1 61883U 24204K   26283.55279493 -.00001511  00000-0 -76146-5 0  9992
2 61883  53.1588  16.8920 0001146  84.1353 275.9795 15.69709857110665
0 QIANFAN-171
1 69388U 26124G   26283.55275316  .00000121  00000-0  16888-3 0  9992
2 69388  89.0074 349.9939 0002098 101.3108 258.8279 13.51032809 17633
0 FENGYUN 1C DEB
1 31887U 99025CKN 26283.55268953  .00005307  00000-0  10815-2 0  9998
2 31887  99.5238  24.5641 0022655 179.1972 180.9265 14.61346329 10060
0 STARLINK-35183
1 65646U 25210AA  26283.55262481  .00021976  00000-0  65974-3 0  9990
2 65646  53.1611  27.9229 0000661  57.9464 302.1603 15.34394865 60644
0 STARLINK-31358
1 58977U 24031N   26283.55260010  .00002835  00000-0  94994-4 0  9993
2 58977  53.1614  16.2569 0001454  94.2153 265.9015 15.34406297149446
0 STARLINK-33784
1 63453U 25069W   26283.55251778  .00029939  00000-0  89386-3 0  9993
2 63453  53.1600 222.1575 0001721  74.6267 285.4926 15.34393307 86339
0 QIANFAN-123
1 68650U 26075Q   26283.55251692  .00000050  00000-0  59464-4 0  9998
2 68650  88.9824 309.1921 0001491  87.1352 272.9969 13.51021573 25360
0 FENGYUN 1C DEB
1 31026U 99025BDU 26283.55247157  .00000144  00000-0  15502-3 0  9999
2 31026  98.7921 204.4676 0135456  86.3717  87.1503 13.83516261721993
0 STARLINK-11624
1 63105U 25039B   26283.55247122  .00212174  00000-0  16041-2 0  9994
2 63105  43.0005  22.0950 0002009 232.3244 127.7442 15.71003387 93406
0 QIANFAN-12
1 60390U 24140M   26283.55244229  .00000033  00000-0  32395-4 0  9995
2 60390  88.9656 267.9176 0015039  58.3394 301.9222 13.51024402107997
0 STARLINK-38318
1 A0443U 26193L   26283.55243525  .00018491  00000-0  62943-3 0  9994
2 A0443  70.0022  21.1544 0002731 261.4989  98.5877 15.30432560  8813
0 ONEWEB-0448
1 51641U 22012V   26283.55243031  .00000708  00000-0  19917-2 0  9992
2 51641  87.8914  13.3242 0001829 102.3613 257.7719 13.10372931224407
0 STARLINK-5566
1 56133U 23046AT  26283.55233003 -.00000269  00000-0 -26337-6 0  9991
2 56133  43.0042  13.2953 0001219 269.4028  90.6684 15.27577042195064
0 STARLINK-36257
1 67903U 26035AA  26283.55228324  .00023965  00000-0  74199-3 0  9991
2 67903  97.2861 215.0868 0002992  86.3239 273.8346 15.33454634 36913
0 STARLINK-1047
1 44752U 19074AR  26283.55220018  .00044681  00000-0  11065-2 0  9995
2 44752  53.0671 217.7969 0004075 114.3371 245.8059 15.39994941382351
0 STARLINK-3982
1 52614U 22052S   26283.55214193  .00078529  00000-0  93240-3 0  9992
2 52614  53.2050 276.1029 0001865  20.6549 339.4540 15.60518319244960
0 IRIDIUM 167
1 43931U 19002K   26283.55211589 -.00000025  00000-0 -15942-4 0  9993
2 43931  86.3933 305.3864 0001941  95.5057 264.6360 14.34217545405494
0 STARLINK-5754
1 55579U 23020L   26283.55209840 -.00000658  00000-0 -14409-4 0  9995
2 55579  43.0012 231.7328 0000724 270.2437  89.8332 15.27578726201777
0 STARLINK-32727
1 62828U 25018Y   26283.55208554  .00043635  00000-0  12924-2 0  9998
2 62828  53.1613  23.8580 0000721 117.9262 242.1814 15.34466476 97128
0 STARLINK-34776
1 65037U 25161Y   26283.55205604  .00025689  00000-0  76821-3 0  9991
2 65037  53.1601  14.2429 0000484  81.3112 278.7945 15.34425397 67157
0 STARLINK-34302
1 65216U 25176U   26283.55202665  .00022058  00000-0  66159-3 0  9990
2 65216  53.1603 229.9759 0001620  85.6122 274.5066 15.34421888 66080
0 STARLINK-35970
1 66618U 25271B   26283.55189798  .00029872  00000-0  89072-3 0  9994
2 66618  53.1580 219.7437 0000827 272.0301  88.0607 15.34435657 50496
0 STARLINK-32298
1 61525U 24183S   26283.55189003 -.00000038  00000-0  10540-4 0  9995
2 61525  53.1613 222.6652 0001513  95.1036 265.0138 15.31697803112573
0 KUIPER-00537
1 69607U 26140R   26283.55183848  .00000450  00000-0  88063-4 0  9992
2 69607  51.9008 230.4479 0001549  52.6693 307.4410 14.79938396 18571
0 STARLINK-36687
1 67711U 26025U   26283.55174916  .00017887  00000-0  55484-3 0  9996
2 67711  97.2877  33.2442 0001642 116.1316 244.0096 15.33456775 38950
0 ONEWEB-0538
1 56047U 23043B   26283.55164464  .00000020  00000-0  17760-4 0  9997
2 56047  87.9185 205.8834 0001639  79.8611 280.2704 13.16595458174151
0 ONEWEB-0458
1 51648U 22012AC  26283.55159765  .00000711  00000-0  20013-2 0  9992
2 51648  87.8919  13.3028 0001942  96.3358 263.7990 13.10373989224418
0 STARLINK-30824
1 58176U 23167B   26283.55158122 -.00000010  00000-0  91583-5 0  9999
2 58176  43.0052  10.1386 0001592 283.9667  76.1007 15.27577862163843
0 STARLINK-11584
1 63106U 25039C   26283.55155990  .00231266  00000-0  17585-2 0  9993
2 63106  43.0002  22.0890 0001508 257.1271 102.9428 15.70807474 93402
0 ONEWEB-0689
1 61597U 24188D   26283.55148238 -.00000482  00000-0 -13948-2 0  9991
2 61597  87.8969 358.1375 0001940 110.5258 249.6078 13.11416367 99574
0 FENGYUN 1C DEB
1 31205U 99025BKK 26283.55144812  .00000109  00000-0  59978-4 0  9999
2 31205  99.2404  36.8061 0162427  56.0538 305.5960 14.24126690 15070
0 STARLINK-35450
1 65868U 25223Q   26283.55143912  .00021360  00000-0  64110-3 0  9995
2 65868  53.1611  11.7910 0000381  92.9857 267.1189 15.34419929 57163
0 STARLINK-35920
1 66623U 25271G   26283.55143079  .00035226  00000-0  10484-2 0  9992
2 66623  53.1607 216.2026 0001592  96.5593 263.5590 15.34412025 50541
0 ONEWEB-0545
1 54647U 22166F   26283.55142761  .00000019  00000-0  14912-4 0  9996
2 54647  87.9311 221.0273 0002567  73.7683 286.3733 13.21824622186747
0 KUIPER-00265
1 67159U 25301AC  26283.55114962  .00001761  00000-0  25999-3 0  9995
2 67159  51.9021 215.5444 0000808  86.4955 273.6099 14.79933476 45307
0 STARLINK-2255
1 48597U 21041AW  26283.55112697  .00000381  00000-0  24051-4 0  9996
2 48597  53.1604 219.5528 0001356  83.6247 276.4909 15.31710549299284
0 STARLINK-38290
1 A0433U 26193A   26283.55107694  .00018492  00000-0  62963-3 0  9992
2 A0433  70.0056  21.1527 0003553 268.1484  91.9285 15.30420928  8766
0 STARLINK-5564
1 56134U 23046AU  26283.55104352 -.00000274  00000-0 -42827-6 0  9994
2 56134  43.0032  13.2851 0001155 271.5615  88.5104 15.27575509195054
0 STARLINK-37355
1 69194U 26114N   26283.55100519  .00033418  00000-0  99486-3 0  9998
2 69194  53.1598  20.0442 0002787  92.0173 268.1149 15.34427471 22520
0 STARLINK-33833
1 63498U 25071F   26283.55094920  .00027502  00000-0  89414-3 0  9995
2 63498  53.1591 220.6741 0001337  98.1453 261.9700 15.31720837 85681
0 QIANFAN-98
1 66040U 25233H   26283.55087445  .00000099  00000-0  13504-3 0  9994
2 66040  89.0081  31.2652 0002109 116.9354 243.2013 13.51032305 48903
0 KUIPER-00289
1 68591U 26072U   26283.55079401  .00003221  00000-0  45132-3 0  9994
2 68591  51.8997  28.0036 0000399 131.7095 228.3902 14.79937482 28444
0 ONEWEB-0416
1 51625U 22012D   26283.55073745  .00000708  00000-0  19910-2 0  9990
2 51625  87.8914  13.3279 0001815 115.0053 245.1263 13.10373128224430
0 FENGYUN 1C DEB
1 31010U 99025BDC 26283.55039496  .00005044  00000-0  18611-2 0  9994
2 31010 101.7176 178.2206 0105082 287.4734  71.4974 14.30137803999387
0 STARLINK-11106
1 59765U 24091N   26283.55032963 -.00000573  00000-0  12843-6 0  9992
2 59765  53.1595 226.7812 0000865 103.9991 256.1124 15.69706539139264
0 STARLINK-30785
1 58191U 23167S   26283.55029150 -.00000432  00000-0 -61877-5 0  9996
2 58191  43.0037  10.1141 0000989 272.5280  87.5459 15.27578011163840
0 STARLINK-36708
1 67713U 26025W   26283.55027405  .00033160  00000-0  10245-2 0  9995
2 67713  97.2873  32.3316 0001163  96.6471 263.4904 15.33457777 38888
0 ONEWEB-0013
1 45131U 20008A   26283.55012047 -.00000596  00000-0 -17673-2 0  9997
2 45131  87.8597  29.5529 0002485  84.2844 275.8566 13.09461250321164
0 STARLINK-11644
1 63672U 25085J   26283.55008716  .00161117  00000-0  12292-2 0  9992
2 63672  43.0002  63.3202 0001481 251.1420 108.9287 15.70951446 84032
0 STARLINK-30509
1 57977U 23151P   26283.55007598  .00000921  00000-0  42985-4 0  9991
2 57977  43.0041 217.2592 0001892 257.7425 102.3215 15.27580658168454
0 ONEWEB-0276
1 48994U 21060AD  26283.55007489  .00000157  00000-0  37756-3 0  9996
2 48994  87.9180 205.8850 0001916  69.1849 290.9487 13.16595852254758
0 STARLINK-32210
1 60594U 24150M   26283.55004153  .00002113  00000-0  73620-4 0  9999
2 60594  53.1611  24.3238 0001032  75.2563 284.8554 15.34409622121005
0 STARLINK-30266
1 57529U 23115J   26283.54996972 -.00000078  00000-0  66791-5 0  9992
2 57529  43.0017 227.9891 0000898 269.0742  91.0007 15.27576775175213
0 STARLINK-31384
1 58983U 24031U   26283.54993559  .00000176  00000-0  16335-4 0  9999
2 58983  53.1615  14.1238 0001371  97.9681 262.1478 15.34405305149472
0 STARLINK-30612
1 58106U 23161K   26283.54990575 -.00007858  00000-0 -22159-3 0  9990
2 58106  53.1598 229.9147 0001265  83.5079 276.6068 15.34412893167552
0 STARLINK-35902
1 66626U 25271K   26283.54980360  .00019174  00000-0  57709-3 0  9992
2 66626  53.1620 219.7405 0001683  84.0503 276.0691 15.34403544 50493
0 STARLINK-4781
1 53861U 22114AV  26283.54975818  .00000082  00000-0  14395-4 0  9997
2 53861  53.1618  24.4238 0000950  73.4469 286.6636 15.31698228225752
0 ONEWEB-0610
1 54673U 22166AH  26283.54973621  .00000028  00000-0  35694-4 0  9991
2 54673  87.9314 221.0271 0002471  68.5120 291.6277 13.21824963186693
0 QIANFAN-154
1 69113U 26108K   26283.54973268  .00000124  00000-0  17327-3 0  9992
2 69113  89.0207  10.5584 0002170 102.2578 257.8817 13.51031260 20019
0 STARLINK-38297
1 A0442U 26193K   26283.54971174  .00030983  00000-0  10499-2 0  9998
2 A0442  70.0036  21.1420 0003547 269.5545  90.5224 15.30431171  8818
0 STARLINK-11732
1 64370U 25127A   26283.54967914  .00294863  00000-0  22050-2 0  9996
2 64370  43.0014 229.4873 0003453 283.3223  76.7259 15.71008804 77292
0 KUIPER-00520
1 69601U 26140K   26283.54963620  .00001939  00000-0  30538-3 0  9995
2 69601  51.9006 227.9807 0001000 349.7825  10.3116 14.76632333 18604
0 STARLINK-30516
1 57984U 23151W   26283.54957887  .00000202  00000-0  16855-4 0  9992
2 57984  43.0053 220.6580 0001633 258.4778 101.5891 15.27579664168414
0 STARLINK-36866
1 67895U 26035S   26283.54955213  .00034289  00000-0  10590-2 0  9999
2 67895  97.2852 215.0911 0000262 198.5580 161.5654 15.33465460 36919
0 STARLINK-5762
1 55590U 23020X   26283.54954358  .00000051  00000-0  11378-4 0  9995
2 55590  42.9920 231.7238 0000693  84.1378 275.9552 15.27577864201771
0 QIANFAN-135
1 69081U 26104J   26283.54949551  .00000076  00000-0  98672-4 0  9999
2 69081  88.9868 329.7126 0002595  99.2269 260.9176 13.51024673 20725
0 STARLINK-3956
1 52560U 22051AD  26283.54944605  .00002404  00000-0  79842-4 0  9990
2 52560  53.1613 224.1718 0001491  92.0513 268.0661 15.35388995244150
0 STARLINK-35475
1 65865U 25223M   26283.54933661  .00039303  00000-0  11667-2 0  9993
2 65865  53.1607  11.7759 0000477  29.9987 330.1043 15.34441913 57164
0 STARLINK-34155
1 64019U 25101AB  26283.54919421  .00020060  00000-0  73627-3 0  9991
2 64019  43.0014 224.6770 0000847 274.2112  85.8643 15.27590387 79917
0 KUIPER-00593
1 69278U 26118M   26283.54915347  .00002478  00000-0  35386-3 0  9998
2 69278  51.8984 233.0398 0000265 352.5824   7.5134 14.79936471 21542
0 YAOGAN 17B
1 39240U 13046B   26283.54914587 -.00000076  00000-0  14539-4 0  9996
2 39240  63.3854 153.2763 0436703  11.9848 349.1176 13.45483279643853
0 ONEWEB-0444
1 51638U 22012S   26283.54903771  .00002229  00000-0  63476-2 0  9990
2 51638  87.8920  13.3169 0001827  95.3095 264.8241 13.10366667224443
0 STARLINK-31712
1 59491U 24071H   26283.54887624  .00000852  00000-0  40481-4 0  9993
2 59491  43.0030 217.7425 0001197 271.4150  88.6565 15.27577997140930
0 STARLINK-1913
1 47179U 20088BK  26283.54879645  .00052871  00000-0  10882-2 0  9999
2 47179  53.1552  19.6638 0002396   6.4876 353.6162 15.45451627324796
0 STARLINK-3818
1 52340U 22045K   26283.54878872  .00001563  00000-0  57402-4 0  9994
2 52340  53.1596 295.6678 0001387  73.9930 286.1226 15.34395549248467
0 STARLINK-3817
1 52367U 22045AN  26283.54866683 -.00000448  00000-0 -22848-5 0  9990
2 52367  53.1592 292.0602 0001433  71.7420 288.3738 15.33551759248527
0 STARLINK-11639
1 63189U 25048G   26283.54864201  .00285291  00000-0  21530-2 0  9997
2 63189  42.9981 104.7305 0001500 279.9676  80.1023 15.70821530 92315
0 GLOBALSTAR M100
1 A0332U 26185H   26283.54860526  .00000298  00000-0  94190-4 0  9993
2 A0332  51.9977 359.2888 0009394  47.0907 313.0836 14.63472235  8125
0 QIANFAN-172
1 69389U 26124H   26283.54854893  .00000117  00000-0  16257-3 0  9990
2 69389  89.0057 349.9806 0002345 114.0508 246.0889 13.51033326 17639
0 QIANFAN-117
1 68644U 26075J   26283.54851142  .00000046  00000-0  52726-4 0  9995
2 68644  88.9824 309.2110 0001786  90.5232 269.6124 13.51024258 25387
0 ONEWEB-0268
1 48986U 21060V   26283.54848225  .00000172  00000-0  41575-3 0  9998
2 48986  87.9180 205.8905 0001930  72.3865 287.7477 13.16595741255032
0 KUIPER-00008
1 63724U 25088A   26283.54843085  .00000330  00000-0  72329-4 0  9996
2 63724  51.9016 217.9021 0000898  69.6922 290.4137 14.79933835 79865
0 STARLINK-2237
1 48583U 21041AG  26283.54841649 -.00000204  00000-0  51932-5 0  9990
2 48583  53.1587 229.0345 0001200 109.7586 250.3545 15.31703572297874
0 QIANFAN-14
1 60392U 24140P   26283.54836866  .00000024  00000-0  18785-4 0  9997
2 60392  88.9647 267.8883 0018583  59.8468 300.4521 13.51026331108022
0 STARLINK-32198
1 60321U 24133W   26283.54832041  .00000404  00000-0  23099-4 0  9998
2 60321  53.1601  15.6969 0001303  96.2317 263.8834 15.34404059124670
0 STARLINK-33836
1 63642U 25083J   26283.54830679  .00025643  00000-0  93741-3 0  9999
2 63642  43.0007 232.0632 0001167 272.5134  87.5585 15.27605599 82922
0 ONEWEB-0585
1 54652U 22166L   26283.54805541  .00000024  00000-0  27556-4 0  9997
2 54652  87.9323 221.0213 0001755  74.4157 285.7171 13.21824326186764
0 QIANFAN-39
1 62240U 24232D   26283.54793889  .00000401  00000-0  16296-3 0  9993
2 62240  89.0143   2.9809 0017100 162.6317 197.5465 14.25575066144382
0 ONEWEB-0050
1 45453U 20020AF  26283.54793120  .00002089  00000-0  21090-3 0  9991
2 45453  88.9372 217.5592 0000917 316.9535  43.1623 14.90699837357561
0 STARLINK-34778
1 65021U 25161G   26283.54784855  .00023950  00000-0  71724-3 0  9999
2 65021  53.1639  14.2277 0000482  36.5389 323.5647 15.34419767 68241
0 STARLINK-34897
1 65212U 25176Q   26283.54781999  .00027551  00000-0  82354-3 0  9995
2 65212  53.1582 229.9515 0001817  93.7110 266.4101 15.34400205 66087
0 STARLINK-35951
1 66619U 25271C   26283.54769833  .00017770  00000-0  53583-3 0  9990
2 66619  53.1606 219.7259 0001519  77.2482 282.8690 15.34398361 50498
0 ONEWEB-0264
1 48982U 21060R   26283.54769746  .00000096  00000-0  21645-3 0  9995
2 48982  87.9170 205.8880 0001814  68.4892 291.6432 13.16594897254772
0 QIANFAN-47
1 62248U 24232M   26283.54762381  .00000127  00000-0  17857-3 0  9993
2 62248  89.0171  10.9476 0015957  52.4476 307.8122 13.51033030139995
0 STARLINK-31670
1 59490U 24071G   26283.54759535 -.00000793  00000-0 -19308-4 0  9991
2 59490  43.0049 217.7564 0001240 269.2204  90.8505 15.27571087140930
0 ONEWEB-0446
1 51640U 22012U   26283.54732968  .00000620  00000-0  17396-2 0  9994
2 51640  87.8914  13.3293 0001904 112.3153 247.8177 13.10374275224430
0 STARLINK-3965
1 52550U 22051T   26283.54722749  .00000950  00000-0  39244-4 0  9998
2 52550  53.1592 227.6552 0001269 100.7958 259.3188 15.34392250244113
0 STARLINK-35918
1 66643U 25271AC  26283.54722177  .00025954  00000-0  77668-3 0  9990
2 66643  53.1615 216.1677 0001748  85.4569 274.6633 15.34397847 50541
0 STARLINK-32047
1 61516U 24183H   26283.54721624  .00000013  00000-0  12175-4 0  9993
2 61516  53.1598 222.6388 0001139  92.6230 267.4902 15.31706094112571
0 FENGYUN 1C DEB
1 29780U 99025BW  26283.54711424  .00002823  00000-0  12651-2 0  9992
2 29780  99.2838 225.1485 0042559 355.0159   5.0588 14.22907673 13659
0 STARLINK-33852
1 63644U 25083L   26283.54701744  .00022089  00000-0  80924-3 0  9991
2 63644  42.9997 232.0529 0002275 277.6713  82.3881 15.27602913 82957
0 STARLINK-3998
1 52610U 22052N   26283.54693524 -.00001206  00000-0 -23651-4 0  9996
2 52610  53.1628  22.4298 0001139 106.9747 253.1381 15.35411129243448
0 STARLINK-4722
1 53775U 22111C   26283.54692165 -.00000782  00000-0 -13447-4 0  9995
2 53775  53.1598  13.3115 0001031  69.8188 290.2924 15.31712155226356
0 ONEWEB-0270
1 48988U 21060X   26283.54690258  .00000117  00000-0  27276-3 0  9992
2 48988  87.9172 205.8886 0001450  71.6057 288.5232 13.16595140254844
0 STARLINK-5041
1 53891U 22119F   26283.54687733  .00571390  17438-3  67649-3 0  9991
2 53891  53.2110  17.4583 0003515  31.3763 328.7482 16.07958790224997
0 STARLINK-37166
1 69195U 26114P   26283.54680023  .00029425  00000-0  87812-3 0  9994
2 69195  53.1599  20.0213 0002430  85.8515 274.2765 15.34415958 22522
0 STARLINK-34466
1 66226U 25244W   26283.54676699  .00018915  00000-0  56922-3 0  9993
2 66226  53.1590 307.7681 0000937  70.7845 289.3258 15.34418044 54616
0 STARLINK-33740
1 63451U 25069U   26283.54671128  .00025096  00000-0  75116-3 0  9991
2 63451  53.1602 214.2879 0002081  86.4341 273.6900 15.34409820 86331
0 FENGYUN 1C DEB
1 30001U 99025MA  26283.54663760  .00005431  00000-0  16371-2 0  9990
2 30001  98.9537  17.6988 0035107 277.5724  95.6300 14.42586808 17711
0 STARLINK-33758
1 64004U 25101L   26283.54662396  .00009703  00000-0  36160-3 0  9993
2 64004  43.0018 224.6628 0001053 274.0777  85.9954 15.27584680 79917
0 FENGYUN 1C DEB
1 35207U 99025DPP 26283.54659080  .00005348  00000-0  11055-2 0  9994
2 35207  98.7015  40.4248 0050975  51.9363 308.6418 14.59971552693022
0 ONEWEB-0250
1 48968U 21060B   26283.54655759  .00000029  00000-0  36505-4 0  9995
2 48968  87.9187 203.2730 0001641 107.0487 253.0829 13.25839957255501
0 STARLINK-2253
1 48596U 21041AV  26283.54648648 -.00005187  00000-0 -15555-3 0  9993
2 48596  53.1592 219.6055 0001411  81.0086 279.1075 15.31685926298474
0 STARLINK-32673
1 63000U 25031V   26283.54642588  .00029806  00000-0  10875-2 0  9991
2 63000  43.0026  10.0357 0000526 278.7405  81.3387 15.27604732 93951
0 ONEWEB-0601
1 54665U 22166Z   26283.54638878  .00000013  00000-0 -31634-6 0  9991
2 54665  87.9308 221.0408 0002203  72.2199 287.9175 13.21826444186949
0 STARLINK-36753
1 67694U 26025B   26283.54631381  .00020403  00000-0  63228-3 0  9992
2 67694  97.2831  33.0976 0001436  66.0520 294.0873 15.33461284 38949
0 STARLINK-33829
1 63496U 25071D   26283.54628598  .00017541  00000-0  57559-3 0  9993
2 63496  53.1589 220.6483 0001270  82.3896 277.7249 15.31706199 85623
0 STARLINK-30870
1 58369U 23177U   26283.54626339  .00001201  00000-0  53163-4 0  9996
2 58369  43.0037 217.4897 0001020 276.7314  83.3421 15.27582813161080
0 STARLINK-32192
1 60316U 24133R   26283.54622431 -.00000936  00000-0 -16580-4 0  9991
2 60316  53.1586  15.6835 0001393  89.6816 270.4346 15.34397171124675
0 STARLINK-33799
1 63447U 25069Q   26283.54620072  .00021578  00000-0  64868-3 0  9991
2 63447  53.1583 222.1164 0000988  88.8886 271.2229 15.34362824 86221
0 STARLINK-37032
1 68181U 26050Q   26283.54605255  .00038937  00000-0  11550-2 0  9994
2 68181  53.1609 344.1549 0001651  75.0001 285.1185 15.34468099 33641
0 STARLINK-35135
1 65629U 25210H   26283.54584288  .00039203  00000-0  11646-2 0  9990
2 65629  53.1617  24.3370 0001319  71.7258 288.3888 15.34419852 60694
0 KUIPER-00011
1 63727U 25088D   26283.54575545  .00000518  00000-0  96982-4 0  9991
2 63727  51.9018 220.5693 0000978  66.6196 293.4869 14.79931180 79578
0 STARLINK-30515
1 57983U 23151V   26283.54572686  .00000533  00000-0  28874-4 0  9992
2 57983  43.0054 220.6281 0000761 266.7871  93.2894 15.27580623168405
0 STARLINK-5729
1 55596U 23020AD  26283.54567987  .00000022  00000-0  10298-4 0  9997
2 55596  43.0002 231.6876 0000652 275.9824  84.0953 15.27576600201779
0 STARLINK-31264
1 58845U 24017V   26283.54567985  .00000236  00000-0  18128-4 0  9999
2 58845  53.1639  13.6990 0001516 100.5787 259.5387 15.34400874151707
0 ONEWEB-0474
1 51654U 22012AJ  26283.54563698  .00000637  00000-0  17893-2 0  9991
2 51654  87.8925  13.3169 0001737  96.8157 263.3168 13.10373731224409
0 STARLINK-36439
1 67624U 26020H   26283.54559811  .00024760  00000-0  90549-3 0  9993
2 67624  43.0039   6.3400 0001323 270.6932  89.3768 15.27608392 38978
0 STARLINK-35927
1 66624U 25271H   26283.54559479  .00010216  00000-0  31295-3 0  9993
2 66624  53.1600 219.7116 0001677  79.8281 280.2911 15.34414524 50498
0 FENGYUN 1C DEB
1 30298U 99025ZK  26283.54554975  .00002499  00000-0  11410-2 0  9995
2 30298  99.0016  25.0846 0044276 342.6226  29.8702 14.21974591 11140
0 QIANFAN-131
1 69077U 26104E   26283.54548567  .00000081  00000-0  10684-3 0  9998
2 69077  88.9865 329.6884 0002208 103.2770 256.8627 13.51028126 20734
0 STARLINK-34141
1 64020U 25101AC  26283.54533105  .00018231  00000-0  67009-3 0  9998
2 64020  43.0018 224.6451 0002928 265.0099  95.0418 15.27591961 79915
0 ONEWEB-0553
1 56055U 23043K   26283.54531300  .00000081  00000-0  17715-3 0  9998
2 56055  87.9179 205.8847 0002121  84.1924 275.9448 13.16593581174151
0 LEMUR 2 ROUNDTRIPPER
1 62711U 25009DG  26283.54529886  .00006624  00000-0  46663-3 0  9997
2 62711  97.7187   6.1441 0005031 108.9867 251.1905 15.05342668 94974
0 ORBCOMM FM 6
1 25118U 97084G   26283.54524523  .00001008  00000-0  30911-3 0  9992
2 25118  45.0131 217.2648 0001438 335.7921 193.8170 14.47792272511101
0 STARLINK-4000
1 52605U 22052H   26283.54521564 -.00000296  00000-0  23679-5 0  9992
2 52605  53.1616  21.6849 0001170  78.1647 281.9486 15.34388460243463
0 STARLINK-31405
1 59248U 24049T   26283.54518721  .00000025  00000-0  10423-4 0  9992
2 59248  43.0051  10.3004 0001286 276.0902  83.9804 15.27577486145255
0 STARLINK-35258
1 65861U 25223H   26283.54512582  .00035668  00000-0  10608-2 0  9998
2 65861  53.1595  11.7494 0002257  95.8007 264.3253 15.34426741 57168
0 STARLINK-35967
1 66634U 25271T   26283.54512085  .00028026  00000-0  83766-3 0  9994
2 66634  53.1603 216.1590 0001430  87.2043 272.9124 15.34393677 50494
0 STARLINK-35598
1 66509U 25263AA  26283.54500802  .00022568  00000-0  82642-3 0  9997
2 66509  43.0012 217.6966 0003155 259.9411 100.1085 15.27604557 51755
0 GLOBALSTAR M024
1 25883U 99043A   26283.54478311 -.00000069  00000-0 -13548-3 0  9996
2 25883  52.0047  16.7593 0001755 150.5446 222.2359 11.10168473168215
0 STARLINK-6115
1 56123U 23046AH  26283.54476782 -.00000299  00000-0 -13452-5 0  9998
2 56123  43.0037  14.0953 0001348 266.8872  93.1825 15.27574546195057
0 STARLINK-11634
1 63673U 25085K   26283.54476574  .00174612  00000-0  13285-2 0  9990
2 63673  42.9996  63.2767 0001741 243.8046 116.2643 15.70971444 84037
0 STARLINK-37419
1 69197U 26114R   26283.54469320  .00029481  00000-0  88008-3 0  9991
2 69197  53.1607  20.0010 0001260  96.3680 263.7466 15.34405757 22526
0 ONEWEB-0593
1 54659U 22166T   26283.54469225  .00000029  00000-0  37567-4 0  9997
2 54659  87.9321 221.0261 0001995  70.5593 289.5756 13.21826772186789
0 STARLINK-6209
1 56877U 23083B   26283.54464011  .00000391  00000-0  23758-4 0  9997
2 56877  43.0062 311.4718 0001487 288.5476  71.5214 15.27576314184492
0 STARLINK-3948
1 52546U 22051P   26283.54463907  .00000067  00000-0  13115-4 0  9999
2 52546  53.1582 224.0457 0001287  93.0907 267.0243 15.34390845244161
0 STARLINK-33681
1 63438U 25069F   26283.54459003  .00027364  00000-0  81810-3 0  9990
2 63438  53.1606 214.2814 0001811  90.2906 269.8304 15.34398335 86433
0 STARLINK-31101
1 58737U 24005K   26283.54458147 -.00000037  00000-0  81714-5 0  9997
2 58737  43.0005  86.3004 0001291 259.0761 100.9946 15.27577154153291
0 ONEWEB-0087
1 45451U 20020AD  26283.54456389 -.00000485  00000-0 -14043-2 0  9991
2 45451  87.8965 358.1339 0001819  91.8142 268.3194 13.11414737317703
0 QIANFAN-170
1 69387U 26124F   26283.54449692  .00000107  00000-0  14772-3 0  9994
2 69387  89.0060 349.9792 0001791 107.8884 252.2462 13.51029781 17632
0 STARLINK-11745
1 64376U 25127G   26283.54437615  .00286261  00000-0  21423-2 0  9998
2 64376  43.0013 229.4428 0002448 298.8199  61.2423 15.71019038 77292
0 STARLINK-3969
1 52551U 22051U   26283.54435782  .00000942  00000-0  39959-4 0  9991
2 52551  53.1598 228.2701 0001400  81.6834 278.4327 15.33553495244105
0 STARLINK-36610
1 67637U 26020W   26283.54429736  .00011722  00000-0  43465-3 0  9998
2 67637  43.0021   6.3198 0001066 260.9943  99.0788 15.27593121 38978
0 QIANFAN-114
1 68641U 26075F   26283.54427602  .00000051  00000-0  59767-4 0  9990
2 68641  88.9826 309.2312 0002037  92.7430 267.3955 13.51020179 25378
0 STARLINK-38204
1 A0440U 26193H   26283.54425967  .00029945  00000-0  10141-2 0  9990
2 A0440  70.0027  21.1287 0004665 268.0529  92.0112 15.30455449  8812
0 STARLINK-36890
1 68258U 26054AC  26283.54420034  .00042022  00000-0  12462-2 0  9996
2 68258  53.1601  16.3150 0002347 100.4037 259.7231 15.34443012 31925
0 STARLINK-36817
1 67882U 26035D   26283.54413278  .00039353  00000-0  12139-2 0  9993
2 67882  97.2861 215.0982 0003903  85.7889 274.3800 15.33467722 36916
0 ONEWEB-0052
1 45156U 20008AB  26283.54407372  .00000580  00000-0  16261-2 0  9995
2 45156  87.8930  13.3169 0002160 102.8715 257.2654 13.10373869323048
0 KUIPER-00496
1 69597U 26140F   26283.54403765  .00003201  00000-0  44848-3 0  9991
2 69597  51.9021 214.3185 0001160  89.2627 270.8468 14.79953823 18793
0 STARLINK-3966
1 52552U 22051V   26283.54400848  .00000580  00000-0  30460-4 0  9993
2 52552  53.1597 228.4705 0001455  83.4314 276.6853 15.31706385244104
0 STARLINK-33582
1 62783U 25015AB  26283.54400477  .00141571  00000-0  12991-2 0  9994
2 62783  53.1466  22.4079 0005774 304.1582  55.8887 15.66785712 97615
0 STARLINK-30760
1 58187U 23167N   26283.54386011  .00000868  00000-0  41053-4 0  9996
2 58187  43.0039  10.0663 0001124 276.2094  83.8629 15.27582561163844
0 STARLINK-32419
1 61637U 24191S   26283.54383823 -.00000409  00000-0 -53394-5 0  9991
2 61637  43.0045  21.2827 0001898 275.1104  84.9531 15.27581456110397
0 ONEWEB-0457
1 51647U 22012AB  26283.54378522  .00000555  00000-0  15542-2 0  9991
2 51647  87.8924  13.3219 0001858 116.8263 243.3054 13.10380162224454
0 STARLINK-31930
1 60596U 24150P   26283.54374557 -.00000495  00000-0 -35245-5 0  9993
2 60596  53.1623  24.2843 0001357 107.2780 252.8372 15.34380495120927
0 STARLINK-35689
1 66494U 25263K   26283.54372916  .00023896  00000-0  87432-3 0  9990
2 66494  43.0027 217.6998 0002057 264.0373  96.0244 15.27608030 51753
0 ONEWEB-0258
1 48976U 21060K   26283.54372618  .00000139  00000-0  32922-3 0  9994
2 48976  87.9171 205.8900 0001762  74.2214 285.9111 13.16596233254770
0 IRIDIUM 33 DEB
1 40996U 97051ABJ 26283.54363406  .00081139  00000-0  34407-2 0  9994
2 40996  86.3475 217.3274 0008333  51.8622 308.3372 15.22753025670416
0 STARLINK-31269
1 58844U 24017U   26283.54357827  .00001836  00000-0  65486-4 0  9996
2 58844  53.1635  13.6782 0001903  92.3464 267.7757 15.34390034151709
0 STARLINK-35936
1 66620U 25271D   26283.54348909  .00013707  00000-0  41605-3 0  9997
2 66620  53.1610 219.7003 0001673  73.9592 286.1595 15.34402357 50490
0 STARLINK-5734
1 55612U 23020AV  26283.54327002  .00000113  00000-0  13636-4 0  9998
2 55612  43.0041 221.2557 0000682 277.0109  83.0665 15.27574505201898
0 STARLINK-11505
1 62469U 24254H   26283.54313107  .00165927  00000-0  12644-2 0  9998
2 62469  42.9996   7.7760 0001218 222.7378 137.3395 15.70962700103189
0 STARLINK-3174
1 51468U 22010N   26283.54310775 -.00000825  00000-0 -13280-4 0  9997
2 51468  53.1615  21.6843 0001282  97.3206 262.7942 15.34400126259128
0 KUIPER-00024
1 63738U 25088Q   26283.54306470  .00000663  00000-0  11595-3 0  9999
2 63738  51.9027 223.0887 0001005  64.3134 295.7932 14.79931180 79871
0 ONEWEB-0611
1 54674U 22166AJ  26283.54302453  .00000046  00000-0  80906-4 0  9997
2 54674  87.9321 221.0268 0001887  75.0291 285.1051 13.21825435186682
0 STARLINK-35949
1 66630U 25271P   26283.54301564  .00020671  00000-0  62128-3 0  9995
2 66630  53.1608 216.1442 0001848  83.5669 276.5544 15.34396879 50546
0 STARLINK-31791
1 59637U 24082G   26283.54299538  .00000111  00000-0  13559-4 0  9992
2 59637  43.0040   6.2005 0000890 275.9869  84.0882 15.27579781137675
0 STARLINK-11351
1 61886U 24204N   26283.54298461 -.00001070  00000-0 -39750-5 0  9990
2 61886  53.1560  16.8261 0001044  73.4418 286.6714 15.69708170110663
0 STARLINK-35834
1 66570U 25268P   26283.54292092  .00029251  00000-0  10671-2 0  9997
2 66570  43.0025 214.1315 0000208 257.4106 102.6722 15.27616145 50814
0 LEMUR 2 CAEL
1 58903U 24022E   26283.54277597  .00017709  00000-0  38550-3 0  9990
2 58903  97.3923 136.2690 0008176  48.1867 312.0078 15.44319563150124
0 STARLINK-37703
1 A0418U 26192Q   26283.54268639  .00013476  00000-0  41985-3 0  9998
2 A0418  53.1602 211.8381 0001336  83.0717 277.0437 15.33586674  8999
0 STARLINK-37321
1 69198U 26114S   26283.54258750  .00036712  00000-0  10918-2 0  9994
2 69198  53.1611  19.9871 0001220 109.5822 250.5313 15.34415259 22528
0 STARLINK-30807
1 58192U 23167T   26283.54257868  .00023183  00000-0  84884-3 0  9992
2 58192  43.0023  10.0590 0000746 267.9497  92.1270 15.27598911163846
0 QIANFAN-97
1 66039U 25233G   26283.54255292  .00000092  00000-0  12423-3 0  9990
2 66039  89.0092  31.5475 0001631 104.4170 255.7162 13.51022936 48751
0 STARLINK-32172
1 61518U 24183K   26283.54255053 -.00000008  00000-0  11513-4 0  9993
2 61518  53.1616 222.6104 0001591  80.7050 279.4131 15.31704537112577
0 STARLINK-3937
1 52542U 22051K   26283.54252358  .00001026  00000-0  41508-4 0  9994
2 52542  53.1589 223.9597 0001302  94.7146 265.4006 15.34392902244163
0 STARLINK-33659
1 63445U 25069N   26283.54248329  .00025874  00000-0  77452-3 0  9996
2 63445  53.1605 214.2632 0001501  93.0059 267.1115 15.34390256 86394
0 STARLINK-30891
1 58367U 23177S   26283.54241051  .00000671  00000-0  33907-4 0  9992
2 58367  43.0028 217.4643 0001041 276.0889  83.9844 15.27577253161021
0 STARLINK-37415
1 A0035U 26161H   26283.54233189  .00046252  00000-0  13739-2 0  9994
2 A0035  53.1586 264.3083 0001702  55.9607 304.1557 15.34347111 13689
0 STARLINK-30270
1 57530U 23115K   26283.54225959  .00011709  00000-0  43424-3 0  9992
2 57530  42.9982 227.9423 0001343 276.4606  83.6093 15.27587162175216
0 ONEWEB-0411
1 51623U 22012B   26283.54223337  .00000549  00000-0  15351-2 0  9999
2 51623  87.8919  13.3218 0001410 113.3903 246.7372 13.10375203224391
0 ONEWEB-0257
1 48975U 21060J   26283.54215579  .00000099  00000-0  22597-3 0  9997
2 48975  87.9181 205.8824 0001760  69.4053 290.7267 13.16595224254764
0 STARLINK-4712
1 53798U 22111AB  26283.54215470  .00000645  00000-0  32523-4 0  9992
2 53798  53.1624  12.5626 0000889  89.2159 270.8944 15.31708455226346
0 KUIPER-00009
1 63725U 25088B   26283.54212674  .00005939  00000-0  39706-3 0  9992
2 63725  51.9016 221.2753 0001422  46.4834 313.6259 15.08237478 79816
0 STARLINK-32191
1 60314U 24133P   26283.54210582 -.00001829  00000-0 -43010-4 0  9999
2 60314  53.1606  16.3646 0001209  84.8216 275.2924 15.34394019124573
0 QIANFAN-245
1 A0698U 26210G   26283.54184158  .00000231  00000-0  18260-3 0  9997
2 A0698  89.0053  10.2107 0007475 210.1029 149.9715 13.88079520  3528
0 STARLINK-36502
1 67627U 26020L   26283.54172972  .00021564  00000-0  79024-3 0  9999
2 67627  42.9998   6.3099 0000619 272.9847  87.0934 15.27604551 38977
0 STARLINK-31988
1 60601U 24150U   26283.54162474  .00000786  00000-0  34408-4 0  9993
2 60601  53.1618  24.2732 0001671 109.6092 250.5091 15.34398283120923
0 STARLINK-38193
1 A0439U 26193G   26283.54153486  .00025483  00000-0  86508-3 0  9996
2 A0439  70.0051  21.1190 0003528 268.3261  91.7511 15.30426734  8929
0 STARLINK-34162
1 64018U 25101AA  26283.54147077  .00021144  00000-0  77508-3 0  9996
2 64018  43.0011 224.6161 0003817 263.3454  96.6963 15.27601386 79912
0 STARLINK-31262
1 58847U 24017X   26283.54147071 -.00001003  00000-0 -18568-4 0  9994
2 58847  53.1622  13.6685 0001039  84.8338 275.2783 15.34395046151707
0 STARLINK-35968
1 66636U 25271V   26283.54138370  .00019862  00000-0  59734-3 0  9993
2 66636  53.1603 219.6856 0001522  80.9785 279.1389 15.34404468 50497
0 ONEWEB-0595
1 54661U 22166V   26283.54133110 -.00000001  00000-0 -34709-4 0  9998
2 54661  87.9322 221.0296 0001791  79.6345 280.4991 13.21824167186776
0 QIANFAN-133
1 69079U 26104G   26283.54131578  .00000090  00000-0  12080-3 0  9992
2 69079  88.9870 329.6968 0002384 106.9624 253.1788 13.51023000 20721
0 STARLINK-30819
1 58179U 23167E   26283.54129316  .00000409  00000-0  24366-4 0  9999
2 58179  43.0033  10.0542 0001004 260.8665  99.2073 15.27580292163848
0 STARLINK-11512
1 62517U 25004G   26283.54126118  .00234766  00000-0  17669-2 0  9990
2 62517  43.0004 215.2660 0004213 269.6953  90.3432 15.71035641101002
0 STARLINK-35600
1 66510U 25263AB  26283.54115941  .00018199  00000-0  66889-3 0  9995
2 66510  43.0048 217.6735 0001666 269.6809  90.3852 15.27596468 51757
0 STARLINK-33828
1 63493U 25071A   26283.54094073  .00024644  00000-0  73791-3 0  9993
2 63493  53.1611 216.3635 0001681  87.4526 272.6669 15.34408546 85728
0 STARLINK-35464
1 65881U 25223AD  26283.54091549  .00028904  00000-0  86272-3 0  9991
2 65881  53.1604  11.7213 0003408 100.2731 259.8656 15.34418588 57160
0 STARLINK-6119
1 56125U 23046AK  26283.54089660  .00001072  00000-0  48471-4 0  9991
2 56125  43.0037  14.0716 0001433 273.5321  86.5367 15.27588178195058
0 STARLINK-30822
1 58193U 23167U   26283.54088475  .00028670  00000-0  91595-3 0  9992
2 58193  43.0000   9.1833 0004813   6.0427 354.0484 15.31921729163855
0 ONEWEB-0012
1 44057U 19010A   26283.54055943  .00000082  00000-0  17999-3 0  9995
2 44057  87.9172 205.8903 0002300  69.3124 290.8254 13.16595413366747
0 ONEWEB-0428
1 51629U 22012H   26283.54053215  .00000499  00000-0  13940-2 0  9997
2 51629  87.8918  13.3205 0001763 101.8678 258.2647 13.10377214224391
0 STARLINK-37406
1 69199U 26114T   26283.54047946  .00023943  00000-0  71692-3 0  9997
2 69199  53.1609  19.9914 0001827 104.7352 255.3853 15.34425795 22520
0 QIANFAN-169
1 69386U 26124E   26283.54046809  .00000099  00000-0  13471-3 0  9991
2 69386  89.0042 350.0036 0001865 107.0076 253.1280 13.51027282 17612
0 STARLINK-36627
1 67635U 26020U   26283.54043977  .00021948  00000-0  80397-3 0  9991
2 67635  43.0022   6.2927 0000104 226.2817 133.8026 15.27610972 38979
0 KUIPER-00027
1 63740U 25088S   26283.54036713  .00000133  00000-0  46509-4 0  9998
2 63740  51.9028 225.5376 0000765  92.9431 267.1619 14.79930981 79439
0 GLOBALSTAR M031
1 25946U 99058D   26283.54034030 -.00000008  00000-0  83333-3 0  9999
2 25946  51.9953 200.8313 0002109  69.7999 100.4704 12.16057657222987
0 FENGYUN 1C DEB
1 30731U 99025ASR 26283.54032164  .00004445  00000-0  12770-2 0  9991
2 30731  98.8536  20.0170 0013142  78.1717  51.4370 14.45327092 17057
0 QIANFAN-110
1 68637U 26075B   26283.54013514  .00000049  00000-0  57134-4 0  9991
2 68637  88.9828 309.2516 0002068  92.5884 267.5504 13.51023139 25366
0 STARLINK-30793
1 58185U 23167L   26283.54001191 -.00000076  00000-0  67595-5 0  9999
2 58185  43.0042  10.0362 0001274 264.3973  95.6733 15.27577871163847
0 STARLINK-32421
1 61628U 24191H   26283.53998505  .00000092  00000-0  12884-4 0  9993
2 61628  43.0052  21.2558 0001766 275.7299  84.3352 15.27581682110397
0 FENGYUN 1C DEB
1 30921U 99025AZK 26283.53995475  .00003112  00000-0  11044-2 0  9997
2 30921  98.8410  22.6716 0018217 223.4432 148.3968 14.35106978 11386
0 FENGYUN 1C DEB
1 30954U 99025BAU 26283.53974133  .00001013  00000-0  49641-3 0  9994
2 30954  98.7169  21.9057 0126187  44.9730 329.6057 14.15916132  6561
0 KUIPER-00549
1 69616U 26140AA  26283.53966718  .00000979  00000-0  15742-3 0  9994
2 69616  51.9028 210.5931 0000773  95.9356 264.1694 14.79933222 18845
0 ONEWEB-0578
1 56067U 23043X   26283.53965258  .00000048  00000-0  84955-4 0  9997
2 56067  87.9320 221.0250 0002107  81.6751 278.4622 13.21826881173478
0 STARLINK-33604
1 63070U 25035U   26283.53963065  .00018666  00000-0  68553-3 0  9996
2 63070  43.0011  14.1210 0000930 261.2013  98.8733 15.27608023 92578
0 STARLINK-34232
1 65019U 25161E   26283.53943239  .00023715  00000-0  71063-3 0  9993
2 65019  53.1594  14.1694 0001329  76.4991 283.6160 15.34407932 68363
0 STARLINK-5730
1 55611U 23020AU  26283.53941591 -.00000310  00000-0 -17684-5 0  9990
2 55611  43.0023 221.2191 0000239 279.2631  80.8194 15.27585237201899
0 STARLINK-31804
1 59641U 24082L   26283.53913915 -.00000246  00000-0  56862-6 0  9994
2 59641  43.0019   6.1677 0000406 227.7900 132.2917 15.27579613137673
0 STARLINK-32260
1 61522U 24183P   26283.53912344  .00043507  00000-0  93513-3 0  9999
2 61522  53.1542 218.2939 0006558  72.5615 287.6109 15.44244152112630
0 STARLINK-35836
1 66571U 25268Q   26283.53906357  .00025283  00000-0  92494-3 0  9998
2 66571  43.0026 214.0990 0000947 260.2836  99.7909 15.27587334 50816
0 ONEWEB-0546
1 56048U 23043C   26283.53897937  .00000124  00000-0  29004-3 0  9992
2 56048  87.9178 205.8853 0002214  91.2029 268.9355 13.16593659174141
0 STARLINK-3415
1 51472U 22010S   26283.53891167  .00001466  00000-0  54531-4 0  9994
2 51472  53.1608  21.6985 0001114  75.6128 284.4998 15.34391071259432
0 ONEWEB-0415
1 51624U 22012C   26283.53884168  .00000356  00000-0  98373-3 0  9996
2 51624  87.8926  13.3204 0001838 113.5654 246.5667 13.10375564224399
0 STARLINK-33819
1 63494U 25071B   26283.53883320  .00018170  00000-0  54746-3 0  9990
2 63494  53.1609 216.3365 0001482  87.7298 272.3874 15.34407211 85727
0 STARLINK-35459
1 65856U 25223C   26283.53881433  .00034072  00000-0  10128-2 0  9990
2 65856  53.1596  11.7181 0010307 103.7364 256.4786 15.34422589 57165
0 STARLINK-38326
1 A0438U 26193F   26283.53880755  .00020592  00000-0  69994-3 0  9996
2 A0438  70.0054  21.1051 0004841 273.3832  86.6789 15.30440215  8768
0 YAOGAN-30 P
1 44450U 19045B   26283.53873416  .00002203  00000-0  16196-3 0  9997
2 44450  34.9938 346.2749 0008426   2.2456 357.8289 15.03115902394026
0 STARLINK-30826
1 58188U 23167P   26283.53872599  .00000814  00000-0  39127-4 0  9997
2 58188  43.0032  10.0295 0003375 287.5530  72.4953 15.27580052163846
0 STARLINK-36810
1 67898U 26035V   26283.53867371  .00022150  00000-0  68601-3 0  9999
2 67898  97.2826 215.1032 0001159 274.1657  85.9453 15.33463077 36918
0 QIANFAN-93
1 66035U 25233C   26283.53865216  .00000091  00000-0  12237-3 0  9990
2 66035  89.0095  31.5794 0001614 104.6411 255.4919 13.51041905 48759
0 STARLINK-4521
1 53391U 22097D   26283.53862910  .00001177  00000-0  49668-4 0  9999
2 53391  53.1595 225.6358 0001333  98.0878 262.0275 15.31706313231293
0 KUIPER-00296
1 68595U 26072Y   26283.53860427  .00001280  00000-0  19690-3 0  9995
2 68595  51.9040   8.0841 0000255 100.9068 259.1923 14.79930527 28728
0 STARLINK-30889
1 58368U 23177T   26283.53856482 -.00002442  00000-0 -79275-4 0  9990
2 58368  43.0037 217.4352 0000318   7.8678 352.2179 15.27571678161085
0 LEMUR-2-SOPHILUNA-X1
1 69930U 26156BP  26283.53843816  .00004050  00000-0  39637-3 0  9996
2 69930  97.7462 182.5342 0007975 197.5712 162.5233 14.92842451 14208
0 STARLINK-5484
1 55628U 23021A   26283.53843038  .00000138  00000-0  15742-4 0  9994
2 55628  69.9988  21.8326 0003512 269.1900  90.8861 15.07494324200505
0 STARLINK-3852
1 52345U 22045Q   26283.53841399  .00000681  00000-0  33690-4 0  9995
2 52345  53.1598 300.4904 0001344  84.1899 275.9256 15.31710624248395
0 STARLINK-37761
1 69200U 26114U   26283.53838219  .00023006  00000-0  68980-3 0  9996
2 69200  53.1619  19.9782 0001516  91.6490 268.4687 15.34406315 22526
0 STARLINK-36963
1 68235U 26054D   26283.53836872  .00036141  00000-0  10741-2 0  9994
2 68235  53.1606   8.3882 0000384  39.5779 320.5252 15.34446131 32030
0 STARLINK-3932
1 52576U 22051AS  26283.53829928  .00001350  00000-0  51089-4 0  9998
2 52576  53.1596 223.7846 0001484  90.4644 269.6529 15.34394441244166
0 STARLINK-32585
1 61953U 24209Q   26283.53828788  .00019922  00000-0  59924-3 0  9996
2 61953  53.1612 214.3224 0001518  82.6064 277.5111 15.34397724107932
0 FENGYUN 1C DEB
1 33646U 99025DEF 26283.53824085  .00002168  00000-0  12942-2 0  9990
2 33646  98.5939 187.8483 0112408  32.6291 328.1758 14.05094810762848
0 STARLINK-4258
1 53180U 22083BA  26283.53810636  .00000633  00000-0  30584-4 0  9991
2 53180  53.1583 224.2080 0000943  93.6113 266.4997 15.33547562234554
0 STARLINK-11316
1 61875U 24204B   26283.53807753 -.00000210  00000-0  31352-5 0  9991
2 61875  53.1604  16.8004 0001565  97.8343 262.2852 15.69708097110661
0 STARLINK-31096
1 58592U 23200D   26283.53805303  .00065359  00000-0  10084-2 0  9997
2 58592  42.9926  19.4083 0024991   0.9194 359.1709 15.52911944156654
0 STARLINK-30510
1 57981U 23151T   26283.53801947 -.00000316  00000-0 -19493-5 0  9993
2 57981  43.0035 220.5691 0000986 262.8282  97.2457 15.27575804168413
0 STARLINK-3352
1 51147U 22005AV  26283.53801346  .00043192  00000-0  11140-2 0  9996
2 51147  53.1878  16.6606 0000833 294.8787  65.2131 15.38776809261704
0 ONEWEB-0681
1 56717U 23068H   26283.53789479 -.00000820  00000-0 -20166-2 0  9997
2 56717  87.9331 221.0392 0002763  60.4177 299.7232 13.21825671166329
0 STARLINK-36356
1 68242U 26054L   26283.53789192  .00031371  00000-0  93514-3 0  9994
2 68242  53.1605  16.3034 0001319 102.8231 257.2919 15.34420010 31922
0 STARLINK-32140
1 61511U 24183C   26283.53788311  .00000396  00000-0  24513-4 0  9996
2 61511  53.1606 222.5939 0001028  92.9622 267.1497 15.31708898112572
0 STARLINK-36533
1 67643U 26020AC  26283.53787113  .00023812  00000-0  87139-3 0  9999
2 67643  43.0038   6.2765 0001172 268.3026  91.7692 15.27603933 38970
0 STARLINK-11477
1 62471U 24254K   26283.53784827  .00182287  00000-0  13899-2 0  9992
2 62471  43.0028   7.7348 0002753 263.9200  96.1354 15.70895006103189
0 STARLINK-35695
1 66558U 25268B   26283.53777650  .00016521  00000-0  60840-3 0  9990
2 66558  43.0042 214.0956 0001474 277.6985  82.3700 15.27587893 50811
0 KUIPER-00038
1 63750U 25088AC  26283.53766397  .00000768  00000-0  12966-3 0  9999
2 63750  51.9023 228.0662 0000490  91.0628 269.0391 14.79933558 79334
0 STARLINK-38026
1 A0408U 26192E   26283.53766021  .00024163  00000-0  72396-3 0  9999
2 A0408  53.1620 211.7983 0001439  79.2269 280.8896 15.34400276  8993
0 STARLINK-4706
1 53779U 22111G   26283.53749036  .00002512  00000-0  92678-4 0  9992
2 53779  53.1620  12.5403 0001359  92.7106 267.4051 15.31699223226363
0 STARLINK-31505
1 59237U 24049G   26283.53747873 -.00000530  00000-0 -97265-5 0  9994
2 59237  42.9997  10.2543 0000902 295.3239  64.7519 15.27586727145267
0 ONEWEB-0259
1 48977U 21060L   26283.53740444  .00000006  00000-0 -16945-4 0  9992
2 48977  87.9185 205.8951 0001635  74.7848 285.3464 13.16594177254803
0 STARLINK-34407
1 64347U 25126D   26283.53734324  .00013208  00000-0  45130-3 0  9992
2 64347  70.0064 207.9788 0001029 299.0246  61.0826 15.30423221 72980
0 STARLINK-31834
1 59721U 24088P   26283.53730206  .00000602  00000-0  31151-4 0  9996
2 59721  53.1602 220.7378 0001403 105.5457 254.5700 15.31703562136777
0 STARLINK-35922
1 66502U 25263T   26283.53729908  .00023548  00000-0  86174-3 0  9992
2 66502  43.0034 217.6409 0002540 272.9359  87.1202 15.27608205 51756
0 STARLINK-35462
1 65877U 25223Z   26283.53728386  .00040264  00000-0  11958-2 0  9992
2 65877  53.1602  13.8215 0001392 102.6784 257.4375 15.34416801 57137
0 FENGYUN 1C DEB
1 30763U 99025ATZ 26283.53721089  .00019657  00000-0  30562-2 0  9996
2 30763  98.8874  25.4286 0016450  64.6602  63.1796 14.72981520 15683
0 QIANFAN-128
1 69074U 26104B   26283.53719873  .00000082  00000-0  10881-3 0  9994
2 69074  88.9867 329.7290 0002481 103.0352 257.1076 13.51025869 20713
0 STARLINK-32351
1 61529U 24183W   26283.53717617 -.00001212  00000-0 -24739-4 0  9996
2 61529  53.1592 219.7551 0001341 101.1539 258.9614 15.34403563112619
0 ONEWEB-0708
1 61613U 24188V   26283.53714649  .00000291  00000-0  79728-3 0  9998
2 61613  87.8919  13.3257 0002257 109.9909 250.1462 13.10376191 98408
0 STARLINK-32548
1 62120U 24222G   26283.53712900  .00023972  00000-0  87702-3 0  9991
2 62120  43.0003   3.1338 0001010  95.2847 264.8120 15.27610063105615
0 STARLINK-6122
1 56128U 23046AN  26283.53705636  .00000374  00000-0  23104-4 0  9991
2 56128  43.0043  14.0359 0001151 268.1084  91.9636 15.27577361195055
0 KUIPER-00532
1 69604U 26140N   26283.53696472  .00001966  00000-0  28677-3 0  9996
2 69604  51.9028 213.1040 0000823  86.5757 273.5300 14.79937318 18814
0 STARLINK-33804
1 63511U 25071U   26283.53693774  .00016673  00000-0  54756-3 0  9999
2 63511  53.1570 220.5486 0001426  81.4196 278.6967 15.31716750 85316
0 STARLINK-37668
1 A0432U 26192AE  26283.53693338  .00024272  00000-0  70431-3 0  9995
2 A0432  53.1611 211.8292 0001563  85.7051 274.4131 15.35407809  8994
0 STARLINK-11181
1 60059U 24113A   26283.53691077 -.00001877  00000-0 -10641-4 0  9991
2 60059  53.1583 212.2203 0001101 101.5749 258.5392 15.69702953133300
0 FENGYUN 1C DEB
1 38172U 99025ERV 26283.53690008  .00000604  00000-0  74076-3 0  9995
2 38172 100.4295  36.6603 0279447 310.3396  47.3632 13.55024511657590
0 STARLINK-3910
1 52586U 22051BC  26283.53688144  .00000877  00000-0  36050-4 0  9996
2 52586  53.1592 223.8981 0001408  93.9516 266.1648 15.35402195244167
0 STARLINK-4027
1 52601U 22052D   26283.53681583  .00001646  00000-0  59850-4 0  9993
2 52601  53.1623  21.7995 0001163  80.1146 279.9988 15.34389544244266
0 STARLINK-35423
1 65873U 25223V   26283.53670850  .00022797  00000-0  68330-3 0  9998
2 65873  53.1618  11.7002 0001632  99.3719 260.7468 15.34422635 57163
0 STARLINK-35929
1 66625U 25271J   26283.53670383  .00024243  00000-0  72600-3 0  9991
2 66625  53.1577 216.1099 0001784  91.0285 269.0922 15.34413407 50533
0 STARLINK-36532
1 67628U 26020M   26283.53658647  .00022581  00000-0  82705-3 0  9997
2 67628  43.0038   6.2562 0000887 281.4160  78.6592 15.27601379 38970
0 STARLINK-38016
1 A0406U 26192C   26283.53650756  .00032739  00000-0  94458-3 0  9995
2 A0406  53.1630 211.8063 0001627  77.9328 282.1857 15.35426216  8997
0 STARLINK-35963
1 66585U 25268AE  26283.53649029  .00019455  00000-0  71433-3 0  9997
2 66585  43.0042 214.0831 0001721 272.8980  87.1675 15.27594103 50816
0 STARLINK-34389
1 64351U 25126H   26283.53645119  .00019932  00000-0  69623-3 0  9993
2 64351  70.0047 207.9748 0001870 285.1376  74.9592 15.29571369 72984
0 STARLINK-37095
1 68237U 26054F   26283.53626533  .00023816  00000-0  71351-3 0  9997
2 68237  53.1600   8.3773 0001261  96.4945 263.6201 15.34411824 32039
0 QIANFAN-168
1 69385U 26124D   26283.53625977  .00000109  00000-0  15031-3 0  9994
2 69385  89.0043 350.0045 0002002 115.2685 244.8674 13.51024179 17619
0 STARLINK-3967
1 52636U 22052AQ  26283.53610062 -.00000267  00000-0  32464-5 0  9997
2 52636  53.1620   9.2845 0001218  84.5487 275.5655 15.35397692243630
0 QIANFAN-113
1 68640U 26075E   26283.53608110  .00000040  00000-0  43767-4 0  9994
2 68640  88.9831 309.2184 0002049  89.7566 270.3820 13.51011973 25387
0 STARLINK-35597
1 66493U 25263J   26283.53599277  .00024163  00000-0  88280-3 0  9999
2 66493  43.0038 217.6389 0008006 264.2074  95.7865 15.27626160 51757
0 KUIPER-00516
1 69599U 26140H   26283.53598137  .00001930  00000-0  30468-3 0  9990
2 69599  51.8976 210.2150 0001416 196.3142 163.7774 14.76549803 18859
0 STARLINK-36801
1 67888U 26035K   26283.53597236  .00040951  00000-0  12628-2 0  9994
2 67888  97.2857 215.1090 0003105  88.7505 271.4094 15.33468768 36914
0 STARLINK-30579
1 58061U 23158L   26283.53582992 -.00001011  00000-0 -27187-4 0  9997
2 58061  43.0117 227.9034 0003132 256.8100 103.2402 15.27574987166725
0 STARLINK-5159
1 53974U 22125L   26283.53579914 -.00001020  00000-0 -19062-4 0  9991
2 53974  53.1590 304.3961 0001008  87.5226 272.5892 15.34393883222242
0 ONEWEB-0282
1 49000U 21060AK  26283.53579476 -.00000279  00000-0 -76210-3 0  9998
2 49000  87.9181 205.8914 0001738  72.8519 287.2802 13.16594720254782
0 STARLINK-5375
1 56140U 23046BA  26283.53576864 -.00000091  00000-0  62291-5 0  9992
2 56140  43.0043  14.0207 0001564 267.2485  92.8188 15.27576886195057
0 STARLINK-32313
1 61527U 24183U   26283.53565804  .00001358  00000-0  51317-4 0  9994
2 61527  53.1601 221.8533 0001422  80.0766 280.0397 15.34395998112581
0 STARLINK-37983
1 A0407U 26192D   26283.53555711  .00019259  00000-0  57939-3 0  9996
2 A0407  53.1610 211.7897 0001748  87.0633 273.0570 15.34414223  8990
0 STARLINK-31535
1 59504U 24071W   26283.53522275 -.00000679  00000-0 -15138-4 0  9995
2 59504  43.0053 214.1767 0001350 259.3340 100.7360 15.27573756140979
0 STARLINK-33786
1 63514U 25071X   26283.53509490  .00020394  00000-0  61293-3 0  9992
2 63514  53.1576 219.8257 0001556 100.7777 259.3401 15.34407646 85319
0 STARLINK-34154
1 63995U 25101B   26283.53504633  .00040838  00000-0  14820-2 0  9991
2 63995  42.9997 224.5759 0006874 266.5343  93.4722 15.27635192 79916
0 SWARM A
1 39452U 13067B   26283.53498865  .00010535  00000-0  17952-3 0  9990
2 39452  87.3381  13.3984 0003080  99.2204 260.9406 15.51207131724129
0 SWARM C
1 39453U 13067C   26283.53489886  .00010843  00000-0  18479-3 0  9991
2 39453  87.3382  11.9823 0003099  98.8658 261.2954 15.51206073724086
0 AISSAT 1
1 36797U 10035C   26283.53475881  .00001977  00000-0  17387-3 0  9996
2 36797  98.0781 186.7857 0009472  40.7776 319.4152 14.97746050881489
0 IRIDIUM 38
1 25043U 97069E   26283.53472562  .00000285  00000-0  86753-4 0  9998
2 25043  86.3989  31.0269 0001664  34.7789 325.3517 14.38545406515002
0 STARLINK-30918
1 58365U 23177Q   26283.53470558  .00004557  00000-0  17499-3 0  9999
2 58365  43.0025 217.4081 0000169  59.2871 300.7997 15.27584398161076
0 STARLINK-35965
1 66631U 25271Q   26283.53459877  .00026585  00000-0  79503-3 0  9991
2 66631  53.1594 216.0915 0001489  86.4797 273.6376 15.34404794 50536
0 QIANFAN-95
1 66037U 25233E   26283.53446544  .00000095  00000-0  12876-3 0  9994
2 66037  89.0090  31.0203 0001640 111.7280 248.4046 13.51031043 49057
0 STARLINK-5382
1 54820U 22177A   26283.53446153  .00000426  00000-0  25005-4 0  9998
2 54820  43.0054   2.5227 0001213 287.0843  72.9876 15.27576296209789
0 ONEWEB-0055
1 45443U 20020V   26283.53441086 -.00000228  00000-0 -67852-3 0  9991
2 45443  87.8969 358.1553 0001924 103.6988 256.4355 13.11415488317737
0 FENGYUN 1C DEB
1 30313U 99025AAA 26283.53433601  .00003209  00000-0  12964-2 0  9999
2 30313  98.8706  18.7519 0057937 181.1336 192.2320 14.27680203 13898
0 KUIPER-00423
1 69592U 26140A   26283.53425774  .00000395  00000-0  80829-4 0  9990
2 69592  51.9002 215.6014 0000998  81.7677 278.3398 14.79925450 18770
0 STARLINK-37649
1 69202U 26114W   26283.53417045  .00024152  00000-0  72318-3 0  9991
2 69202  53.1619  19.9275 0000766  75.5979 284.5109 15.34420295 22525
0 STARLINK-36247
1 68245U 26054P   26283.53416660  .00037208  00000-0  11054-2 0  9997
2 68245  53.1600   8.4187 0002083 101.9432 258.1804 15.34441194 32035
0 STARLINK-36570
1 67640U 26020Z   26283.53401881  .00023253  00000-0  85147-3 0  9997
2 67640  43.0032   6.2423 0000594 276.8993  83.1791 15.27595409 38979
0 ONEWEB-0547
1 56049U 23043D   26283.53375990  .00000005  00000-0 -20438-4 0  9995
2 56049  87.9322 221.0286 0001764  72.7965 287.3362 13.21824064173465
0 ONEWEB-0701
1 61607U 24188P   26283.53373992  .00000194  00000-0  51808-3 0  9994
2 61607  87.8921  13.3219 0001208 120.5910 239.5337 13.10375447 98414
0 STARLINK-2581
1 48412U 21038BM  26283.53370487  .00019348  00000-0  63312-3 0  9994
2 48412  53.1617  16.5765 0001046  88.2430 271.8691 15.31725444300867
0 STARLINK-31314
1 58967U 24031C   26283.53366665 -.00000849  00000-0 -13981-4 0  9995
2 58967  53.1604  16.1535 0001644  93.6357 266.4834 15.34400390149461
0 STARLINK-31459
1 59233U 24049C   26283.53363204  .00001279  00000-0  55979-4 0  9996
2 59233  43.0028  10.2161 0001337 262.4479  97.6221 15.27579942145255
0 IRIDIUM 159
1 43578U 18061K   26283.53359315  .00000007  00000-0 -44241-5 0  9996
2 43578  86.4016   8.4808 0002106  94.3479 265.7958 14.34217719429913
0 STARLINK-32293
1 61526U 24183T   26283.53355276  .00001082  00000-0  43145-4 0  9997
2 61526  53.1602 221.8403 0001294 100.4953 259.6195 15.34398567112582
0 FENGYUN 1C DEB
1 31024U 99025BDS 26283.53354037  .00000453  00000-0  22369-3 0  9993
2 31024  99.0432 208.9510 0074352 343.6679  16.2103 14.21195329  9888
0 YAOGAN 30 DEB
1 42677U 16029C   26283.53344431  .00001092  00000-0  31532-3 0  9991
2 42677  98.0166  34.5199 0228314  71.2535 291.3275 14.32290592528384
0 STARLINK-38207
1 A0450U 26193T   26283.53335558  .00028303  00000-0  95944-3 0  9998
2 A0450  70.0030  21.0839 0004706 273.6225  86.4412 15.30439195  8764
0 STARLINK-34408
1 64363U 25126V   26283.53334210  .00011554  00000-0  40575-3 0  9990
2 64363  70.0053 207.9670 0002377 294.5474  65.5453 15.29582326 72981
0 STARLINK-11402
1 61874U 24204A   26283.53327868 -.00000417  00000-0  14114-5 0  9990
2 61874  53.1593  17.5237 0000900  72.8113 287.3004 15.69707209111249
0 STARLINK-32550
1 62131U 24222T   26283.53327151  .00010702  00000-0  39759-3 0  9999
2 62131  43.0021   3.1025 0000399 287.1812  72.8996 15.27602038105658
0 STARLINK-11626
1 63556U 25075J   26283.53322394  .00177146  00000-0  13516-2 0  9990
2 63556  43.0014 299.1788 0002336 278.1481  81.9122 15.70895984 87035
0 KUIPER-00040
1 64501U 25134B   26283.53321540  .00001027  00000-0  16368-3 0  9992
2 64501  51.9000  13.1351 0000337 130.4957 229.6035 14.79932247 71743
0 STARLINK-33623
1 63072U 25035W   26283.53320498  .00020878  00000-0  76539-3 0  9996
2 63072  43.0011  14.0691 0000343 155.9891 204.0977 15.27609265 92584
0 STARLINK-35199
1 65858U 25223E   26283.53307858  .00032301  00000-0  96246-3 0  9995
2 65858  53.1605  13.8052 0001252  95.6175 264.4970 15.34418773 57137
0 QIANFAN-132
1 69078U 26104F   26283.53304186  .00000088  00000-0  11744-3 0  9990
2 69078  88.9867 329.7468 0002156  92.3738 267.7660 13.51024341 20700
0 STARLINK-33920
1 63710U 25087P   26283.53303933  .00018170  00000-0  59556-3 0  9999
2 63710  53.1593 300.1782 0001120  84.0437 276.0692 15.31716331 82111
0 STARLINK-5722
1 55610U 23020AT  26283.53299195 -.00000349  00000-0 -31685-5 0  9994
2 55610  43.0011 221.1711 0000544 250.2016 109.8777 15.27573879201895
0 STARLINK-33809
1 63508U 25071R   26283.53299081  .00034550  00000-0  10286-2 0  9991
2 63508  53.1591 219.8144 0001313  85.9718 274.1435 15.34411556 85636
0 STARLINK-36285
1 68530U 26068Y   26283.53296709  .00032228  00000-0  96184-3 0  9994
2 68530  53.1600 208.1306 0001644  88.5486 271.5705 15.34368314 29885
0 FENGYUN 1C DEB
1 37019U 99025EDB 26283.53293923  .00002266  00000-0  67094-3 0  9997
2 37019  98.5700  10.9691 0167893 150.4497 210.6307 14.36486090690916
0 ONEWEB-0680
1 56716U 23068G   26283.53292102  .00000020  00000-0  16088-4 0  9998
2 56716  87.9322 221.0302 0002246  87.8390 272.3001 13.21827357166330
0 FENGYUN 1C DEB
1 31095U 99025BGR 26283.53290578  .00000275  00000-0  50391-3 0  9998
2 31095  98.5882  11.4539 0499652 189.4774 169.6633 13.06767961933890
0 STARLINK-36667
1 68975U 26099AA  26283.53285479  .00026436  00000-0  78979-3 0  9999
2 68975  53.1588 341.8763 0001279 126.6577 233.4543 15.34439810 24987
0 STARLINK-31424
1 59247U 24049S   26283.53282222  .00000061  00000-0  11755-4 0  9993
2 59247  43.0034   6.7434 0000987 269.7995  90.2743 15.27577415145298
0 STARLINK-4687
1 53784U 22111M   26283.53281980  .00002935  00000-0  10626-3 0  9998
2 53784  53.1595  12.5113 0000941  82.6364 277.4745 15.31712090226367
0 STARLINK-35870
1 66572U 25268R   26283.53263377  .00025534  00000-0  93345-3 0  9992
2 66572  43.0030 214.0535 0002935 265.7826  94.2690 15.27604318 50814
0 STARLINK-34807
1 65028U 25161P   26283.53254059  .00024667  00000-0  73829-3 0  9997
2 65028  53.1581  11.9991 0002045  97.5102 262.6133 15.34420578 68287
0 STARLINK-33807
1 63518U 25071AB  26283.53251960  .00026348  00000-0  78817-3 0  9997
2 63518  53.1601 216.2545 0001935  75.1206 285.0010 15.34400591 85747
0 STARLINK-11500
1 62472U 24254L   26283.53251395  .00182946  00000-0  13906-2 0  9993
2 62472  43.0015   7.6891 0001965 246.6441 113.4221 15.70968161102668
0 STARLINK-34152
1 64000U 25101G   26283.53247800  .00019090  00000-0  70080-3 0  9996
2 64000  43.0000 224.5550 0003429 264.0674  95.9787 15.27607220 79912
0 STARLINK-1522
1 46027U 20055A   26283.53246689  .00026050  00000-0  12796-2 0  9995
2 46027  53.0611 231.2629 0003443  65.9315 294.2039 15.17911165341425
0 STARLINK-30778
1 58182U 23167H   26283.53229918  .00000480  00000-0  26949-4 0  9999
2 58182  43.0012   9.9788 0000991 268.4026  91.6712 15.27579854163845
0 STARLINK-2140
1 47730U 21017J   26283.53229118  .00001983  00000-0  75619-4 0  9997
2 47730  53.1584 297.0985 0001257  90.4345 269.6801 15.31710643310578
0 STARLINK-33785
1 63516U 25071Z   26283.53227366  .00021142  00000-0  69051-3 0  9995
2 63516  53.1588 220.5177 0001498  86.9041 273.2132 15.31728387 85667
0 QIANFAN-167
1 69384U 26124C   26283.53208212  .00000109  00000-0  14969-3 0  9991
2 69384  89.0047 350.0257 0002245 101.3123 258.8280 13.51020073 17605
0 STARLINK-37604
1 69203U 26114X   26283.53207049  .00037299  00000-0  11085-2 0  9992
2 69203  53.1613  19.9242 0002155  89.9879 270.1371 15.34429656 22528
0 STARLINK-30157
1 57512U 23113T   26283.53206227 -.00002261  00000-0 -72680-4 0  9998
2 57512  43.0017 216.9629 0000151 270.7210  89.3625 15.27583359176834
0 STARLINK-37084
1 68254U 26054Y   26283.53206214  .00019376  00000-0  58285-3 0  9993
2 68254  53.1596   8.4003 0002171  98.4615 261.6634 15.34413341 32030
0 STARLINK-11176
1 60060U 24113B   26283.53202463 -.00004127  00000-0 -29256-4 0  9993
2 60060  53.1594 212.1898 0001231  70.3872 289.7278 15.69685028133309
0 QIANFAN-109
1 68636U 26075A   26283.53197744  .00000046  00000-0  53324-4 0  9991
2 68636  88.9828 309.2309 0001538  89.8639 270.2688 13.51022343 25363
0 STARLINK-33624
1 63071U 25035V   26283.53195157  .00063701  00000-0  16542-2 0  9996
2 63071  42.9996   5.3949 0010710   6.3222 353.7767 15.38059639 92572
0 FENGYUN 1C DEB
1 33655U 99025DEQ 26283.53193639  .00038249  00000-0  20332-2 0  9995
2 33655  98.8028  36.4137 0031103  85.8495 274.6286 15.14755087 10942
0 GLOBALSTAR M081
1 37743U 11033E   26283.53191652 -.00000104  00000-0 -12816-5 0  9995
2 37743  51.9950 204.4528 0000630  58.8891 112.5660 12.62266648704508
0 STARLINK-34425
1 64350U 25126G   26283.53188015  .00008670  00000-0  29792-3 0  9999
2 64350  70.0037 207.9606 0002385 281.3085  78.7823 15.30422681 72985
0 ORBCOMM FM 11
1 25114U 97084C   26283.53179262  .00000936  00000-0  29507-3 0  9991
2 25114  45.0129 223.4114 0002910 131.3556 228.7547 14.46912096511014
0 STARLINK-5764
1 55602U 23020AK  26283.53170560 -.00002396  00000-0 -77606-4 0  9995
2 55602  43.0032 221.1508 0001308 259.2114 100.8590 15.27569730201895
0 STARLINK-36274
1 68251U 26054V   26283.53157869  .00027745  00000-0  82874-3 0  9991
2 68251  53.1603  16.2493 0002351  85.6295 274.4976 15.34418197 31920
0 KUIPER-00556
1 69621U 26140AF  26283.53157296  .00001894  00000-0  27732-3 0  9992
2 69621  51.8981 218.1110 0000711  89.1290 270.9754 14.79934848 18741
0 YAOGAN-30 S
1 45461U 20021B   26283.53154647  .00002680  00000-0  19662-3 0  9994
2 45461  34.9939 227.2099 0002193 172.2439 187.8303 15.03132588357857
0 FENGYUN 1C DEB
1 31259U 99025BMR 26283.53149999  .00001773  00000-0  89457-3 0  9999
2 31259  98.9999  10.8532 0062552  62.0357  72.2366 14.16588763998402
0 STARLINK-3941
1 52638U 22052AS  26283.53144986  .00000319  00000-0  20583-4 0  9991
2 52638  53.1620   5.7909 0001190  78.3187 281.7949 15.34390260244494
0 STARLINK-36436
1 67626U 26020K   26283.53144879  .00026154  00000-0  95587-3 0  9994
2 67626  43.0015   6.2245 0000701 265.9252  94.1519 15.27604489 38972
0 STARLINK-32297
1 61521U 24183N   26283.53144321  .00000226  00000-0  17818-4 0  9996
2 61521  53.1582 221.8292 0001364  90.8889 269.2270 15.34407551112583
0 STARLINK-31678
1 59493U 24071K   26283.53137996  .00001063  00000-0  48141-4 0  9990
2 59493  43.0032 214.1508 0000276  14.0689 346.0170 15.27577412139799
0 STARLINK-37829
1 A0405U 26192B   26283.53135139  .00016051  00000-0  48514-3 0  9998
2 A0405  53.1609 211.7604 0001374  86.6067 273.5093 15.34402434  8999
0 STARLINK-4670
1 53744U 22107AW  26283.53134542  .00000220  00000-0  18844-4 0  9996
2 53744  53.1639   6.5195 0001368  77.2034 282.9120 15.31705538227204
0 FENGYUN 1C DEB
1 30096U 99025QZ  26283.53117955  .00000448  00000-0  17799-3 0  9992
2 30096  99.1399  23.7269 0079983  78.1131 282.9006 14.32107332 28616
0 STARLINK-31467
1 59235U 24049E   26283.53105478  .00000190  00000-0  16429-4 0  9993
2 59235  43.0001  10.1954 0000714 244.9991 115.0787 15.27577834145260
0 STARLINK-35471
1 65864U 25223L   26283.53097727  .00034933  00000-0  10405-2 0  9998
2 65864  53.1616  13.7899 0000630  94.6988 265.4086 15.34390571 57138
0 STARLINK-34391
1 64298U 25123H   26283.53094586  .00014402  00000-0  49154-3 0  9990
2 64298  70.0028   7.8261 0003477 274.6339  85.4440 15.30425382 73926
0 STARLINK-30290
1 57858U 23141U   26283.53089947  .00000239  00000-0  18203-4 0  9992
2 57858  53.1617   3.9053 0001212  87.5990 272.5151 15.34390943173254
0 STARLINK-33792
1 63506U 25071P   26283.53089223  .00029758  00000-0  88821-3 0  9999
2 63506  53.1593 219.8363 0001299  87.7572 272.3579 15.34405533 85648
0 STARLINK-35909
1 66496U 25263M   26283.53087465  .00022143  00000-0  81129-3 0  9994
2 66496  43.0027 217.5968 0003194 265.1374  94.9113 15.27596368 51759
0 STARLINK-11528
1 62521U 25004L   26283.53077388  .00172063  00000-0  13126-2 0  9993
2 62521  43.0016 216.0731 0002690 268.6278  91.4282 15.70915752100995
0 STARLINK-30410
1 57841U 23141B   26283.53072238 -.00000767  00000-0 -12940-4 0  9999
2 57841  53.1623   4.4178 0001331  76.1008 284.0142 15.31712730173249
0 STARLINK-32626
1 62123U 24222K   26283.53071065  .00018801  00000-0  69073-3 0  9990
2 62123  42.9997   3.0847 0000354 220.1645 139.9180 15.27593391105608
0 STARLINK-38331
1 A0459U 26193AC  26283.53069949  .00023099  00000-0  78450-3 0  9995
2 A0459  70.0027  21.4949 0002987 264.0964  95.9871 15.30440252  8757
0 STARLINK-6091
1 56119U 23046AC  26283.53063027  .00000603  00000-0  31436-4 0  9994
2 56119  43.0049  13.9950 0001834 274.5308  85.5334 15.27580253195052
0 KUIPER-00044
1 64505U 25134F   26283.53049528  .00002727  00000-0  38653-3 0  9998
2 64505  51.8955  15.5238 0000751  89.4800 270.6248 14.79936475 71711
0 STARLINK-35386
1 65862U 25223J   26283.53049056  .00027804  00000-0  83023-3 0  9994
2 65862  53.1601  12.3703 0002229  93.0956 267.0302 15.34427705 57154
0 ONEWEB-0032
1 45141U 20008L   26283.53048570  .00000032  00000-0  54545-4 0  9990
2 45141  87.8928  13.3235 0002226  95.1099 265.0283 13.10376344323401
0 STARLINK-36094
1 66851U 25281D   26283.53046633  .00016935  00000-0  62333-3 0  9999
2 66851  43.0025 210.0816 0001275 265.0483  95.0223 15.27589308 49049
0 STARLINK-33798
1 63449U 25069S   26283.53042012  .00027047  00000-0  80838-3 0  9996
2 63449  53.1614 216.3169 0001392  69.9659 290.1493 15.34414166 86147
0 STARLINK-35420
1 66260U 25245AC  26283.53037140  .00024897  00000-0  81059-3 0  9998
2 66260  53.1599   4.2692 0002250  87.0543 273.0716 15.31731302 54172
0 ONEWEB-0062
1 45163U 20008AJ  26283.53021262  .00000005  00000-0 -23280-4 0  9996
2 45163  87.8930  13.3237 0001477 105.3977 254.7313 13.10376563323295
0 STARLINK-36367
1 67629U 26020N   26283.53016377  .00014645  00000-0  54049-3 0  9998
2 67629  43.0002   6.2166 0001374 271.0495  89.0199 15.27589807 38970
0 FENGYUN 1C DEB
1 31861U 99025CKB 26283.53006678  .00000764  00000-0  88625-3 0  9999
2 31861 102.3292 181.6222 0490369 270.4463  84.0500 13.31408555707825
0 STARLINK-32350
1 61063U 24164P   26283.52999339  .00000459  00000-0  26556-4 0  9999
2 61063  53.1592 171.5750 0001906  81.6424 278.4794 15.31702920116391
0 STARLINK-37669
1 69204U 26114Y   26283.52996418  .00035299  00000-0  10499-2 0  9993
2 69204  53.1638  19.9216 0001986  89.3310 270.7920 15.34432267 22520
0 STARLINK-37127
1 68236U 26054E   26283.52996099  .00028354  00000-0  84639-3 0  9997
2 68236  53.1600   8.4121 0003084 102.5559 257.5789 15.34426324 32035
0 STARLINK-33936
1 64005U 25101M   26283.52991623  .00022073  00000-0  80865-3 0  9996
2 64005  43.0000 224.5362 0001642 279.6912  80.3754 15.27603944 79911
0 IRIDIUM 33 DEB
1 35484U 97051QE  26283.52990935  .00093563  00000-0  34662-2 0  9998
2 35484  86.3452 207.9634 0016332  84.0033 276.3075 15.27138245665788
0 STARLINK-32359
1 61957U 24209U   26283.52987094  .00037290  00000-0  11101-2 0  9997
2 61957  53.1607 214.2670 0001529  82.2109 277.9067 15.34377703107953
0 STARLINK-5270
1 55299U 23010AG  26283.52979844  .00000991  00000-0  90819-4 0  9995
2 55299  70.0002 202.6246 0003007 267.0761  93.0053 14.98322462206337
0 STARLINK-30821
1 58181U 23167G   26283.52974010 -.00002362  00000-0 -76381-4 0  9995
2 58181  43.0031   9.9616 0001313 272.4246  87.6455 15.27564645163833
0 ONEWEB-0659
1 54678U 22166AN  26283.52955520  .00000024  00000-0  26194-4 0  9993
2 54678  87.9311 221.0373 0001852  78.9250 281.2092 13.21824452186760
0 STARLINK-1569
1 46039U 20055N   26283.52951780  .00006317  00000-0  21505-3 0  9995
2 46039  53.1597 207.5521 0001161  91.8202 268.2933 15.31713292341798
0 STARLINK-38012
1 A0413U 26192K   26283.52949885  .00015779  00000-0  46180-3 0  9990
2 A0413  53.1624 211.7597 0001740  97.5451 262.5750 15.35435001  8996
0 STARLINK-32190
1 60318U 24133T   26283.52947932 -.00007529  00000-0 -21179-3 0  9991
2 60318  53.1627  16.2869 0001138  76.1957 283.9172 15.34420353124575
0 STARLINK-3794
1 52631U 22052AK  26283.52942293  .00000084  00000-0  13610-4 0  9992
2 52631  53.1618   6.3975 0001191  84.6978 275.4160 15.34391933243686
0 STARLINK-37681
1 A0425U 26192X   26283.52924948  .00028570  00000-0  85390-3 0  9995
2 A0425  53.1629 211.7615 0001852  82.0717 278.0495 15.34385001  8994
0 FENGYUN 1C DEB
1 30229U 99025WN  26283.52923284  .00006683  00000-0  12503-2 0  9993
2 30229  99.0449  17.1730 0036076 195.9061 176.1436 14.64821173 33297
0 STARLINK-31540
1 59542U 24074J   26283.52917621  .00001794  00000-0  74681-4 0  9997
2 59542  43.0029 210.0158 0001348 271.2358  88.8339 15.27585480138877
0 STARLINK-34426
1 64345U 25126B   26283.52916425  .00000970  00000-0  37272-4 0  9994
2 64345  70.0048 207.9504 0002792 272.9037  87.1819 15.30399943 72986
0 FENGYUN 1C DEB
1 30043U 99025NU  26283.52915377  .00001003  00000-0  30286-3 0  9991
2 30043  98.6305  21.4457 0277916 332.2112  26.4450 14.24800871 16342
0 STARLINK-4134
1 53254U 22086N   26283.52909592  .00000165  00000-0  17084-4 0  9995
2 53254  53.1597 300.5553 0001278  74.5578 285.5565 15.31705959233634
0 QIANFAN-127
1 69073U 26104A   26283.52902195  .00000085  00000-0  11360-3 0  9999
2 69073  88.9889 329.7105 0002346  91.4969 268.6451 13.51030426 20736
0 STARLINK-31801
1 59647U 24082S   26283.52901186 -.00000698  00000-0 -15846-4 0  9993
2 59647  43.0056   6.9538 0001102 263.5646  96.5081 15.27575682137714
0 FENGYUN 1C DEB
1 30205U 99025VN  26283.52897199  .00000169  00000-0  16600-3 0  9998
2 30205  99.0153  29.3534 0121511  83.0014 338.7735 13.88228962998250
0 ONEWEB-0329
1 49107U 21075AJ  26283.52888127  .00000092  00000-0  20377-3 0  9991
2 49107  87.9175 342.9698 0002033 102.5523 257.5836 13.17647710248778
0 KUIPER-00573
1 69627U 26140AM  26283.52887844  .00002087  00000-0  30271-3 0  9993
2 69627  51.9008 220.6415 0000817  64.5251 295.5795 14.79935669 18701
0 STARLINK-35200
1 65855U 25223B   26283.52886989  .00024354  00000-0  72894-3 0  9990
2 65855  53.1616  13.7797 0004045  97.2910 262.8553 15.34423935 57134
0 STARLINK-3369
1 51142U 22005AQ  26283.52880168  .00043931  00000-0  14401-2 0  9993
2 51142  53.2192  12.7318 0003033 143.4971 216.6239 15.31225903261769
0 STARLINK-30392
1 57855U 23141R   26283.52879051  .00001118  00000-0  44216-4 0  9991
2 57855  53.1619   3.8894 0001502  88.6925 271.4250 15.34400891173259
0 STARLINK-32808
1 62863U 25022K   26283.52875823  .00029474  00000-0  88024-3 0  9998
2 62863  53.1607 208.1102 0001374 101.6110 258.5047 15.34392259 94847
0 STARLINK-4024
1 52599U 22052B   26283.52864339  .00000158  00000-0  16845-4 0  9994
2 52599  53.1619  16.0973 0000981  79.8182 280.2930 15.31698547244346
0 STARLINK-34161
1 64017U 25101Z   26283.52862388  .00023304  00000-0  85289-3 0  9997
2 64017  42.9996 224.5184 0003486 266.2192  93.8261 15.27607430 79914
0 STARLINK-32658
1 62999U 25031U   26283.52843374  .00027458  00000-0  10027-2 0  9991
2 62999  43.0011   9.8985 0000626 281.2108  78.8674 15.27610528 93954
0 STARLINK-34824
1 65042U 25161AD  26283.52833002  .00025756  00000-0  77038-3 0  9999
2 65042  53.1604  11.9662 0001626  87.4752 272.6437 15.34417746 67186
0 STARLINK-30892
1 58366U 23177R   26283.52827710  .00000184  00000-0  16216-4 0  9994
2 58366  43.0060 217.3589 0001329 269.3511  90.7188 15.27577697161096
0 FENGYUN 1C DEB
1 30125U 99025SE  26283.52826402  .00004932  00000-0  11852-2 0  9993
2 30125  98.7308  25.6465 0336043 187.4506 186.6706 14.24707106 12151
0 STARLINK-34424
1 64295U 25123E   26283.52821561  .00007862  00000-0  27060-3 0  9991
2 64295  70.0038   7.8103 0004783 268.1810  91.8818 15.30413891 75140
0 STARLINK-36853
1 68097U 26042AE  26283.52806677  .00027250  00000-0  81460-3 0  9994
2 68097  53.1591 256.1505 0001607  72.2948 287.8230 15.34403669 35252
0 STARLINK-5388
1 54844U 22177AA  26283.52802938 -.00005066  00000-0 -17468-3 0  9990
2 54844  43.0048   2.4398 0001275 204.5242 155.5549 15.27585687209780
0 QIANFAN-111
1 68638U 26075C   26283.52801943  .00000042  00000-0  46697-4 0  9996
2 68638  88.9827 309.2115 0002042  92.7933 267.3451 13.51025738 25388
0 STARLINK-38317
1 A0458U 26193AB  26283.52797390  .00023252  00000-0  78985-3 0  9995
2 A0458  70.0033  21.4833 0002447 272.1534  87.9361 15.30433320  8752
0 STARLINK-36053
1 66875U 25281AD  26283.52788767  .00019183  00000-0  70422-3 0  9991
2 66875  43.0030 210.0502 0000342 245.4968 114.5848 15.27607734 48983
0 ONEWEB-0274
1 48992U 21060AB  26283.52788440  .00000010  00000-0 -73787-5 0  9999
2 48992  87.9176 205.8917 0002039  67.3307 292.8039 13.16595952254802
0 ONEWEB-0549
1 56051U 23043F   26283.52788131 -.00000033  00000-0 -11131-3 0  9993
2 56051  87.9317 221.0308 0001665  81.0016 279.1306 13.21825062173463
0 STARLINK-36745
1 68257U 26054AB  26283.52785091  .00031492  00000-0  93861-3 0  9992
2 68257  53.1607   8.3186 0001106  76.2665 283.8461 15.34422525 32031
0 STARLINK-5761
1 55599U 23020AG  26283.52784702 -.00000112  00000-0  54539-5 0  9992
2 55599  43.0013 221.1229 0000815 241.3607 118.7162 15.27577623201893
0 KUIPER-00094
1 64839U 25151Z   26283.52781305  .00004486  00000-0  61674-3 0  9995
2 64839  51.9054  18.1837 0000434 132.7672 227.3327 14.79950446 67854
0 STARLINK-36870
1 67897U 26035U   26283.52780607  .00026502  00000-0  82106-3 0  9994
2 67897  97.2859 215.1195 0001524  89.0043 271.1374 15.33416827 36913
0 STARLINK-32338
1 61519U 24183L   26283.52773349 -.00000622  00000-0 -72751-5 0  9990
2 61519  53.1605 213.9752 0001190  84.9210 275.1928 15.34390288112694
0 ONEWEB-0093
1 45444U 20020W   26283.52762431  .00000060  00000-0  13374-3 0  9993
2 45444  87.8968 358.1556 0001948  93.6808 266.4543 13.11414140317795
0 STARLINK-33751
1 63512U 25071V   26283.52760046  .00021585  00000-0  70467-3 0  9991
2 63512  53.1580 220.4873 0001178 100.3799 259.7335 15.31729454 85663
0 STARLINK-36623
1 67644U 26020AD  26283.52759291  .00009166  00000-0  34212-3 0  9995
2 67644  42.9995   6.1936 0001369 277.9814  82.0882 15.27585419 38971
0 STARLINK-31744
1 59494U 24071L   26283.52751640  .00001728  00000-0  72306-4 0  9996
2 59494  43.0013 214.1186 0000988 276.5363  83.5377 15.27568587140972
0 STARLINK-1771
1 46384U 20062BM  26283.52748567  .00090358  00000-0  54142-3 0  9994
2 46384  53.0309  14.6912 0001553 336.6865  23.4083 15.77090180338339
0 STARLINK-3984
1 52621U 22052Z   26283.52745502  .00000302  00000-0  19566-4 0  9994
2 52621  53.1629   8.9306 0001353  96.4553 263.6604 15.35400928243636
0 STARLINK-4572
1 53692U 22105AW  26283.52740974  .00042317  00000-0  13111-2 0  9990
2 53692  97.5915 174.5815 0003063  86.1511 274.0081 15.33313132226342
0 FENGYUN 1C DEB
1 32161U 99025CTF 26283.52736740 -.00000057  00000-0 -90298-5 0  9990
2 32161  98.8398  23.8990 0135712 158.8823 201.8021 14.02106188676582
0 STARLINK-34158
1 63996U 25101C   26283.52736512  .00020242  00000-0  74252-3 0  9997
2 63996  42.9996 224.5585 0001275  40.1251 319.9695 15.27604481 79919
0 STARLINK-31315
1 58884U 24020J   26283.52734127  .00001572  00000-0  57659-4 0  9994
2 58884  53.1611  15.9943 0000569  20.5196 339.5830 15.34394680151366
0 FENGYUN 1C DEB
1 32320U 99025CXM 26283.52727810  .00001930  00000-0  65352-3 0  9995
2 32320 100.3525 206.6032 0054135 283.4429  76.0722 14.37494497665077
0 STARLINK-3741
1 52619U 22052X   26283.52726676  .00001556  00000-0  57174-4 0  9991
2 52619  53.1625   6.0222 0001082  90.0440 270.0686 15.34400237243677
0 IRIDIUM 160
1 43569U 18061A   26283.52724854  .00000154  00000-0  47838-4 0  9995
2 43569  86.4027   8.5773 0002166  94.5322 265.6121 14.34217399429906
0 STARLINK-32030
1 61513U 24183E   26283.52724156  .00001327  00000-0  50401-4 0  9994
2 61513  53.1601 221.8171 0001790  93.8507 266.2700 15.34400472112585
0 STARLINK-11506
1 62466U 24254E   26283.52720693  .00202907  00000-0  15476-2 0  9991
2 62466  43.0009   7.6505 0001169 279.8348  80.2388 15.70823720103034
0 STARLINK-31433
1 59243U 24049N   26283.52720165 -.00000196  00000-0  24085-5 0  9992
2 59243  43.0035  10.1655 0002372 280.1540  79.9044 15.27579594145267
0 STARLINK-11167
1 60061U 24113C   26283.52710632 -.00001539  00000-0 -78599-5 0  9994
2 60061  53.1592 212.1566 0000820  84.1176 275.9935 15.69697169133602
0 STARLINK-35692
1 66513U 25263AE  26283.52701724  .00012853  00000-0  47560-3 0  9992
2 66513  43.0014 217.5610 0003434 262.4503  97.5958 15.27589007 51758
0 ONEWEB-0705
1 61610U 24188S   26283.52695778 -.00000214  00000-0 -65045-3 0  9999
2 61610  87.8929  13.3206 0002304 126.9673 233.1666 13.10375528 90569
0 FENGYUN 1C DEB
1 35245U 99025DRD 26283.52686441  .00002130  00000-0  11113-2 0  9996
2 35245  99.0799  18.7943 0059658 140.9234 233.7667 14.14687373920427
0 STARLINK-32568
1 62128U 24222Q   26283.52684778  .00013649  00000-0  50439-3 0  9996
2 62128  43.0036   3.0578 0001300 276.7750  83.2954 15.27593859105346
0 STARLINK-6079
1 56120U 23046AD  26283.52677365  .00000280  00000-0  19698-4 0  9998
2 56120  43.0047  13.9673 0001824 273.1412  86.9231 15.27583318195050
0 STARLINK-35456
1 65867U 25223P   26283.52676876  .00022555  00000-0  67627-3 0  9994
2 65867  53.1605  13.7588 0000750  51.2457 308.8613 15.34418464 57137
0 STARLINK-35616
1 66255U 25245X   26283.52673651  .00025570  00000-0  76515-3 0  9994
2 66255  53.1595   4.2511 0001496  85.0354 275.0819 15.34407982 54174
0 STARLINK-33803
1 63517U 25071AA  26283.52670039  .00023988  00000-0  72036-3 0  9991
2 63517  53.1579 219.7666 0001620 105.7359 254.3822 15.34331480 85696
0 STARLINK-37241
1 68528U 26068W   26283.52665309  .00015144  00000-0  45838-3 0  9994
2 68528  53.1602 208.0899 0001299  80.8521 279.2628 15.34403528 29887
0 QIANFAN-248
1 A0701U 26210K   26283.52664295  .00000216  00000-0  16769-3 0  9990
2 A0701  89.0053  10.2082 0006956 201.7762 158.3116 13.88854627  3526
0 STARLINK-35992
1 66852U 25281E   26283.52660560  .00018534  00000-0  68088-3 0  9990
2 66852  43.0045 210.0500 0002620 268.3049  91.7503 15.27600802 49048
0 FENGYUN 1C DEB
1 30044U 99025NV  26283.52643854  .00006540  00000-0  14675-2 0  9994
2 30044  98.2090 202.7544 0075017 319.0633  40.4946 14.55153614 24211
0 STARLINK-34431
1 64353U 25126K   26283.52643105  .00037659  00000-0  12763-2 0  9995
2 64353  70.0048 207.9454 0002424 273.2630  86.8269 15.30378509 72984
0 STARLINK-4533
1 53406U 22097U   26283.52633898  .00000159  00000-0  16877-4 0  9991
2 53406  53.1591 213.5661 0001247  99.3173 260.7969 15.31698284231309
0 STARLINK-36619
1 67645U 26020AE  26283.52630699  .00017666  00000-0  64964-3 0  9997
2 67645  43.0023   6.1833 0001269 280.1715  79.8994 15.27596827 38970
0 ONEWEB-0568
1 56062U 23043S   26283.52629857 -.00000015  00000-0 -72749-4 0  9997
2 56062  87.9179 205.8848 0002001  80.5510 279.5847 13.16592645174151
0 STARLINK-34827
1 65038U 25161Z   26283.52623140  .00030724  00000-0  91588-3 0  9991
2 65038  53.1625  11.9572 0004417  96.0088 264.1418 15.34423147 67180
0 ONEWEB-0580
1 54648U 22166G   26283.52619359 -.00000001  00000-0 -34874-4 0  9998
2 54648  87.9317 221.0328 0002301  77.0081 283.1310 13.21823919186788
0 KUIPER-00561
1 69624U 26140AJ  26283.52617345  .00002008  00000-0  29231-3 0  9994
2 69624  51.9003 223.1175 0000794  73.7561 286.3489 14.79933295 18671
0 STARLINK-36857
1 68518U 26068L   26283.52609322  .00017267  00000-0  52092-3 0  9994
2 68518  53.1616 205.9602 0001472  94.7561 265.3609 15.34404519 29910
0 STARLINK-30405
1 57851U 23141M   26283.52607330 -.00000238  00000-0  40795-5 0  9998
2 57851  53.1623   4.5335 0001092 103.5675 256.5449 15.31711832173241
0 STARLINK-34169
1 63999U 25101F   26283.52605741  .00024357  00000-0  89082-3 0  9997
2 63999  42.9990 224.5080 0001342 266.1835  93.8863 15.27613364 79914
0 STARLINK-30756
1 58129U 23162M   26283.52598010 -.00003047  00000-0 -10123-3 0  9996
2 58129  43.0034 359.1867 0001200 254.9601 105.1118 15.27582129165168
0 STARLINK-37085
1 68252U 26054W   26283.52574770  .00029481  00000-0  87948-3 0  9991
2 68252  53.1596   8.3584 0003815 101.8618 258.2812 15.34422710 32039
0 STARLINK-35416
1 66248U 25245Q   26283.52570177  .00029386  00000-0  95387-3 0  9992
2 66248  53.1607   4.2464 0001861  86.4808 273.6406 15.31737189 54114
0 STARLINK-5308
1 55300U 23010AH  26283.52562521 -.00000078  00000-0  12534-5 0  9994
2 55300  70.0001 202.6058 0003049 269.6017  90.4792 14.98330843205453
0 STARLINK-33628
1 63067U 25035R   26283.52549628  .00026266  00000-0  95986-3 0  9991
2 63067  43.0036  14.0093 0001454 277.6629  82.4058 15.27605393 92582
0 STARLINK-34428
1 64293U 25123C   26283.52549348  .00017214  00000-0  58646-3 0  9995
2 64293  70.0027   7.8058 0003977 275.1954  84.8767 15.30423403 75141
0 STARLINK-11510
1 62516U 25004F   26283.52548948  .00298557  00000-0  22392-2 0  9993
2 62516  43.0007 216.0354 0002137 264.6647  95.3977 15.70929156100999
0 KUIPER-00186
1 67140U 25301H   26283.52546053  .00001699  00000-0  25182-3 0  9996
2 67140  51.9008 208.1515 0000609  78.7873 281.3158 14.79930773 45377
0 FENGYUN 1C DEB
1 29858U 99025FC  26283.52541708  .00000878  00000-0  79112-3 0  9996
2 29858  99.2166  21.5421 0193933 344.7759  28.0544 13.78527825987116
0 ONEWEB-0035
1 45143U 20008N   26283.52540142 -.00000300  00000-0 -89492-3 0  9991
2 45143  87.8925  13.3223 0001706 101.0589 259.0731 13.10375191323040
0 STARLINK-31721
1 59536U 24074C   26283.52531612  .00000409  00000-0  24381-4 0  9996
2 59536  43.0044 209.9916 0001254 271.1506  88.9202 15.27579357138872
0 YAOGAN-30 W
1 46809U 20076C   26283.52528803  .00001768  00000-0  13047-3 0  9996
2 46809  34.9949 107.6526 0006807 350.8100   9.2483 15.03128442325503
0 STARLINK-5726
1 55608U 23020AR  26283.52528070  .00000115  00000-0  13712-4 0  9996
2 55608  43.0008 221.1171 0000743 226.3121 133.7669 15.27576434201896
0 STARLINK-36333
1 68256U 26054AA  26283.52526608  .00026185  00000-0  78315-3 0  9998
2 68256  53.1619  16.2021 0002911  89.6406 270.4930 15.34409307 31928
0 STARLINK-37883
1 A0457U 26193AA  26283.52524955  .00033950  00000-0  11493-2 0  9995
2 A0457  70.0024  21.4713 0003188 274.7139  85.3672 15.30441352  8324
0 ONEWEB-0047
1 45152U 20008X   26283.52513868 -.00000923  00000-0 -26812-2 0  9993
2 45152  87.8936  13.3282 0001514 100.5998 259.5300 13.10365257323300
0 KUIPER-00263
1 68586U 26072P   26283.52513290  .00000517  00000-0  96830-4 0  9991
2 68586  51.9029  20.7295 0000351  87.6190 272.4813 14.79931454 28549
0 STARLINK-31756
1 61517U 24183J   26283.52510988  .00000332  00000-0  20946-4 0  9990
2 61517  53.1612 221.7483 0001089  90.2828 269.8300 15.34423395112588
0 STARLINK-35812
1 66574U 25268T   26283.52492347  .00017265  00000-0  63492-3 0  9996
2 66574  43.0036 213.9913 0001111 280.5907  79.4820 15.27606842 50814
0 STARLINK-1557
1 46034U 20055H   26283.52487156  .00000087  00000-0  14566-4 0  9999
2 46034  53.1613 207.6370 0001564 111.0939 249.0230 15.31702083341775
0 STARLINK-34093
1 64015U 25101X   26283.52477030  .00016832  00000-0  61931-3 0  9997
2 64015  42.9990 224.4913 0002648 272.0306  88.0242 15.27603460 79910
0 STARLINK-32462
1 62129U 24222R   26283.52476342  .00020941  00000-0  76783-3 0  9996
2 62129  42.9994 359.5824 0001127 290.2007  69.8724 15.27602244105641
0 STARLINK-32542
1 62177U 24225Q   26283.52475695  .00025851  00000-0  87754-3 0  9997
2 62177  70.0023 341.2489 0002491 267.2298  92.8592 15.30425908102094
0 ONEWEB-0283
1 49001U 21060AL  26283.52473437  .00000037  00000-0  62496-4 0  9990
2 49001  87.9182 205.8932 0001789  68.4312 291.7010 13.16594720254794
0 STARLINK-34108
1 65872U 25223U   26283.52468876  .00032274  00000-0  96247-3 0  9998
2 65872  53.1609  13.7476 0002210  89.7696 270.3560 15.34390960 57131
0 STARLINK-35495
1 66243U 25245K   26283.52463202  .00022982  00000-0  68907-3 0  9990
2 66243  53.1605   4.2457 0001857  91.4715 268.6500 15.34407387 54168
0 STARLINK-32881
1 62997U 25031S   26283.52457658  .00017179  00000-0  63192-3 0  9996
2 62997  42.9996   9.8644 0000761 142.9339 217.1565 15.27601822 93957
0 STARLINK-33796
1 63515U 25071Y   26283.52457323  .00022421  00000-0  67258-3 0  9999
2 63515  53.1576 219.7569 0001364  67.0669 293.0477 15.34407906 85695
0 STARLINK-32869
1 62859U 25022F   26283.52456820  .00030527  00000-0  91038-3 0  9995
2 62859  53.1610 208.0761 0001560  83.4374 276.6806 15.34419606 94842
0 ONEWEB-0584
1 54651U 22166K   26283.52451024 -.00000032  00000-0 -10822-3 0  9995
2 54651  87.9311 221.0316 0002017  75.6522 284.4836 13.21824797186750
0 FENGYUN 1C DEB
1 30129U 99025SJ  26283.52443414  .00000444  00000-0  27256-3 0  9995
2 30129  98.0351 194.9457 0183434 311.6689 225.1606 14.01984065  7051
0 STARLINK-30909
1 58363U 23177N   26283.52441802  .00000699  00000-0  34931-4 0  9990
2 58363  43.0035 217.3312 0001334 263.4128  96.6572 15.27581709161084
0 ONEWEB-0023
1 45136U 20008F   26283.52441337 -.00000296  00000-0 -88327-3 0  9999
2 45136  87.8927  13.3212 0001987 102.1162 258.0188 13.10375983323181
0 STARLINK-33590
1 64316U 25123AB  26283.52433394  .00014337  00000-0  50194-3 0  9997
2 64316  70.0029   7.7962 0004969 276.9086  83.1524 15.29593193 73928
0 STARLINK-4016
1 52603U 22052F   26283.52424256 -.00000272  00000-0  30053-5 0  9996
2 52603  53.1619  15.6116 0001090  84.0462 276.0664 15.31701236244355
0 STARLINK-34772
1 65020U 25161F   26283.52412957  .00032382  00000-0  96466-3 0  9996
2 65020  53.1610  11.9468 0002499  87.3625 272.7663 15.34422415 68395
0 STARLINK-2155
1 48557U 21041E   26283.52411839  .00000146  00000-0  16471-4 0  9995
2 48557  53.1608 207.0122 0001348 101.5153 258.6000 15.31712755298197
0 YAOGAN-39 02C
1 57890U 23145E   26283.52408498  .00005004  00000-0  24796-3 0  9995
2 57890  34.9932 225.6192 0001413 199.8365 160.2293 15.17151846170389
0 STARLINK-35987
1 66860U 25281N   26283.52403705  .00017504  00000-0  64372-3 0  9993
2 66860  43.0057 210.0309 0001741 275.1868  84.8785 15.27598645 49041
0 STARLINK-5756
1 55598U 23020AF  26283.52399143 -.00000822  00000-0 -20360-4 0  9995
2 55598  43.0009 221.0907 0001228 257.7496 102.3218 15.27576491201898
0 STARLINK-34590
1 64675U 25139M   26283.52397780  .00039738  00000-0  11814-2 0  9997
2 64675  53.1600 205.7919 0001183  96.7234 263.3903 15.34388878 73227
0 STARLINK-36607
1 67620U 26020D   26283.52373884  .00012933  00000-0  47845-3 0  9991
2 67620  43.0023   6.1603 0001782 276.5775  83.4874 15.27594315 38971
0 STARLINK-34436
1 64358U 25126Q   26283.52370478  .00013045  00000-0  44591-3 0  9998
2 64358  70.0069 207.9279 0001713 291.5609  68.5384 15.30415153 72988
0 ONEWEB-0057
1 45160U 20008AF  26283.52368512 -.00000506  00000-0 -14865-2 0  9998
2 45160  87.8931  13.3313 0002297  98.5169 261.6219 13.10375489323451
0 STARLINK-31684
1 59492U 24071J   26283.52367235  .00000661  00000-0  33552-4 0  9992
2 59492  43.0029 214.0924 0001225 268.5701  91.5011 15.27576251140979
0 STARLINK-37101
1 68234U 26054C   26283.52364536  .00022265  00000-0  66730-3 0  9997
2 68234  53.1607   8.3755 0006122 104.7489 255.4193 15.34426971 32038
0 ONEWEB-0049
1 45154U 20008Z   26283.52342465 -.00000326  00000-0 -97024-3 0  9999
2 45154  87.8920  13.3269 0002173 107.1732 252.9633 13.10374874323133
0 STARLINK-37848
1 A0049U 26161X   26283.52339452  .00022205  00000-0  66621-3 0  9998
2 A0049  53.1570 264.1622 0001714  68.4722 291.6463 15.34407693 13682
0 STARLINK-31284
1 59246U 24049R   26283.52334620 -.00000069  00000-0  70274-5 0  9992
2 59246  43.0043  10.1346 0001249 223.8736 136.2016 15.27579080145254
0 STARLINK-35663
1 66491U 25263G   26283.52318095  .00014326  00000-0  52953-3 0  9991
2 66491  43.0009 217.5342 0001299 291.9752  68.0961 15.27552835 51755
0 STARLINK-31355
1 58978U 24031P   26283.52315298 -.00000490  00000-0 -33906-5 0  9994
2 58978  53.1623  16.0829 0000859  83.6318 276.4782 15.34384814149445
0 STARLINK-32502
1 62116U 24222C   26283.52299417  .00006958  00000-0  26205-3 0  9994
2 62116  43.0035   3.0331 0001243 276.8456  83.2254 15.27591636105668
0 STARLINK-6092
1 56121U 23046AE  26283.52292148  .00000643  00000-0  32887-4 0  9999
2 56121  43.0058  13.9370 0001895 276.6576  83.4060 15.27579066195051
0 GLOBALSTAR M045
1 25676U 99019A   26283.52286047 -.00000064  00000-0  26099-3 0  9999
2 25676  51.9998  16.1824 0000400 102.5662 270.6201 12.27078159252365
0 ONEWEB-0592
1 54658U 22166S   26283.52282869 -.00000007  00000-0 -47854-4 0  9999
2 54658  87.9321 221.0245 0001950  72.3825 287.7522 13.21827664186679
0 KUIPER-00187
1 67141U 25301J   26283.52277637  .00001597  00000-0  23842-3 0  9994
2 67141  51.9055 210.6907 0000927  86.8055 273.3014 14.79934824 45337
0 STARLINK-34443
1 64296U 25123F   26283.52276468  .00028842  00000-0  97827-3 0  9991
2 64296  70.0026   7.7999 0001855 261.2627  98.8339 15.30423694 75144
0 STARLINK-35986
1 66853U 25281F   26283.52275208  .00024079  00000-0  88106-3 0  9996
2 66853  43.0035 210.0222 0001723 264.4164  95.6492 15.27602954 49047
0 STARLINK-34614
1 65030U 25161R   26283.52260224  .00025204  00000-0  75426-3 0  9993
2 65030  53.1609  14.0628 0002497  90.0679 270.0610 15.34412075 68253
0 STARLINK-30604
1 58075U 23160A   26283.52249661  .00000483  00000-0  27090-4 0  9990
2 58075  43.0064 304.4660 0002677 258.9283 101.1268 15.27568329165803
0 STARLINK-30412
1 57854U 23141Q   26283.52248652  .00004189  00000-0  13504-3 0  9993
2 57854  53.1634   3.8523 0002188  85.8156 274.3097 15.34407245173251
0 STARLINK-33811
1 63504U 25071M   26283.52247578  .00016357  00000-0  49410-3 0  9997
2 63504  53.1602 219.7848 0001647 100.8861 259.2327 15.34406006 85639
0 STARLINK-36624
1 67636U 26020V   26283.52245417  .00013004  00000-0  48090-3 0  9991
2 67636  43.0023   6.1466 0002130 278.0186  82.0424 15.27604533 38976
0 STARLINK-32813
1 62869U 25022R   26283.52245110  .00015378  00000-0  46514-3 0  9990
2 62869  53.1596 208.0778 0002101  81.2663 278.8578 15.34412689 94847
0 FENGYUN 1C DEB
1 31247U 99025BMD 26283.52244902  .00000373  00000-0  25437-3 0  9998
2 31247  99.3395 186.2130 0059048 315.1043 219.8721 14.05693917997607
0 IRIDIUM 33 DEB
1 34145U 97051DY  26283.52242655  .00002008  00000-0  57146-3 0  9997
2 34145  86.2165 197.8836 0050956 175.1141 185.0569 14.44114012919919
0 STARLINK-5463
1 55673U 23021AX  26283.52240451  .00051298  00000-0  33157-2 0  9994
2 55673  70.0006 342.0213 0002545 273.3798  86.7075 15.07936030201483
0 STARLINK-11166
1 60062U 24113D   26283.52219877 -.00001719  00000-0 -93409-5 0  9997
2 60062  53.1588 212.1240 0000992  86.6883 273.4248 15.69702236133308
0 ONEWEB-0619
1 55160U 23004W   26283.52214025  .00000041  00000-0  72630-4 0  9995
2 55160  87.9182 342.9614 0002179  90.9944 269.1437 13.17648313182782
0 STARLINK-30754
1 58124U 23162G   26283.52213170 -.00000978  00000-0 -26018-4 0  9993
2 58124  43.0054 359.1612 0001779 285.9576  74.1080 15.27577702159379
0 STARLINK-11455
1 62463U 24254B   26283.52204835  .00207776  00000-0  15755-2 0  9992
2 62463  43.0010   8.5050 0001753 229.7198 130.3517 15.70947385103185
0 STARLINK-34773
1 65024U 25161K   26283.52202506  .00032114  00000-0  95663-3 0  9998
2 65024  53.1613  11.9322 0004384  93.9576 266.1928 15.34423475 68279
0 STARLINK-30791
1 58177U 23167C   26283.52202145  .00000859  00000-0  40721-4 0  9999
2 58177  43.0031   9.9085 0001442 265.1634  94.9053 15.27581666163849
0 STARLINK-33768
1 63454U 25069X   26283.52200538  .00017260  00000-0  52060-3 0  9992
2 63454  53.1606 216.2611 0002217  76.5601 283.5648 15.34411114 86400
0 ONEWEB-0685
1 54679U 22166AP  26283.52199625  .00000001  00000-0 -27979-4 0  9998
2 54679  87.9312 220.9894 0002399  83.1393 277.0014 13.23189109186662
0 STARLINK-37126
1 68520U 26068N   26283.52188676  .00024771  00000-0  74147-3 0  9994
2 68520  53.1615 205.9350 0001179  71.5988 288.5143 15.34415969 29913
0 STARLINK-35608
1 66508U 25263Z   26283.52188057  .00024577  00000-0  89866-3 0  9995
2 66508  43.0016 217.5240 0003029 264.4329  95.6177 15.27614357 51750
0 STARLINK-4774
1 56138U 23046AY  26283.52163646  .00000708  00000-0  35256-4 0  9992
2 56138  43.0052  13.9183 0002128 275.0818  84.9791 15.27577936195058
0 ONEWEB-0254
1 48972U 21060F   26283.52156084 -.00000074  00000-0 -22695-3 0  9991
2 48972  87.9179 205.8894 0001507  72.6104 287.5192 13.16595143254768
0 FENGYUN 1C DEB
1 30843U 99025AWD 26283.52153869  .00000415  00000-0  10045-3 0  9996
2 30843  98.8236  15.9558 0146109 285.9198  72.5937 14.52898364 36723
0 QIANFAN-246
1 A0699U 26210H   26283.52151934  .00000239  00000-0  18266-3 0  9996
2 A0699  89.0053  10.2077 0007500 199.1634 160.9258 13.90144241  3523
0 STARLINK-31741
1 59550U 24074S   26283.52146157 -.00000049  00000-0  77347-5 0  9990
2 59550  43.0040 209.9621 0000967 278.0376  82.0366 15.27577786138878
0 STARLINK-5318
1 55304U 23010AM  26283.52145379 -.00000038  00000-0  45769-5 0  9998
2 55304  70.0004 202.5934 0003012 271.2350  88.8464 14.98332433205455
0 STARLINK-5700
1 55607U 23020AQ  26283.52143540 -.00000566  00000-0 -11061-4 0  9997
2 55607  43.0011 221.0948 0000832 227.8605 132.2176 15.27570589201894
0 STARLINK-3762
1 52374U 22045AV  26283.52141631  .00000328  00000-0  20868-4 0  9999
2 52374  53.1593 285.8844 0001864  43.0732 317.0416 15.34387825248615
0 STARLINK-30285
1 57840U 23141A   26283.52141107  .00000297  00000-0  21342-4 0  9991
2 57840  53.1637   4.5515 0001427  97.5779 262.5384 15.31711724173248
0 STARLINK-34250
1 64690U 25139AC  26283.52136747  .00027490  00000-0  82096-3 0  9991
2 64690  53.1608 204.3522 0001123  90.7101 269.4030 15.34431123 73240
0 STARLINK-31798
1 59635U 24082E   26283.52130265 -.00000629  00000-0 -13353-4 0  9997
2 59635  43.0019   6.8982 0001103 271.4718  88.6008 15.27572650137668
0 IRIDIUM 73
1 25344U 98032C   26283.52128448  .00000374  00000-0  86868-4 0  9999
2 25344  86.4468 202.7109 0002324 100.7629 259.3838 14.52289214500262
0 ONEWEB-0606
1 54670U 22166AE  26283.52115478 -.00000047  00000-0 -14534-3 0  9996
2 54670  87.9316 221.0514 0001761  71.8557 288.2768 13.21825643186800
0 STARLINK-35810
1 66575U 25268U   26283.52107188  .00024585  00000-0  89912-3 0  9991
2 66575  43.0024 213.9624 0001057 287.3683  72.7053 15.27610306 50810
0 STARLINK-31351
1 58972U 24031H   26283.52104237  .00001448  00000-0  54000-4 0  9996
2 58972  53.1620  16.0704 0001025  90.4639 269.6481 15.34394482149459
0 STARLINK-35338
1 66250U 25245S   26283.52103606  .00027174  00000-0  88289-3 0  9990
2 66250  53.1600   4.2188 0006431 100.9236 259.2489 15.31734585 54071
0 STARLINK-34444
1 64369U 25126AB  26283.52097869  .00011390  00000-0  38992-3 0  9999
2 64369  70.0048 207.9202 0002199 281.1277  78.9652 15.30419068 72980
0 STARLINK-1046
1 44751U 19074AQ  26283.52092127  .00070290  00000-0  49614-3 0  9996
2 44751  53.0405 246.8399 0004970  65.4778 294.6758 15.73413737381912
0 STARLINK-38013
1 A0430U 26192AC  26283.52091955  .00022420  00000-0  67255-3 0  9992
2 A0430  53.1615 212.4225 0001530  80.1963 279.9213 15.34406643  9046
0 IRIDIUM 158
1 43571U 18061C   26283.52090866  .00000061  00000-0  14553-4 0  9992
2 43571  86.4021   8.5391 0002142  94.0109 266.1332 14.34217525429890
0 STARLINK-30772
1 58135U 23162T   26283.52084290 -.00000052  00000-0  76554-5 0  9997
2 58135  43.0079 359.1530 0002092 274.4475  85.6138 15.27581090165167
0 STARLINK-30755
1 58186U 23167M   26283.52073916  .00000512  00000-0  28123-4 0  9999
2 58186  43.0030   9.9001 0001652 262.3733  97.6932 15.27578874163841
0 GLOBALSTAR M096
1 39075U 13005D   26283.52060542 -.00000099  00000-0  26223-4 0  9996
2 39075  52.0068 208.5342 0000538  80.0529 280.0398 12.62264693631956
0 STARLINK-34770
1 65036U 25161X   26283.52049587  .00039045  00000-0  11598-2 0  9993
2 65036  53.1616  14.0464 0001522  82.0290 278.0886 15.34425579 67157
0 STARLINK-30292
1 57844U 23141E   26283.52037774 -.00000884  00000-0 -15004-4 0  9991
2 57844  53.1643   3.8452 0001918  88.2564 271.8659 15.34399966173257
0 STARLINK-33838
1 63500U 25071H   26283.52037364  .00014159  00000-0  42929-3 0  9999
2 63500  53.1609 219.7824 0001759  81.7335 278.3868 15.34407582 85488
0 STARLINK-32224
1 60941U 24155T   26283.52035754 -.00001863  00000-0 -44021-4 0  9994
2 60941  53.1599 208.1687 0001580  80.9088 279.2093 15.34395659119297
0 STARLINK-38262
1 A0391U 26190W   26283.52035122  .00028474  00000-0  88083-3 0  9997
2 A0391  97.2831 137.5889 0001762  98.0517 262.0926 15.33450766  9413
0 IRIDIUM 33 DEB
1 35915U 97051TY  26283.52016604  .00011389  00000-0  12367-2 0  9993
2 35915  86.3461 204.0981 0007116 207.2171 152.8683 14.88016994125643
0 KUIPER-00010
1 63726U 25088C   26283.52008018  .00000688  00000-0  11930-3 0  9991
2 63726  51.9030 213.1415 0000930  69.3728 290.7334 14.79929880 79548
0 FENGYUN 1C DEB
1 33730U 99025DHT 26283.51997729  .00007689  00000-0  13378-2 0  9995
2 33730  99.0361  16.5506 0037779 162.7392 197.5104 14.67954100   523
0 STARLINK-33763
1 63452U 25069V   26283.51990254  .00029329  00000-0  87579-3 0  9992
2 63452  53.1607 216.2492 0001491  85.2018 274.9155 15.34398941 86418
0 STARLINK-31385
1 58985U 24031W   26283.51990005 -.00000094  00000-0  83760-5 0  9998
2 58985  53.1595  11.7681 0001622  89.8925 270.2263 15.34398859149507
0 STARLINK-4732
1 53870U 22114BE  26283.51987703 -.00001243  00000-0 -25659-4 0  9997
2 53870  53.1635   0.0370 0001174  77.7458 282.3676 15.34400101226091
0 STARLINK-11330
1 62011U 24213D   26283.51979127  .00185857  00000-0  14963-2 0  9993
2 62011  53.1567  62.4508 0001831  41.8581 318.2576 15.69846812108656
0 STARLINK-11238
1 60928U 24155E   26283.51976187  .00000509  00000-0  90676-5 0  9994
2 60928  53.1595   2.2368 0001474  84.3822 275.7364 15.69709736122191
0 STARLINK-3419
1 51463U 22010H   26283.51963723 -.00007421  00000-0 -22737-3 0  9991
2 51463  53.1607  16.0140 0001099  54.7650 305.3454 15.31735039259200
0 STARLINK-31425
1 59253U 24049Y   26283.51948808 -.00000732  00000-0 -17075-4 0  9995
2 59253  43.0016  10.1051 0001208 295.3913  64.6814 15.27583594145256
0 STARLINK-37092
1 68240U 26054J   26283.51944044  .00029798  00000-0  88868-3 0  9995
2 68240  53.1600   8.3399 0005266  99.4436 260.7162 15.34421101 32037
0 FENGYUN 1C DEB
1 37445U 99025EHP 26283.51935061  .00001146  00000-0  41359-3 0  9996
2 37445  99.2511  19.4297 0168313 145.8922 215.3210 14.28136380687468
0 ONEWEB-0037
1 45440U 20020S   26283.51915930  .00000378  00000-0  10315-2 0  9995
2 45440  87.8978 358.1330 0001921 107.2571 252.8768 13.11416097317816
0 STARLINK-5307
1 55658U 23021AG  26283.51915368  .00001396  00000-0  12476-3 0  9998
2 55658  70.0003   2.6795 0003004 266.5479  93.5336 14.98331783200970
0 STARLINK-32245
1 62133U 24222V   26283.51914257  .00018042  00000-0  66314-3 0  9990
2 62133  43.0033   2.9996 0001128 274.4140  85.6582 15.27600511105760
0 STARLINK-6126
1 56124U 23046AJ  26283.51906963  .00001658  00000-0  69805-4 0  9995
2 56124  43.0058  13.9114 0001960 276.3814  83.6814 15.27566900195057
0 STARLINK-1553
1 46348U 20062Z   26283.51898606  .00036940  00000-0  70276-3 0  9996
2 46348  53.0359   7.6875 0002559  96.5701 263.5597 15.47896546338448
0 STARLINK-31379
1 58984U 24031V   26283.51895388 -.00001362  00000-0 -29213-4 0  9997
2 58984  53.1615  16.0544 0000090 135.4325 224.6685 15.34381864149447
0 STARLINK-4810
1 53869U 22114BD  26283.51887601 -.00000226  00000-0  44666-5 0  9990
2 53869  53.1619  12.8363 0001108  80.5543 279.5583 15.31698455225911
0 STARLINK-36617
1 67634U 26020T   26283.51875080  .00015784  00000-0  58161-3 0  9990
2 67634  43.0016   6.9972 0000615 234.1882 125.8913 15.27595895 38966
0 ONEWEB-0311
1 49097U 21075Y   26283.51874896  .00000056  00000-0  11123-3 0  9995
2 49097  87.9176 342.9660 0002363 100.4672 259.6726 13.17650455248810
0 ONEWEB-0707
1 61612U 24188U   26283.51846763 -.00000350  00000-0 -10380-2 0  9994
2 61612  87.8954  13.3231 0001913 115.2066 244.9260 13.10372930 98426
0 STARLINK-34804
1 65026U 25161M   26283.51839211  .00031720  00000-0  94531-3 0  9993
2 65026  53.1613  14.0338 0002654  90.1357 269.9950 15.34420112 68266
0 ONEWEB-0284
1 49002U 21060AM  26283.51838672 -.00000022  00000-0 -90515-4 0  9995
2 49002  87.9181 205.8891 0001608  81.3479 278.7834 13.16595386254772
0 STARLINK-35615
1 66257U 25245Z   26283.51832162  .00038025  00000-0  11298-2 0  9994
2 66257  53.1594   4.1996 0002512  89.5545 270.5746 15.34427859 54176
0 STARLINK-30799
1 58121U 23162D   26283.51827121  .00000060  00000-0  11713-4 0  9992
2 58121  43.0048 359.1332 0001438 283.2856  76.7836 15.27576507165165
0 STARLINK-31305
1 59232U 24049B   26283.51819831  .00000958  00000-0  44323-4 0  9999
2 59232  43.0016  10.0792 0001468 263.4349  96.6335 15.27581152145241
0 FENGYUN 1C DEB
1 31691U 99025CCZ 26283.51809328  .00003155  00000-0  12504-2 0  9990
2 31691  98.8785  19.6733 0058632  86.4557 274.3328 14.28644887684172
0 STARLINK-35897
1 66501U 25263S   26283.51804182  .00016392  00000-0  60353-3 0  9997
2 66501  42.9981 217.4985 0000740 274.9258  85.1509 15.27598892 51759
0 STARLINK-30140
1 57458U 23107B   26283.51804082  .00000296  00000-0  20292-4 0  9997
2 57458  43.0040 206.1671 0001138 268.4159  91.6562 15.27576686177965
0 STARLINK-2326
1 47870U 21021L   26283.51801961  .00035184  00000-0  11167-2 0  9993
2 47870  53.1597   1.1485 0001676  45.6969 314.4170 15.32368912308883
0 STARLINK-1122
1 44949U 20001AM  26283.51791993  .00051858  00000-0  45691-3 0  9993
2 44949  53.1497   6.3887 0002222  54.7502 305.3723 15.68242356373619
0 FENGYUN 1C DEB
1 30838U 99025AVY 26283.51788290  .00007304  00000-0  17939-2 0  9993
2 30838  99.0452 224.5150 0034500 338.8689  21.1077 14.52301925 16848
0 STARLINK-35656
1 66391U 25257M   26283.51783838  .00019452  00000-0  58577-3 0  9996
2 66391  53.1584 299.9447 0001359  92.4356 267.6802 15.34376874 52718
0 STARLINK-34286
1 65035U 25161W   26283.51782423  .00028143  00000-0  84167-3 0  9994
2 65035  53.1607  11.9035 0002771  88.0398 272.0922 15.34371028 67185
0 STARLINK-33762
1 63442U 25069K   26283.51779956  .00019574  00000-0  58889-3 0  9998
2 63442  53.1603 216.2536 0001751  79.9726 280.1475 15.34401912 86425
0 ONEWEB-0603
1 54667U 22166AB  26283.51779726  .00000073  00000-0  14465-3 0  9993
2 54667  87.9325 221.0207 0001982  75.4296 284.7058 13.21826061186718
0 STARLINK-31711
1 59438U 24065T   26283.51777018  .00008579  00000-0  26469-3 0  9992
2 59438  53.1608   0.0543 0001160  88.0122 272.1013 15.34408820141877
0 STARLINK-3748
1 52267U 22041G   26283.51774936 -.00001301  00000-0 -27362-4 0  9995
2 52267  53.1606 206.4481 0001453  94.2643 265.8526 15.34395087247047
0 STARLINK-31519
1 59546U 24074N   26283.51761010  .00002047  00000-0  83898-4 0  9991
2 59546  43.0020 209.9340 0000755 300.1564  59.9213 15.27572064138878
0 FENGYUN 1C DEB
1 29801U 99025CT  26283.51759699  .00000270  00000-0  10231-3 0  9996
2 29801  98.7767 195.4026 0104578  96.5739  77.4110 14.36150209 32711
0 STARLINK-5719
1 55609U 23020AS  26283.51757142  .00000080  00000-0  12414-4 0  9999
2 55609  43.0014 221.0663 0001125 257.0845 102.9881 15.27577050201897
0 STARLINK-31807
1 59639U 24082J   26283.51744267  .00000675  00000-0  34047-4 0  9995
2 59639  43.0016   6.8679 0001012 256.7215 103.3524 15.27580264137667
0 STARLINK-2371
1 47911U 21021BD  26283.51739239  .00037822  00000-0  11413-2 0  9992
2 47911  53.1580   0.8898 0003718  21.5403 338.5755 15.33938005308838
0 STARLINK-34354
1 64314U 25123Z   26283.51738526  .00022471  00000-0  76324-3 0  9990
2 64314  70.0012   8.1755 0004725 278.6837  81.3803 15.30439379 73912
0 STARLINK-5316
1 55305U 23010AN  26283.51730534  .00000077  00000-0  14215-4 0  9994
2 55305  70.0001 202.9840 0002929 269.7871  90.2953 14.98329589205457
0 STARLINK-11165
1 60063U 24113E   26283.51729232 -.00000780  00000-0 -15813-5 0  9998
2 60063  53.1603 212.0903 0001046  90.1428 269.9710 15.69702670133304
0 STARLINK-4304
1 53414U 22097AC  26283.51726048  .00001080  00000-0  43121-4 0  9995
2 53414  53.1590 214.2696 0001190  92.6877 267.4262 15.34389460231280
0 GLOBALSTAR M064
1 26084U 00008D   26283.51722212 -.00000086  00000-0 -43913-4 0  9991
2 26084  52.0061  19.6977 0001111 242.4105 117.6615 11.88547014224214
0 STARLINK-35814
1 66576U 25268V   26283.51721826  .00025130  00000-0  91813-3 0  9992
2 66576  43.0068 213.9302 0000912 292.0506  68.0249 15.27634017 50818
0 STARLINK-34464
1 64664U 25139A   26283.51716820  .00014154  00000-0  42925-3 0  9997
2 64664  53.1609 204.3331 0001371 103.4503 256.6653 15.34399573 73244
0 YAOGAN-39 02B
1 57889U 23145D   26283.51707975  .00005852  00000-0  28881-3 0  9994
2 57889  34.9908 225.4520 0007502  52.2908 307.8484 15.17234608170416
0 STARLINK-4479
1 53415U 22097AD  26283.51701489  .00001595  00000-0  63152-4 0  9995
2 53415  53.1597 213.6228 0001251  93.2066 266.9079 15.31706067231279
0 STARLINK-30781
1 58123U 23162F   26283.51699422 -.00000184  00000-0  28268-5 0  9997
2 58123  43.0048 359.1361 0001431 267.5253  92.5435 15.27575234165165
0 STARLINK-30796
1 58189U 23167Q   26283.51688163  .00001272  00000-0  55733-4 0  9998
2 58189  43.0048   9.8707 0001707 265.7332  94.3325 15.27580329163846
0 STARLINK-31531
1 59477U 24068Y   26283.51674974  .00000212  00000-0  17240-4 0  9999
2 59477  43.0032 206.1347 0001291 265.2980  94.7724 15.27577818142005
0 STARLINK-30272
1 57860U 23141W   26283.51674260  .00000928  00000-0  41639-4 0  9995
2 57860  53.1631   4.5257 0001295  90.2859 269.8291 15.31714956173246
0 STARLINK-11518
1 62462U 24254A   26283.51671503  .00289535  00000-0  21625-2 0  9996
2 62462  43.0008   8.4627 0002539 242.3861 117.6749 15.71055388103191
0 STARLINK-30885
1 58361U 23177L   26283.51671363 -.00000102  00000-0  58300-5 0  9991
2 58361  43.0031 217.2735 0001108 266.1252  93.9473 15.27580250161094
0 STARLINK-38000
1 A0428U 26192AA  26283.51671214  .00023582  00000-0  70657-3 0  9990
2 A0428  53.1616 212.4117 0001393  76.2420 283.8737 15.34414100  8989
0 STARLINK-5386
1 54834U 22177Q   26283.51661659  .00000049  00000-0  11294-4 0  9997
2 54834  43.0027   3.2294 0001311 267.1231  92.9471 15.27576628209787
0 STARLINK-2448
1 48111U 21027V   26283.51655975  .00086841  00000-0  11755-2 0  9999
2 48111  53.1488 217.2002 0005598  99.5206 260.6439 15.56985468305834
0 FENGYUN 1C DEB
1 30505U 99025AHT 26283.51645938  .00002385  00000-0  10432-2 0  9990
2 30505  98.9160  12.0051 0063122  97.0989  25.5305 14.23669167 12078
0 STARLINK-5698
1 55623U 23020BG  26283.51629266 -.00000940  00000-0 -24662-4 0  9995
2 55623  43.0017 221.0493 0001006 261.2549  98.8189 15.27571789 25311
0 STARLINK-36527
1 67631U 26020Q   26283.51618016  .00025486  00000-0  93198-3 0  9990
2 67631  43.0016   6.9801 0001149 271.3476  88.7244 15.27597200 38965
0 STARLINK-32862
1 62864U 25022L   26283.51613638  .00031946  00000-0  95265-3 0  9994
2 62864  53.1615 208.0376 0001325  76.7823 283.3327 15.34398643 94848
0 STARLINK-35419
1 66559U 25268C   26283.51592057  .00022190  00000-0  81254-3 0  9996
2 66559  43.0018 213.9251 0000697 266.2355  93.8417 15.27617423 50817
0 ONEWEB-0614
1 55156U 23004S   26283.51588206 -.00002137  00000-0 -60656-2 0  9997
2 55156  87.8954 358.1577 0002293 102.9589 257.1795 13.11429221180956
0 STARLINK-11541
1 63015U 25032L   26283.51581031  .00184565  00000-0  14107-2 0  9996
2 63015  42.9994 340.1448 0001563 265.7441  94.3248 15.70830521 96010
0 FENGYUN 1C DEB
1 29836U 99025EE  26283.51577175  .00000929  00000-0  19456-3 0  9990
2 29836  98.1880  18.2917 0151673 349.2898  22.8369 14.55240130679432
0 STARLINK-33756
1 63458U 25069AB  26283.51569438  .00021441  00000-0  64376-3 0  9991
2 63458  53.1612 216.2141 0001715  92.3880 267.7319 15.34406204 86410
0 STARLINK-3746
1 52268U 22041H   26283.51556876  .00000204  00000-0  17174-4 0  9996
2 52268  53.1602 205.8467 0001305  87.1257 272.9895 15.34389640247056
0 STARLINK-1556
1 46033U 20055G   26283.51554032 -.00001194  00000-0 -26705-4 0  9995
2 46033  53.1609 207.6211 0001266  99.1897 260.9248 15.31711488341771
0 STARLINK-5757
1 55580U 23020M   26283.51549717  .00002684  00000-0  10700-3 0  9991
2 55580  43.0033 206.3279 0001638 262.8064  97.2602 15.27593074202062
0 KUIPER-00088
1 65133U 25171B   26283.51549662  .00002540  00000-0  36202-3 0  9990
2 65133  51.9001 295.6111 0000499  37.1849 322.9148 14.79935046 64608
0 STARLINK-34765
1 66506U 25263X   26283.51547300  .00029343  00000-0  10705-2 0  9993
2 66506  43.0016 217.4744 0001022  43.1069 316.9862 15.27613467 51751
0 GLOBALSTAR M065
1 31571U 07020A   26283.51526520 -.00000164  00000-0 -33824-3 0  9999
2 31571  51.9891 204.2584 0009191 296.8723 234.2459 12.62034180894056
0 STARLINK-37075
1 68255U 26054Z   26283.51523262  .00023418  00000-0  70149-3 0  9992
2 68255  53.1580   8.2935 0003285 102.2588 257.8782 15.34423319 32033
0 KUIPER-00534
1 69606U 26140Q   26283.51516810 -.00039881  00000-0 -14156-2 0  9998
2 69606  51.8831 203.4329 0011888 204.2626 155.7799 15.28352884 18947
0 STARLINK-34555
1 64665U 25139B   26283.51506904  .00029763  00000-0  88886-3 0  9996
2 64665  53.1614 204.3210 0001490  89.4634 270.6539 15.34388013 73142
0 ONEWEB-0699
1 61605U 24188M   26283.51506361 -.00000668  00000-0 -19511-2 0  9990
2 61605  87.8925  13.3232 0001269 119.7973 240.3280 13.10372865 98415
0 STARLINK-35991
1 66861U 25281P   26283.51505645  .00026433  00000-0  96580-3 0  9996
2 66861  43.0010 209.9617 0001622  62.3546 297.7470 15.27608168 49045
0 STARLINK-2610
1 48376U 21038Z   26283.51502503  .00637273  20794-3  89659-3 0  9997
2 48376  53.1451  21.5745 0008998 338.3140  21.7510 16.05124806300786
0 STARLINK-5510
1 55647U 23021V   26283.51496425  .00000735  00000-0  69396-4 0  9994
2 55647  70.0003   2.6651 0003381 269.0479  91.0293 14.98336632200978
0 STARLINK-36599
1 67638U 26020X   26283.51489307  .00028874  00000-0  10540-2 0  9999
2 67638  43.0016   6.9613 0001501 271.3359  88.7320 15.27601425 38965
0 STARLINK-11385
1 62014U 24213G   26283.51488535  .00181834  00000-0  14648-2 0  9995
2 62014  53.1582  62.4197 0001316  15.4991 344.6067 15.69845223108653
0 STARLINK-11507
1 62519U 25004J   26283.51485038  .00313233  00000-0  23304-2 0  9998
2 62519  43.0001 215.9499 0002860 292.6785  67.3781 15.71076990100993
0 UME 2 (ISS-B)
1 10674U 78018A   26283.51480951 -.00000035  00000-0  24525-4 0  9997
2 10674  69.3660  18.7227 0165265 338.0729  32.3444 13.43717530386139
0 KUIPER-00034
1 63747U 25088Z   26283.51468153  .00000324  00000-0  71483-4 0  9990
2 63747  51.9022 218.1689 0000657  65.2207 294.8824 14.79932012 79633
0 STARLINK-34355
1 64306U 25123R   26283.51465271  .00115833  00000-0  38850-2 0  9991
2 64306  70.0052   8.1698 0003496 271.0602  89.0173 15.30299105 73910
0 IRIDIUM 156
1 43576U 18061H   26283.51456582  .00000033  00000-0  48823-5 0  9994
2 43576  86.4021   8.5122 0002053  95.5174 264.6256 14.34217680429908
0 STARLINK-30765
1 58119U 23162B   26283.51441966 -.00000390  00000-0 -46402-5 0  9990
2 58119  43.0042 359.1100 0001200 254.9172 105.1547 15.27579365165163
0 STARLINK-30830
1 58194U 23167V   26283.51431079  .00000810  00000-0  38954-4 0  9999
2 58194  43.0037   9.8302 0000939 272.1242  87.9502 15.27581352163841
0 YAOGAN-37
1 55244U 23006C   26283.51428745  .00004358  00000-0  24370-3 0  9997
2 55244  43.1967 203.9737 0011279 312.2777  47.7116 15.14630429207394
0 STARLINK-4743
1 53787U 22111Q   26283.51424607  .00000525  00000-0  28678-4 0  9994
2 53787  53.1637  13.0963 0001036  98.6207 261.4912 15.31698142226354
0 STARLINK-5366
1 55499U 23015BC  26283.51418941  .00000534  00000-0  28941-4 0  9997
2 55499  43.0035 206.1836 0001489 271.2988  88.7693 15.27580208204201
0 STARLINK-34789
1 65022U 25161H   26283.51418691  .00023956  00000-0  71783-3 0  9990
2 65022  53.1618  14.0112 0001197  96.7446 263.3693 15.34402680 68249
0 STARLINK-35696
1 66489U 25263E   26283.51418126  .00028848  00000-0  10529-2 0  9999
2 66489  43.0045 217.4705 0000598 271.4753  88.6030 15.27605853 51753
0 ONEWEB-0068
1 45446U 20020Y   26283.51407752  .00000488  00000-0  13402-2 0  9991
2 45446  87.8967 358.1551 0001900  95.3144 264.8201 13.11415912317714
0 STARLINK-30404
1 57853U 23141P   26283.51405646 -.00003079  00000-0 -79996-4 0  9996
2 57853  53.1570   3.7964 0000995  55.8309 304.2788 15.34410272173252
0 STARLINK-32841
1 62865U 25022M   26283.51403558  .00024670  00000-0  73841-3 0  9995
2 62865  53.1604 208.0271 0001120  88.4295 271.6836 15.34420467 94831
0 STARLINK-37308
1 68952U 26099B   26283.51400614  .00037849  00000-0  11234-2 0  9992
2 68952  53.1603 342.4934 0001993 152.0489 208.0621 15.34464333 24977
0 JILIN-01 KUANFU 01
1 45016U 20003A   26283.51390219  .00002148  00000-0  13151-3 0  9991
2 45016  97.4929 355.1907 0008015 264.3868  95.6448 15.11246397372747
0 STARLINK-5677
1 55463U 23015Q   26283.51380875  .00025947  00000-0  11110-2 0  9995
2 55463  42.9966 211.1287 0008608 163.6203 196.4926 15.22285882203393
0 STARLINK-31722
1 59549U 24074R   26283.51375041  .00000440  00000-0  25507-4 0  9997
2 59549  43.0029 209.9026 0001096 277.4862  82.5865 15.27582637138879
0 STARLINK-32704
1 62826U 25018W   26283.51370057  .00145420  00000-0  14603-2 0  9991
2 62826  53.1466  12.0464 0004916   0.8669 359.2354 15.64520175 96335
0 ONEWEB-0287
1 49077U 21075C   26283.51369795  .00000077  00000-0  16408-3 0  9994
2 49077  87.9176 342.9693 0002297 102.3292 257.8096 13.17650311248810
0 STARLINK-35425
1 65874U 25223W   26283.51365571  .00026253  00000-0  78500-3 0  9999
2 65874  53.1616  12.2638 0003127 300.3772  59.6921 15.34413755 57159
0 FENGYUN 1C DEB
1 30446U 99025AFH 26283.51362344  .00003761  00000-0  10272-2 0  9992
2 30446  98.6053  15.6615 0032197 263.9923  95.7599 14.47598590 25407
0 STARLINK-31802
1 59636U 24082F   26283.51358668  .00000753  00000-0  36891-4 0  9994
2 59636  43.0028   6.8405 0001504 273.8906  86.1774 15.27584197137661
0 STARLINK-33747
1 63444U 25069M   26283.51358542  .00015773  00000-0  47680-3 0  9998
2 63444  53.1596 216.2243 0001341  69.7560 290.3586 15.34412216 86358
0 STARLINK-4656
1 53745U 22107AX  26283.51357564 -.00002001  00000-0 -48126-4 0  9993
2 53745  53.1633   0.0752 0001297 103.5242 256.5905 15.34390076227299
0 STARLINK-36250
1 68513U 26068F   26283.51346847  .00029132  00000-0  87038-3 0  9990
2 68513  53.1607 205.8799 0001279  90.0066 270.1084 15.34386273 29912
0 STARLINK-35411
1 66560U 25268D   26283.51335376  .00018705  00000-0  68717-3 0  9993
2 66560  42.9998 213.9045 0002621 266.6660  93.3892 15.27595412 50812
0 STARLINK-33894
1 63697U 25087A   26283.51316045  .00026636  00000-0  79653-3 0  9995
2 63697  53.1592 296.5091 0001416  80.9122 279.2041 15.34405518 82162
0 STARLINK-3927
1 52569U 22051AN  26283.51315956  .00000405  00000-0  24800-4 0  9990
2 52569  53.1593 217.1044 0001155  93.2617 266.8517 15.31703809244253
0 STARLINK-30759
1 58122U 23162E   26283.51313692  .00000564  00000-0  30034-4 0  9992
2 58122  43.0046 359.1136 0001191 262.0924  97.9792 15.27580446165177
0 STARLINK-5236
1 55274U 23010F   26283.51313225  .00000055  00000-0  12435-4 0  9991
2 55274  70.0001 202.9702 0003039 269.5596  90.5215 14.98329567205454
0 STARLINK-37043
1 68246U 26054Q   26283.51313035  .00021984  00000-0  65960-3 0  9998
2 68246  53.1614   8.2941 0002616  90.5705 269.5597 15.34412049 32037
0 STARLINK-11666
1 63667U 25085D   26283.51305077  .00309823  00000-0  23094-2 0  9992
2 63667  43.0002  63.9198 0002436 237.4795 122.5838 15.71042930 83931
0 STARLINK-3957
1 52562U 22051AF  26283.51304834  .00000408  00000-0  23221-4 0  9995
2 52562  53.1589 214.2002 0001016  93.5739 266.5379 15.34385471244298
0 STARLINK-30820
1 58190U 23167R   26283.51302482  .00001505  00000-0  64180-4 0  9992
2 58190  43.0044   9.8372 0001447 269.2499  90.8187 15.27585938163844
0 STARLINK-34565
1 64686U 25139Y   26283.51296237  .00022006  00000-0  66027-3 0  9990
2 64686  53.1606 204.2977 0001527  78.8814 281.2360 15.34412500 73248
0 YAOGAN-36 01C
1 53947U 22120E   26283.51294066  .00027918  00000-0  64431-3 0  9997
2 53947  35.0033 214.2407 0003112 174.7781 185.2972 15.41571700225583
0 STARLINK-31733
1 59486U 24071C   26283.51291343  .00000489  00000-0  27301-4 0  9993
2 59486  43.0040 206.2298 0001156 269.7046  90.3673 15.27580764141066
0 KUIPER-00062
1 64522U 25134Y   26283.51291221  .00000945  00000-0  15297-3 0  9993
2 64522  51.8977   0.5910 0000277  58.8666 301.2324 14.79930995 71928
0 STARLINK-30905
1 58356U 23177F   26283.51285785 -.00000152  00000-0  39871-5 0  9991
2 58356  43.0002 217.2123 0001200 262.7125  97.3591 15.27574300161022
0 STARLINK-34458
1 64360U 25126S   26283.51280045  .00011467  00000-0  39258-3 0  9990
2 64360  70.0056 207.8911 0002033 280.5416  79.5530 15.30415357 72980
0 STARLINK-5394
1 54830U 22177L   26283.51276290  .00001242  00000-0  54644-4 0  9998
2 54830  43.0021   3.2021 0000984 274.8316  85.2424 15.27585097209771
0 ONEWEB-0069
1 45430U 20020G   26283.51264842  .00000527  00000-0  14510-2 0  9990
2 45430  87.8969 358.1613 0001842  94.2487 265.8851 13.11416948317780
0 STARLINK-37684
1 A0426U 26192Y   26283.51249440 -.00294028  00000-0 -89761-2 0  9992
2 A0426  53.1623 212.3818 0001103 114.3993 245.7125 15.34605075  8981
0 STARLINK-36117
1 66865U 25281T   26283.51247339  .00024805  00000-0  90744-3 0  9990
2 66865  43.0031 209.9420 0001574 270.6334  89.4338 15.27596583 49045
0 STARLINK-11169
1 60064U 24113F   26283.51238188 -.00003290  00000-0 -22301-4 0  9992
2 60064  53.1589 212.0578 0001011  75.8731 284.2400 15.69714835133307
0 ONEWEB-0086
1 45456U 20020AJ  26283.51237589  .00000569  00000-0  15709-2 0  9993
2 45456  87.8974 358.1573 0001312  81.3924 278.7353 13.11416753317722
0 FENGYUN 1C DEB
1 31913U 99025CLQ 26283.51233564  .00002421  00000-0  16163-2 0  9990
2 31913  99.2877 210.6337 0189582 213.4513 145.4555 13.93691388600876
0 STARLINK-36514
1 67641U 26020AA  26283.51232003  .00021997  00000-0  80554-3 0  9994
2 67641  43.0030   6.9386 0000421 162.7809 197.3057 15.27619200 38969
0 ONEWEB-0253
1 48971U 21060E   26283.51207530 -.00000070  00000-0 -21749-3 0  9997
2 48971  87.9181 205.8927 0001747  75.5062 284.6263 13.16595301254761
0 STARLINK-30291
1 57856U 23141S   26283.51206792  .00000831  00000-0  38512-4 0  9990
2 57856  53.1624   4.4993 0000972  74.1901 285.9208 15.31723636173241
0 STARLINK-35483
1 66252U 25245U   26283.51200435  .00017131  00000-0  51647-3 0  9999
2 66252  53.1600   4.1653 0005648 103.5049 256.6583 15.34421839 54129
0 STARLINK-5915
1 55987U 23042B   26283.51195026  .00000199  00000-0  16736-4 0  9991
2 55987  43.0019 286.4162 0000594 283.7922  76.2863 15.27576639195720
0 STARLINK-32833
1 62873U 25022V   26283.51192691  .00018669  00000-0  56222-3 0  9992
2 62873  53.1610 208.0134 0001379  91.7460 268.3701 15.34403960 94846
0 STARLINK-31285
1 59244U 24049P   26283.51178164 -.00000148  00000-0  41746-5 0  9998
2 59244  43.0045  10.0476 0002245 275.3916  84.6680 15.27581231145250
0 STARLINK-35536
1 66261U 25245AD  26283.51171176  .00014489  00000-0  47722-3 0  9990
2 66261  53.1613   4.1573 0009634 104.0411 256.1662 15.31704002 54173
0 ONEWEB-0706
1 61611U 24188T   26283.51167695 -.00000624  00000-0 -18241-2 0  9991
2 61611  87.8925  13.3251 0001727 121.5007 238.6290 13.10373026 98489
0 STARLINK-31731
1 59498U 24071Q   26283.51163087  .00000957  00000-0  44297-4 0  9992
2 59498  43.0017 206.2187 0001027 274.4481  85.6253 15.27578798141068
0 STARLINK-35673
1 66492U 25263H   26283.51160662  .00029319  00000-0  10698-2 0  9993
2 66492  43.0007 217.4543 0001503 275.2735  84.7945 15.27607431 51750
0 STARLINK-33746
1 63446U 25069P   26283.51148685  .00028016  00000-0  83740-3 0  9996
2 63446  53.1602 216.2089 0001609  97.8834 262.2351 15.34393297 86365
0 STARLINK-31696
1 59435U 24065Q   26283.51146044  .00007624  00000-0  23663-3 0  9991
2 59435  53.1635   0.0165 0000531 118.1653 241.9403 15.34387350141870
0 STARLINK-32628
1 62122U 24222J   26283.51142743  .00022001  00000-0  80600-3 0  9995
2 62122  42.9963   2.9415 0003000 111.0342 249.0831 15.27603622105775
0 STARLINK-37208
1 68523U 26068R   26283.51136646  .00019903  00000-0  59862-3 0  9994
2 68523  53.1618 205.8617 0001584  76.9263 283.1917 15.34399897 29910
0 STARLINK-31481
1 59541U 24074H   26283.51117176 -.00000097  00000-0  60175-5 0  9992
2 59541  43.0029 209.8852 0002752 266.6673  93.3864 15.27580703138878
0 STARLINK-32891
1 62927U 25027W   26283.51109516  .00021550  00000-0  78974-3 0  9992
2 62927  42.9998 355.9110 0000887 279.6557  80.4194 15.27605677 94518
0 STARLINK-36323
1 68259U 26054AD  26283.51102504  .00031834  00000-0  94858-3 0  9992
2 68259  53.1601   8.2750 0002503  87.0803 273.0486 15.34422813 32026
0 STARLINK-31800
1 59643U 24082N   26283.51101374  .00000805  00000-0  38747-4 0  9992
2 59643  43.0023   6.8028 0001086 264.0175  96.0553 15.27585769137762
0 STARLINK-31245
1 58891U 24020R   26283.51097491  .00000779  00000-0  34190-4 0  9990
2 58891  53.1635 358.4952 0001587  69.7353 290.3820 15.34399114152761
0 STARLINK-3822
1 52287U 22041AC  26283.51097186 -.00000452  00000-0 -28020-5 0  9991
2 52287  53.1577 208.2947 0001256  96.9082 263.2062 15.31694849247020
0 STARLINK-3930
1 52568U 22051AM  26283.51095905  .00001078  00000-0  43060-4 0  9994
2 52568  53.1595 214.3408 0001724  89.3975 270.7225 15.34394509244292
0 STARLINK-34394
1 64669U 25139F   26283.51086239  .00023056  00000-0  69089-3 0  9997
2 64669  53.1613 204.2929 0001658  80.1827 279.9363 15.34423438 73248
0 ONEWEB-0081
1 45429U 20020F   26283.51081767  .00000548  00000-0  15116-2 0  9997
2 45429  87.8965 358.1561 0002048  98.0328 262.1032 13.11416625317852
0 STARLINK-5067
1 55653U 23021AB  26283.51078985 -.00001726  00000-0 -13691-3 0  9997
2 55653  69.9996   2.6497 0003550 270.1228  89.9524 14.98329497200978
0 STARLINK-35815
1 66577U 25268W   26283.51078470  .00016041  00000-0  59090-3 0  9995
2 66577  43.0017 213.8793 0002189 266.6417  93.4184 15.27594522 50818
0 ORBCOMM FM 117
1 41188U 15081K   26283.51072435  .00000501  00000-0  14193-3 0  9992
2 41188  47.0027 355.4977 0002331 350.6761   9.4082 14.58984385576962
0 STARLINK-3901
1 52574U 22051AQ  26283.51068573  .00042549  00000-0  41907-3 0  9997
2 52574  53.1583 204.2481 0002590 103.1760 256.9546 15.65564383244435
0 ORBCOMM FM 8
1 25112U 97084A   26283.51064556  .00001005  00000-0  31021-3 0  9998
2 25112  45.0132 218.5633 0004009 186.9331 173.1467 14.47482763510933
0 STARLINK-30780
1 58140U 23162Y   26283.51056596  .00000074  00000-0  12213-4 0  9994
2 58140  43.0046 359.0771 0001689 282.3853  77.6810 15.27575431165162
0 STARLINK-30790
1 58127U 23162K   26283.51051677  .00036015  00000-0  13666-2 0  9999
2 58127  43.0019   8.4816 0024385 343.6344  16.3717 15.25959576165054
0 STARLINK-3973
1 52645U 22052AZ  26283.51049103  .00000309  00000-0  21712-4 0  9996
2 52645  53.1619 357.6422 0001228  79.6053 280.5087 15.31703852243791
0 ONEWEB-0263
1 48981U 21060Q   26283.51048368 -.00000108  00000-0 -31505-3 0  9993
2 48981  87.9171 205.8957 0001585  65.5825 294.5471 13.16594296254763
0 STARLINK-30827
1 58195U 23167W   26283.51045778  .00001622  00000-0  68508-4 0  9997
2 58195  43.0062   9.8180 0002268 260.4598  99.5997 15.27567479163846
0 STARLINK-4546
1 53422U 22097AL  26283.51041467  .00000299  00000-0  19998-4 0  9995
2 53422  53.1586 212.4402 0001159  95.5649 264.5486 15.34389348231318
0 STARLINK-5714
1 55614U 23020AX  26283.51035672  .00000187  00000-0  16330-4 0  9991
2 55614  43.0050 206.2637 0001276 264.9698  95.1008 15.27577502202065
0 STARLINK-4557
1 53432U 22097AW  26283.51030454  .00000113  00000-0  14494-4 0  9991
2 53432  53.1598 200.0859 0001529  80.4454 279.6722 15.34387911231481
0 STARLINK-30852
1 58373U 23177Y   26283.51028037  .00000005  00000-0  97132-5 0  9995
2 58373  43.0006 217.1881 0001397 274.8241  85.2451 15.27579777161085
0 KUIPER-00039
1 64500U 25134A   26283.51022470  .00003151  00000-0  44201-3 0  9996
2 64500  51.9051   3.1860 0000179  73.6613 286.4369 14.79937789 71885
0 ONEWEB-0291
1 49081U 21075G   26283.51018481  .00009016  00000-0  23147-1 0  9990
2 49081  87.9235 342.9671 0002653 103.2948 256.8479 13.17704436248790
0 STARLINK-34473
1 64354U 25126L   26283.51007207  .00016187  00000-0  55181-3 0  9997
2 64354  70.0053 207.8881 0002751 269.7923  90.2937 15.30425418 72985
0 ORBCOMM FM 10
1 25113U 97084B   26283.51000035  .00000995  00000-0  30934-3 0  9990
2 25113  45.0145 221.9752 0002191 126.6568 233.4486 14.47177554686069
0 STARLINK-11251
1 60930U 24155G   26283.50995145 -.00000650  00000-0 -50289-6 0  9997
2 60930  53.1602   2.1716 0001142  72.5211 287.5932 15.69705899122145
0 STARLINK-35503
1 66245U 25245M   26283.50990269  .00021531  00000-0  64604-3 0  9997
2 66245  53.1599   4.1470 0003818 100.0370 260.1063 15.34421227 54125
0 ONEWEB-0431
1 51630U 22012J   26283.50984180 -.00000656  00000-0 -19153-2 0  9998
2 51630  87.8924  13.3255 0001325 117.2310 242.8953 13.10371928224444
0 STARLINK-32873
1 62857U 25022D   26283.50982387  .00024750  00000-0  74097-3 0  9990
2 62857  53.1598 208.0004 0001325  99.5056 260.6096 15.34411279 94841
0 STARLINK-11434
1 62420U 24249M   26283.50977013  .00175325  00000-0  13404-2 0  9995
2 62420  43.0011 313.0208 0001457 274.6029  85.4672 15.70855279103262
0 STARLINK-36615
1 67621U 26020E   26283.50974902  .00016227  00000-0  59731-3 0  9995
2 67621  43.0010   6.9236 0000813 279.9801  80.0959 15.27611792 38964
0 ONEWEB-0256
1 48974U 21060H   26283.50969609 -.00000047  00000-0 -15585-3 0  9996
2 48974  87.9181 205.8979 0001976  71.4742 288.6604 13.16595135254808
0 STARLINK-3281
1 50183U 21125AD  26283.50967914  .00014299  00000-0  84679-3 0  9992
2 50183  53.1619   2.8833 0001299 103.5603 256.5535 15.11656911269090
0 STARLINK-11450
1 62518U 25004H   26283.50953420  .00187847  00000-0  14305-2 0  9992
2 62518  43.0008 215.9053 0003203 274.1140  85.9362 15.70905117100999
0 STARLINK-35579
1 66562U 25268F   26283.50950101  .00010633  00000-0  39517-3 0  9991
2 66562  42.9993 213.8735 0001666 280.0976  79.9688 15.27595713 50819
0 STARLINK-34820
1 65041U 25161AC  26283.50939797  .00030988  00000-0  92410-3 0  9998
2 65041  53.1619  11.8476 0001385  88.0199 272.0962 15.34413253 67183
0 STARLINK-33743
1 63440U 25069H   26283.50938095  .00053006  00000-0  15698-2 0  9994
2 63440  53.1600 216.1979 0001619  74.3144 285.8037 15.34380277 86309
0 STARLINK-4645
1 53743U 22107AV  26283.50936286  .00001201  00000-0  46688-4 0  9994
2 53743  53.1617   0.0493 0001223  92.8783 267.2360 15.34395855227294
0 FENGYUN 1C DEB
1 30809U 99025AUT 26283.50935649  .00002452  00000-0  93178-3 0  9991
2 30809  98.7868  20.5229 0048237  10.9271 349.2947 14.31292234 13960
0 STARLINK-32521
1 62117U 24222D   26283.50932171  .00012666  00000-0  46878-3 0  9995
2 62117  43.0007 359.3544 0000986 268.6444  91.4295 15.27596795105645
0 STARLINK-36292
1 68509U 26068B   26283.50925744  .00010702  00000-0  32746-3 0  9992
2 68509  53.1613 205.8499 0001307  86.8150 273.3002 15.34396562 29917
0 STARLINK-31533
1 59505U 24071X   26283.50919624  .00000269  00000-0  19327-4 0  9998
2 59505  43.0034 207.0585 0002845 266.2310  93.8217 15.27580549141053
0 STARLINK-34451
1 64433U 25129X   26283.50918564  .00255566  00000-0  84703-2 0  9991
2 64433  70.0018 248.0928 0003559 284.7496  75.3285 15.30056671 73524
0 STARLINK-30810
1 58178U 23167D   26283.50917164  .00000438  00000-0  25443-4 0  9999
2 58178  43.0047   9.8191 0001558 275.1554  84.9120 15.27584037163843
0 STARLINK-34457
1 64368U 25126AA  26283.50917117  .00009961  00000-0  35054-3 0  9990
2 64368  70.0059 207.8773 0001792 284.8185  75.2791 15.29578957 72984
0 ORBCOMM FM 5
1 25117U 97084F   26283.50915776  .00000960  00000-0  29748-3 0  9993
2 25117  45.0140 218.3738 0000489   6.1294 353.9564 14.47585740510171
0 STARLINK-34357
1 64310U 25123V   26283.50912706  .00027184  00000-0  92015-3 0  9990
2 64310  70.0045   8.1510 0006128 233.6949 126.3661 15.30491581 73912
0 ONEWEB-0697
1 61603U 24188K   26283.50911138  .00000643  00000-0  17772-2 0  9997
2 61603  87.8962 358.1530 0001374 123.0106 237.1154 13.11415670 99562
0 FENGYUN 1C DEB
1 29849U 99025ET  26283.50909050  .00001105  00000-0  68443-3 0  9991
2 29849  99.0017  10.8276 0079410 281.9573  89.2148 14.05794050  6092
0 STARLINK-30903
1 58355U 23177E   26283.50900820 -.00000086  00000-0  64148-5 0  9994
2 58355  43.0006 217.2183 0001256 265.4146  94.6562 15.27575241161084
0 STARLINK-5327
1 55291U 23010Y   26283.50895927  .00000757  00000-0  71214-4 0  9992
2 55291  70.0035 202.9512 0001657 269.0931  91.0039 14.98326031205443
0 STARLINK-32875
1 62951U 25029D   26283.50892825  .00021060  00000-0  63243-3 0  9991
2 62951  53.1577 307.8214 0001221 100.4856 259.6284 15.34412864 94319
0 STARLINK-36310
1 68244U 26054N   26283.50891847  .00023357  00000-0  69997-3 0  9997
2 68244  53.1602   8.2588 0002649  89.7082 270.4224 15.34412609 32033
0 STARLINK-32554
1 62136U 24222Y   26283.50886230  .00022054  00000-0  80825-3 0  9992
2 62136  43.0001   2.9211 0000843 262.5553  97.5203 15.27592175105653
0 STARLINK-3929
1 52567U 22051AL  26283.50884904  .00002901  00000-0  97034-4 0  9993
2 52567  53.1597 214.2147 0001154  98.8085 261.3048 15.34379016244291
0 STARLINK-34262
1 64688U 25139AA  26283.50875608  .00033492  00000-0  99842-3 0  9998
2 64688  53.1599 204.2731 0001676  73.4459 286.6728 15.34384734 73301
0 STARLINK-36090
1 66855U 25281H   26283.50860780  .00018027  00000-0  66248-3 0  9990
2 66855  42.9977 209.9141 0003437 266.1709  93.8750 15.27602052 49043
0 STARLINK-5794
1 56006U 23042W   26283.50854667  .00005250  00000-0  20017-3 0  9995
2 56006  43.0021 294.0577 0001358 261.9189  98.1509 15.27578209195638
0 STARLINK-3992
1 52627U 22052AF  26283.50854468  .00000736  00000-0  32016-4 0  9996
2 52627  53.1613   8.9937 0001223  79.8321 280.2820 15.35399467243640
0 STARLINK-32905
1 62923U 25027S   26283.50852513  .00022263  00000-0  81547-3 0  9991
2 62923  43.0008 355.8935 0000161 199.3313 160.7533 15.27605489 94391
0 STARLINK-3971
1 52642U 22052AW  26283.50846615  .00000813  00000-0  34226-4 0  9999
2 52642  53.1624 358.0487 0001383  81.9690 278.1470 15.35401984243788
0 STARLINK-36556
1 67642U 26020AB  26283.50846565  .00017187  00000-0  63220-3 0  9995
2 67642  42.9996   6.9182 0000921 278.8463  81.2285 15.27602862 38963
0 FENGYUN 1C DEB
1 30600U 99025AMF 26283.50837990  .00004667  00000-0  16075-2 0  9990
2 30600  98.3942 213.6859 0314945 101.8327 261.8347 14.11998517986851
0 STARLINK-4552
1 53420U 22097AJ  26283.50830574  .00000557  00000-0  27634-4 0  9990
2 53420  53.1588 212.3492 0001278  89.2476 270.8673 15.34392499231292
0 ONEWEB-0039
1 45146U 20008R   26283.50827492 -.00000577  00000-0 -16881-2 0  9995
2 45146  87.8924  13.3261 0002147  91.6805 268.4568 13.10370875323269
0 STARLINK-30176
1 57477U 23107W   26283.50824762  .00015679  00000-0  57795-3 0  9992
2 57477  43.0051 202.6799 0002333 282.3276  77.7314 15.27587232178008
0 IRIDIUM 39
1 25042U 97069D   26283.50824613  .00000475  00000-0  11726-3 0  9990
2 25042  86.3963   5.0561 0019207 135.9874 224.2864 14.49863017518547
0 IRIDIUM 155
1 43573U 18061E   26283.50822906  .00000201  00000-0  64580-4 0  9991
2 43573  86.4019   8.4564 0002110  95.3798 264.7638 14.34218441429883
0 STARLINK-5304
1 54843U 22177Z   26283.50812091  .00001127  00000-0  50478-4 0  9999
2 54843  43.0028 359.7579 0001297 287.1995  72.8715 15.27572714209819
0 STARLINK-5947
1 55989U 23042D   26283.50810914 -.00001733  00000-0 -53481-4 0  9997
2 55989  43.0012 286.3891 0000596 269.0627  91.0157 15.27582451195724
0 FENGYUN 1C DEB
1 31475U 99025BVP 26283.50792290  .00002199  00000-0  56124-3 0  9992
2 31475  98.9131 189.6968 0206374 295.8072  62.1953 14.39714548  3460
0 KUIPER-00560
1 69623U 26140AH  26283.50788915  .00026316  00000-0  71937-3 0  9991
2 69623  51.8789 201.1664 0007563 263.5695  96.4431 15.37175008 18972
0 STARLINK-30426
1 57848U 23141J   26283.50781074  .00002540  00000-0  86336-4 0  9997
2 57848  53.1623   4.2288 0003305  89.9171 270.2211 15.34393471173246
0 STARLINK-35832
1 66495U 25263L   26283.50775584  .00028948  00000-0  10570-2 0  9996
2 66495  42.9998 217.4196 0001012 283.3319  76.7419 15.27591635 51752
0 STARLINK-32251
1 60940U 24155S   26283.50773426  .00000635  00000-0  29920-4 0  9991
2 60940  53.1599 208.0934 0001102  95.3538 264.7591 15.34393249119284
0 STARLINK-4545
1 53421U 22097AK  26283.50769671  .00000249  00000-0  19776-4 0  9996
2 53421  53.1592 213.6853 0001211  97.4174 262.6965 15.31706954231279
0 KUIPER-00064
1 64524U 25134AA  26283.50752250  .00003179  00000-0  44578-3 0  9994
2 64524  51.9048   5.6529 0000206 124.7926 235.3056 14.79938917 71859
0 STARLINK-4636
1 53731U 22107AH  26283.50751019  .00018186  00000-0  81059-3 0  9990
2 53731  53.2165 357.1753 0003993  76.1172 284.0270 15.21492831227192
0 ONEWEB-0066
1 45424U 20020A   26283.50743061  .00000548  00000-0  15107-2 0  9993
2 45424  87.8961 358.1550 0001793  96.5838 263.5494 13.11416516317795
0 STARLINK-1480
1 45741U 20038M   26283.50728444  .00113761  00000-0  57973-3 0  9992
2 45741  53.0437 240.9037 0007036  74.6365 285.5433 15.80559852350148
0 STARLINK-4637
1 53742U 22107AU  26283.50726054  .00001230  00000-0  47544-4 0  9997
2 53742  53.1615   0.0428 0001260  94.2160 265.8987 15.34396759227298
0 STARLINK-36548
1 67617U 26020A   26283.50718475  .00027758  00000-0  10135-2 0  9996
2 67617  43.0036   6.9248 0001394 271.9974  88.0718 15.27609422 38966
0 ONEWEB-0625
1 55166U 23004AC  26283.50694942  .00000023  00000-0  26109-4 0  9999
2 55166  87.9175 342.9802 0001383 100.5537 259.5751 13.17648229182767
0 STARLINK-34196
1 65324U 25189B   26283.50693594  .00015530  00000-0  51101-3 0  9992
2 65324  53.1569 286.9984 0000983  95.5608 264.5505 15.31709700 63975
0 STARLINK-35743
1 66578U 25268X   26283.50692636  .00023803  00000-0  87095-3 0  9991
2 66578  43.0004 213.8499 0002591 268.9476  91.1079 15.27607047 50810
0 STARLINK-37027
1 68232U 26054A   26283.50683251  .00047627  00000-0  14113-2 0  9997
2 68232  53.1623   8.1894 0002822 101.5715 258.5604 15.34409558 32039
0 LEMUR 2 BASS
1 58259U 23174D   26283.50670912  .00019430  00000-0  39143-3 0  9997
2 58259  97.3802  10.0857 0007435 111.2399 248.9645 15.46583902163164
0 STARLINK-3298
1 50165U 21125K   26283.50669317  .00002421  00000-0  82761-4 0  9993
2 50165  53.1625 357.8456 0001241  89.9486 270.1659 15.34398185269162
0 IRIDIUM 16
1 24841U 97030F   26283.50669054  .00000272  00000-0  81684-4 0  9996
2 24841  86.4084   3.3781 0000536  13.2397 346.8815 14.39109732536077
0 STARLINK-31720
1 59497U 24071P   26283.50663714 -.00001900  00000-0 -59518-4 0  9995
2 59497  43.0040 207.0433 0001316 272.3808  87.6893 15.27580447141052
0 STARLINK-34892
1 65350U 25189AD  26283.50660608  .00014236  00000-0  46920-3 0  9996
2 65350  53.1581 286.9907 0000947  99.7553 260.3556 15.31729791 63970
0 FENGYUN 1C DEB
1 29998U 99025LY  26283.50653485  .00001461  00000-0  58967-3 0  9999
2 29998  99.2853   8.6711 0005928 165.2572 194.8782 14.29642257 21857
0 STARLINK-34358
1 64313U 25123Y   26283.50647501  .00026938  00000-0  91334-3 0  9990
2 64313  70.0020   8.1400 0005122 272.7590  87.2999 15.30445649 73918
0 STARLINK-30907
1 58352U 23177B   26283.50644197 -.00002289  00000-0 -73737-4 0  9994
2 58352  43.0019 217.1861 0001054 274.8307  85.2424 15.27564835161176
0 STARLINK-5389
1 54835U 22177R   26283.50633685  .00000316  00000-0  20993-4 0  9998
2 54835  43.0044   3.1562 0001339 271.2820  88.7879 15.27580454209770
0 STARLINK-3790
1 52274U 22041P   26283.50627019  .00000058  00000-0  13647-4 0  9998
2 52274  53.1596 208.0273 0001472  92.8427 267.2743 15.31699197247026
0 STARLINK-37821
1 A0404U 26192A   26283.50619138  .00025171  00000-0  75338-3 0  9997
2 A0404  53.1607 212.3418 0001366  91.3276 268.7883 15.34409261  8989
0 STARLINK-30229
1 57461U 23107E   26283.50613345  .00002895  00000-0  11470-3 0  9994
2 57461  43.0051 210.3431 0001130 278.9901  81.0823 15.27578121177919
0 STARLINK-3779
1 52281U 22041W   26283.50599320 -.00001125  00000-0 -22869-4 0  9993
2 52281  53.1599 214.3605 0001401 108.9123 251.2032 15.33557315246930
0 STARLINK-33977
1 64344U 25126A   26283.50598771  .00009603  00000-0  32950-3 0  9990
2 64344  70.0053 207.8752 0001791 286.3169  73.7810 15.30419203 74197
0 GLOBALSTAR M085
1 37742U 11033D   26283.50585189 -.00000089  00000-0  80743-4 0  9997
2 37742  52.0117 202.2284 0000553  78.7472  93.7255 12.62265614704354
0 STARLINK-3868
1 52649U 22052BD  26283.50583272  .00000340  00000-0  22705-4 0  9997
2 52649  53.1619 357.6714 0001042  85.7750 274.3370 15.31705391243803
0 ONEWEB-0046
1 45447U 20020Z   26283.50573367  .00000529  00000-0  14578-2 0  9998
2 45447  87.8966 358.1559 0002079  98.4600 261.6764 13.11417966317722
0 QIANFAN-241
1 A0694U 26210C   26283.50570531  .00000219  00000-0  17943-3 0  9996
2 A0694  89.0052  10.2236 0007121 198.3472 161.7443 13.85753499  3513
0 STARLINK-35305
1 66561U 25268E   26283.50565124  .00021812  00000-0  79877-3 0  9991
2 66561  42.9998 213.8446 0001574 268.8117  91.2555 15.27622638 50818
0 STARLINK-32864
1 62862U 25022J   26283.50561257  .00026781  00000-0  80090-3 0  9991
2 62862  53.1598 207.9594 0001273  79.6033 280.5113 15.34400682 94842
0 STARLINK-4659
1 54841U 22177X   26283.50554790 -.00000420  00000-0 -57315-5 0  9991
2 54841  43.0028 359.7460 0001312 268.1611  91.9090 15.27573949209817
0 STARLINK-2188
1 48563U 21041L   26283.50545966  .00000673  00000-0  33443-4 0  9992
2 48563  53.1605 206.9815 0001461  88.4192 271.6977 15.31708881298193
0 STARLINK-5751
1 55576U 23020H   26283.50523463  .00001062  00000-0  48088-4 0  9995
2 55576  43.0037 206.2531 0000935 301.7581  58.3180 15.27583862202060
0 STARLINK-35444
1 66511U 25263AC  26283.50517818  .00019952  00000-0  73211-3 0  9996
2 66511  42.9998 217.3935 0002218 270.2305  89.8292 15.27601536 51756
0 STARLINK-31613
1 59431U 24065L   26283.50514557 -.00000651  00000-0 -81063-5 0  9999
2 59431  53.1614 359.9792 0002583 119.1882 240.9380 15.34400624141872
0 STARLINK-32866
1 62858U 25022E   26283.50514106  .00023206  00000-0  69561-3 0  9996
2 62858  53.1583 206.5460 0001387  79.9828 280.1331 15.34409026 94860
0 STARLINK-11204
1 60931U 24155H   26283.50504698  .00002584  00000-0  26200-4 0  9997
2 60931  53.1613   2.1365 0001389  93.9559 266.1618 15.69696302122145
0 STARLINK-32608
1 62124U 24222L   26283.50500425  .00023370  00000-0  85542-3 0  9991
2 62124  42.9972   2.8944 0001264  95.1706 264.9290 15.27606050105592
0 STARLINK-5260
1 55275U 23010G   26283.50494479  .00001320  00000-0  11841-3 0  9997
2 55275  70.0020 202.9425 0002862 272.1655  87.9177 14.98336347205458
0 ONEWEB-0033
1 45142U 20008M   26283.50488847 -.00000502  00000-0 -14745-2 0  9993
2 45142  87.8912  13.3302 0001358 112.6713 247.4559 13.10371806323311
0 STARLINK-3778
1 52276U 22041R   26283.50482992  .00000711  00000-0  32948-4 0  9990
2 52276  53.1608 214.3639 0001326  93.1191 266.9963 15.33552838246939
0 STARLINK-5261
1 55276U 23010H   26283.50478265  .00000400  00000-0  41320-4 0  9997
2 55276  70.0002 202.9403 0002784 270.9878  89.0962 14.98330981205443
0 STARLINK-36134
1 66863U 25281R   26283.50475736  .00012897  00000-0  47697-3 0  9998
2 66863  43.0061 209.8820 0003090 266.0453  94.0046 15.27606093 49041
0 STARLINK-37096
1 68239U 26054H   26283.50470548  .00026337  00000-0  78747-3 0  9996
2 68239  53.1613   8.1788 0002604 295.7341  64.3392 15.34414418 32034
0 STARLINK-32922
1 62926U 25027V   26283.50467099  .00011361  00000-0  42157-3 0  9996
2 62926  43.0040 355.8639 0001896 281.8943  78.1697 15.27593097 94397
0 STARLINK-3804
1 52270U 22041K   26283.50463887  .00000762  00000-0  33689-4 0  9995
2 52270  53.1608 214.2300 0001805 118.5708 241.5476 15.34396266246935
0 STARLINK-34479
1 64365U 25126X   26283.50462393  .00018456  00000-0  62866-3 0  9998
2 64365  70.0062 207.8640 0001484 289.7631  70.3384 15.30412900 72987
0 LEMUR 2 AHMED-ASRAR
1 60576U 24149DN  26283.50461258  .00011313  00000-0  61127-3 0  9995
2 60576  97.6970   9.7258 0001116   5.5930 354.5313 15.14871171118017
0 STARLINK-30535
1 58001U 23153L   26283.50460350  .00000199  00000-0  16753-4 0  9997
2 58001  43.0032 293.5415 0001514 273.1433  86.9246 15.27575052167751
0 STARLINK-34287
1 64670U 25139G   26283.50454859  .00026004  00000-0  77814-3 0  9996
2 64670  53.1620 204.2549 0001367  79.2688 280.8468 15.34398237 73242
0 STARLINK-30161
1 57476U 23107V   26283.50438974  .00000862  00000-0  40847-4 0  9996
2 57476  43.0061 202.6493 0002905 256.8956 103.1571 15.27585177178000
0 QIANFAN-158
1 69117U 26108P   26283.50437769  .00000139  00000-0  19614-3 0  9990
2 69117  89.0202  10.4923 0002038 108.9844 251.1528 13.51026119 20042
0 FENGYUN 1C DEB
1 33613U 99025DCW 26283.50418500  .00003409  00000-0  11851-2 0  9999
2 33613  98.6787   1.8744 0027921 272.5390  87.2599 14.35919086688374
0 STARLINK-30769
1 58138U 23162W   26283.50413521  .00002600  00000-0  10396-3 0  9991
2 58138  43.0069 359.0311 0001976 267.7933  92.2692 15.27584645165167
0 ONEWEB-0617
1 55158U 23004U   26283.50404037  .00000519  00000-0  14273-2 0  9991
2 55158  87.8960 358.1581 0002183 106.2016 253.9353 13.11418026180977
0 STARLINK-37286
1 68512U 26068E   26283.50398195  .00040422  00000-0  12018-2 0  9991
2 68512  53.1609 200.0255 0001298 107.4091 252.7053 15.34380064 29991
0 STARLINK-5748
1 55604U 23020AM  26283.50394286  .00001080  00000-0  48774-4 0  9998
2 55604  43.0039 206.2507 0000870 263.2596  96.8156 15.27565931202060
0 FENGYUN 1C DEB
1 31165U 99025BHT 26283.50390111  .00003093  00000-0  45525-3 0  9991
2 31165  98.8639  16.1169 0064813  13.0546  50.3040 14.74845859 31883
0 STARLINK-30888
1 58370U 23177V   26283.50386445 -.00000024  00000-0  86554-5 0  9999
2 58370  42.9999 217.1644 0000950 261.6779  98.3965 15.27575754161099
0 STARLINK-34360
1 64304U 25123P   26283.50377371  .00031058  00000-0  10528-2 0  9999
2 64304  70.0041   8.1284 0002685 258.5969 101.4905 15.30423018 73916
0 STARLINK-31582
1 59545U 24074M   26283.50361707  .00000784  00000-0  37995-4 0  9991
2 59545  43.0030 210.6814 0001062 281.4477  78.6255 15.27582141138869
0 STARLINK-32373
1 60923U 24154W   26283.50356581 -.00001983  00000-0 -47504-4 0  9997
2 60923  53.1605   3.9491 0003490  95.6541 264.4860 15.34402059119266
0 STARLINK-3808
1 52366U 22045AM  26283.50356293  .00000646  00000-0  30260-4 0  9990
2 52366  53.1584 291.8582 0001242  86.2932 273.8213 15.34397557248520
0 STARLINK-32860
1 62856U 25022C   26283.50350954  .00024508  00000-0  73411-3 0  9998
2 62856  53.1597 207.9579 0001610  81.9042 278.2143 15.34400276 94844
0 STARLINK-1262
1 45366U 20019G   26283.50350467  .00057571  00000-0  12282-2 0  9999
2 45366  53.1487 238.7885 0003709  87.1546 272.9886 15.44356566362766
0 STARLINK-35774
1 66283U 25247U   26283.50344419  .00023474  00000-0  70351-3 0  9995
2 66283  53.1585 270.0343 0001249  84.5761 275.5384 15.34409215 53972
0 STARLINK-3974
1 52634U 22052AN  26283.50339155 -.00000170  00000-0  60237-5 0  9995
2 52634  53.1613   9.0343 0001143  75.7332 284.3798 15.35399230243635
0 ONEWEB-0043
1 45149U 20008U   26283.50334451 -.00000417  00000-0 -12310-2 0  9992
2 45149  87.8926  13.3300 0002054  94.3315 265.8047 13.10375870323286
0 STARLINK-37392
1 69171U 26111Z   26283.50333542  .00035571  00000-0  10569-2 0  9995
2 69171  53.1588 331.9300 0001135 100.0676 260.0455 15.34459837 21975
0 STARLINK-31006
1 59024U 24038B   26283.50325102  .00000042  00000-0  11067-4 0  9991
2 59024  43.0029 203.4605 0001147 271.8600  88.2120 15.27576825148199
0 FENGYUN 1C DEB
1 36644U 99025DXN 26283.50322848  .00000363  00000-0  40618-3 0  9995
2 36644  98.4436  25.6992 0285590 107.6231 255.6317 13.59838383656682
0 STARLINK-35556
1 66238U 25245E   26283.50311799  .00028463  00000-0  84969-3 0  9991
2 66238  53.1607   0.5655 0004256 101.1319 259.0163 15.34418833 54222
0 STARLINK-11682
1 64234U 25119B   26283.50307534  .00213953  00000-0  16029-2 0  9998
2 64234  43.0004 354.7957 0002032 214.4567 145.6169 15.71214476 79026
0 STARLINK-35868
1 66579U 25268Y   26283.50307492  .00021010  00000-0  77037-3 0  9998
2 66579  43.0051 213.8188 0001965 268.8475  91.2152 15.27599402 50818
0 ONEWEB-0036
1 45144U 20008P   26283.50306150 -.00000426  00000-0 -12578-2 0  9998
2 45144  87.8938  13.3581 0002005 100.9986 259.1367 13.10370337323463
0 STARLINK-32861
1 62870U 25022S   26283.50303931  .00020977  00000-0  63004-3 0  9990
2 62870  53.1619 206.5371 0001177  93.1819 266.9318 15.34409658 94868
0 STARLINK-31303
1 59239U 24049J   26283.50295133 -.00000225  00000-0  13422-5 0  9993
2 59239  43.0020 359.5386 0001493 276.1866  83.8816 15.27576330145385
0 STARLINK-5367
1 55501U 23015BE  26283.50277461  .00000235  00000-0  18079-4 0  9999
2 55501  43.0043 206.9513 0000967 272.0840  87.9901 15.27576684203441
0 KUIPER-00304
1 68599U 26072AC  26283.50263046  .00001701  00000-0  27160-3 0  9999
2 68599  51.9015   7.6881 0000842  50.6335 309.4700 14.76643586 28728
0 STARLINK-11141
1 60066U 24113H   26283.50257527 -.00000018  00000-0  47112-5 0  9993
2 60066  53.1593 211.9919 0000921  89.4252 270.6871 15.69703152133300
0 ONEWEB-0273
1 48991U 21060AA  26283.50257448 -.00000103  00000-0 -30311-3 0  9993
2 48991  87.9169 205.8972 0001718  70.3849 289.7468 13.16596025254760
0 STARLINK-37625
1 A0422U 26192U   26283.50254955  .00021461  00000-0  62419-3 0  9993
2 A0422  53.1607 212.3171 0001680  90.4135 269.7060 15.35409934  8984
0 STARLINK-31964
1 59895U 24100L   26283.50250797 -.00000338  00000-0 -27512-5 0  9997
2 59895  43.0069 351.9134 0000979 265.4503  94.6237 15.27577313133960
0 KUIPER-00164
1 67134U 25301B   26283.50249585  .00000639  00000-0  11283-3 0  9997
2 67134  51.9029 198.2483 0000966  80.9121 279.1950 14.79927933 45686
0 ONEWEB-0034
1 45454U 20020AG  26283.50248527  .00000514  00000-0  14143-2 0  9995
2 45454  87.8971 358.1649 0001872 100.2668 259.8671 13.11418372317708
0 STARLINK-5381
1 54828U 22177J   26283.50248356  .00000004  00000-0  96800-5 0  9992
2 54828  43.0043   3.1250 0001546 266.2760  93.7915 15.27578283209776
0 STARLINK-5483
1 55643U 23021R   26283.50247897  .00000943  00000-0  86795-4 0  9999
2 55643  70.0003   3.0183 0003302 265.6880  94.3902 14.98338733200966
0 STARLINK-35554
1 66239U 25245F   26283.50246141  .00024824  00000-0  80815-3 0  9993
2 66239  53.1608   4.8143 0001449 100.9795 259.1370 15.31735230 54006
0 STARLINK-34550
1 64683U 25139V   26283.50244399  .00018731  00000-0  56396-3 0  9996
2 64683  53.1597 204.2373 0001913  78.9275 281.1943 15.34408336 73243
0 STARLINK-35242
1 65493U 25198B   26283.50239339  .00015030  00000-0  45457-3 0  9994
2 65493  53.1606 347.9186 0001286  91.0678 269.0472 15.34435664 61587
0 STARLINK-36126
1 66866U 25281U   26283.50234126  .00023367  00000-0  85549-3 0  9999
2 66866  43.0008 210.7289 0001602 267.5035  92.5633 15.27598104 49020
0 ONEWEB-0018
1 45434U 20020L   26283.50218110  .00000494  00000-0  13593-2 0  9993
2 45434  87.8966 358.1561 0001723  87.5312 272.6013 13.11419975317748
0 STARLINK-2107
1 47723U 21017B   26283.50217818  .00035364  00000-0  88265-3 0  9990
2 47723  53.1609 204.4066 0004517 101.7617 258.3895 15.39865527311894
0 KUIPER-00065
1 64525U 25134AB  26283.50214503  .00003136  00000-0  44005-3 0  9997
2 64525  51.9051  10.8544 0000357  96.9426 263.1577 14.79946233 71768
0 STARLINK-36633
1 67632U 26020R   26283.50204177  .00028594  00000-0  10436-2 0  9995
2 67632  43.0041   6.8698 0001017 271.2922  88.7814 15.27612096 38960
0 STARLINK-37698
1 A0423U 26192V   26283.50198327  .00020948  00000-0  62938-3 0  9999
2 A0423  53.1599 212.2971 0001431 104.2298 255.8864 15.34400253  8982
0 LEMUR 2 MJR092620
1 58340U 23174CN  26283.50188481  .00022091  00000-0  41248-3 0  9999
2 58340  97.3953  15.9633 0006145  66.4483 293.7412 15.48767885163470
0 IRIDIUM 108
1 41924U 17003H   26283.50188034  .00000196  00000-0  62809-4 0  9996
2 41924  86.4020   8.5468 0002221  95.9531 264.1918 14.34217575511638
0 STARLINK-35437
1 66563U 25268G   26283.50180468  .00023689  00000-0  86650-3 0  9998
2 66563  43.0026 213.8144 0001561 262.5092  97.5582 15.27622179 50817
0 STARLINK-5372
1 54838U 22177U   26283.50169160  .00001188  00000-0  52691-4 0  9991
2 54838  43.0014 359.7126 0001254 273.4337  86.6372 15.27578983209813
0 ONEWEB-0040
1 45147U 20008S   26283.50150424 -.00000374  00000-0 -11066-2 0  9995
2 45147  87.8907  13.3311 0002111 105.6657 254.4704 13.10370281322963
0 STARLINK-31508
1 59503U 24071V   26283.50150108 -.00000041  00000-0  80239-5 0  9990
2 59503  43.0034 207.0008 0001025 277.6813  82.3922 15.27574749141055
0 STARLINK-32274
1 60922U 24154V   26283.50146882 -.00001281  00000-0 -26795-4 0  9997
2 60922  53.1611   3.9362 0000727  65.4136 294.6943 15.34395150119264
0 STARLINK-32822
1 62868U 25022Q   26283.50140579  .00025261  00000-0  75596-3 0  9994
2 62868  53.1587 207.9449 0001216  74.4218 285.6919 15.34411945 94844
0 FENGYUN 1C DEB
1 31028U 99025BDW 26283.50136378  .00000167  00000-0  15256-3 0  9999
2 31028  98.7124 201.0219 0164386 187.5566 172.3113 13.89252127661931
0 STARLINK-3978
1 52635U 22052AP  26283.50120963  .00001719  00000-0  67104-4 0  9999
2 52635  53.1617 357.9457 0001188  71.5064 288.6067 15.31715826243798
0 STARLINK-11494
1 62272U 24237F   26283.50116727  .00145356  00000-0  11099-2 0  9993
2 62272  43.0022 202.0561 0002615 286.6069  73.4511 15.70982062106782
0 STARLINK-32470
1 62115U 24222B   26283.50115019  .00013040  00000-0  48227-3 0  9994
2 62115  43.0013   2.8698 0001325 267.9460  92.1240 15.27599507105752
0 STARLINK-31966
1 59944U 24106Y   26283.50110460  .00017342  00000-0  63978-3 0  9995
2 59944  43.0032 199.5356 0001496 248.8927 111.1764 15.27499240133420
0 STARLINK-36072
1 66856U 25281J   26283.50105792  .00019914  00000-0  73089-3 0  9993
2 66856  43.0006 210.7205 0001442 274.4352  85.6335 15.27594807 49035
0 STARLINK-35557
1 66237U 25245D   26283.50102338  .00026084  00000-0  78042-3 0  9999
2 66237  53.1592   0.5515 0001969  95.0307 265.0921 15.34400647 54228
0 ONEWEB-0576
1 56065U 23043V   26283.50096698 -.00000048  00000-0 -15884-3 0  9991
2 56065  87.9183 205.8963 0002066  73.5578 286.5780 13.16592892174130
0 STARLINK-32695
1 62866U 25022N   26283.50093514  .00020640  00000-0  61998-3 0  9995
2 62866  53.1586 206.5212 0001520  87.3980 272.7197 15.34417205 94863
0 STARLINK-31976
1 59887U 24100C   26283.50087791  .00000561  00000-0  29912-4 0  9991
2 59887  43.0027 356.1970 0000694 249.5134 110.5643 15.27582904133968
0 STARLINK-2219
1 48569U 21041S   26283.50079575  .00000845  00000-0  38981-4 0  9999
2 48569  53.1592 206.9930 0001098 102.4903 257.6221 15.31708446298198
0 STARLINK-36119
1 67619U 26020C   26283.50076137  .00016031  00000-0  59046-3 0  9997
2 67619  43.0003   6.8681 0000360 127.8919 232.1965 15.27598782 38964
0 STARLINK-3297
1 50159U 21125D   26283.50073763  .00001521  00000-0  54489-4 0  9996
2 50159  53.1627 358.4801 0001400  89.8410 270.2754 15.35409562269105
0 FENGYUN 1C DEB
1 30305U 99025ZS  26283.50067744  .00000195  00000-0  24333-3 0  9993
2 30305  98.5930 192.3207 0265550  31.3001 144.2805 13.60359014978765
0 ONEWEB-0692
1 61600U 24188G   26283.50062295  .00000418  00000-0  11449-2 0  9990
2 61600  87.8955 358.1686 0001423 125.2964 234.8297 13.11415653 99589
0 STARLINK-30155
1 57475U 23107U   26283.50054225 -.00000203  00000-0  21499-5 0  9991
2 57475  43.0051 202.6237 0001616 266.7790  93.2877 15.27578468178001
0 STARLINK-37097
1 68238U 26054G   26283.50049804  .00028565  00000-0  85277-3 0  9993
2 68238  53.1623   8.1549 0000791  53.1031 307.0044 15.34421367 32038
0 KUIPER-00546
1 69614U 26140Y   26283.50047469  .00003402  00000-0  47536-3 0  9992
2 69614  51.8988 215.7561 0000657  14.9193 345.1789 14.79907944 18773
0 LEMUR 2 SIERRINI
1 60579U 24149DR  26283.50043006  .00011360  00000-0  64619-3 0  9996
2 60579  97.6794   6.7387 0005986 135.2252 224.9463 15.13018502117881
0 LEMUR 2 MARACHE-FRAN
1 63262U 25052BE  26283.50042058  .00005166  00000-0  40951-3 0  9998
2 63262  97.6629 175.6503 0009582 353.2523   6.8571 15.00945413 86052
0 FENGYUN 1C DEB
1 38513U 99025ESY 26283.50041092  .00013529  00000-0  10490-2 0  9993
2 38513  97.5976 174.9378 0224563 337.7873  21.3728 14.83650545681216
0 ONEWEB-0461
1 51649U 22012AD  26283.50019740  .00000061  00000-0  12362-3 0  9993
2 51649  87.9177 342.9687 0001965 102.5717 257.5634 13.17648014229076
0 STARLINK-11411
1 62018U 24213L   26283.50016973  .00226958  00000-0  18281-2 0  9995
2 62018  53.1583  62.3223 0002356  30.8907 329.2249 15.69700318108656
0 STARLINK-11246
1 60932U 24155J   26283.50013583 -.00000713  00000-0 -10277-5 0  9998
2 60932  53.1605   2.1057 0001149  93.3543 266.7606 15.69710576122149
0 FENGYUN 1C DEB
1 31686U 99025CCU 26283.49996711  .00008823  00000-0  70346-3 0  9990
2 31686  98.1230   1.8653 0266106 202.7584 226.7789 14.76719292 22587
0 STARLINK-36761
1 67867U 26034T   26283.49988788  .00013192  00000-0  40060-3 0  9990
2 67867  53.1564 284.3762 0001636  73.7244 286.3939 15.34422110 36951
0 STARLINK-36305
1 68189U 26050Y   26283.49984634  .00036641  00000-0  10880-2 0  9992
2 68189  53.1609 344.5710 0000749 120.2015 239.9062 15.34466123 33533
0 KUIPER-00250
1 67155U 25301Y   26283.49979271  .00001839  00000-0  27015-3 0  9993
2 67155  51.9000 200.6939 0001158  81.0905 279.0188 14.79933866 45503
0 STARLINK-4542
1 53435U 22097AZ  26283.49978449  .00000052  00000-0  12677-4 0  9999
2 53435  53.1600 200.0218 0001352  84.2394 275.8763 15.34387359231463
0 STARLINK-31397
1 59540U 24074G   26283.49976627  .00000410  00000-0  24427-4 0  9999
2 59540  43.0012 210.6553 0000916 260.8377  99.2371 15.27579239138863
0 STARLINK-30842
1 58357U 23177G   26283.49972768  .00010577  00000-0  41368-3 0  9996
2 58357  43.0011 202.5958 0002370 265.5518  94.5063 15.25903394161257
0 STARLINK-3811
1 52383U 22045BE  26283.49947012 -.00000266  00000-0  32570-5 0  9998
2 52383  53.1586 276.4726 0001361  68.4324 291.6823 15.33544231248740
0 STARLINK-31333
1 58971U 24031G   26283.49935840  .00003401  00000-0  11177-3 0  9991
2 58971  53.1595   3.8662 0001667  85.5078 274.6115 15.34395930149639
0 STARLINK-32834
1 62875U 25022X   26283.49931337  .00020056  00000-0  60348-3 0  9996
2 62875  53.1584 207.9339 0001453  87.7841 272.3328 15.34380897 94847
0 STARLINK-30077
1 57460U 23107D   26283.49925954  .00001394  00000-0  60174-4 0  9992
2 57460  43.0028 202.6208 0000794 292.5263  67.5504 15.27571287178008
0 STARLINK-2494
1 48487U 21040BM  26283.49924093  .00000495  00000-0  27712-4 0  9990
2 48487  53.1604 274.3157 0001461  98.6397 261.4770 15.31698771299381
0 FENGYUN 1C DEB
1 31661U 99025CBT 26283.49922973  .00002286  00000-0  93839-3 0  9991
2 31661  98.8495  10.8844 0056786  73.0955 298.5865 14.27180451    15
0 STARLINK-3753
1 52292U 22041AH  26283.49922016  .00000188  00000-0  16691-4 0  9997
2 52292  53.1604 197.8783 0001355  99.8052 260.3104 15.34392052247161
0 STARLINK-35872
1 66580U 25268Z   26283.49921918  .00027914  00000-0  10193-2 0  9991
2 66580  43.0000 213.7912 0002634 266.6520  93.4030 15.27602260 50815
0 STARLINK-34484
1 64366U 25126Y   26283.49916850  .00011058  00000-0  37866-3 0  9992
2 64366  70.0053 207.8415 0001807 285.5851  74.5125 15.30422340 74198
0 STARLINK-30768
1 58120U 23162C   26283.49900063  .00000370  00000-0  22958-4 0  9992
2 58120  42.9983 359.0058 0001547 308.2271  51.8442 15.27577466165166
0 STARLINK-11310
1 61212U 24171N   26283.49898122 -.00000743  00000-0 -12726-5 0  9990
2 61212  53.1585 197.5685 0001084  72.6705 287.4432 15.69706122118135
0 ONEWEB-0620
1 55161U 23004X   26283.49893459  .00000416  00000-0  11372-2 0  9996
2 55161  87.8957 358.1608 0001753 109.9139 250.2178 13.11419119180941
0 STARLINK-5689
1 55474U 23015AB  26283.49892434 -.00000364  00000-0 -36938-5 0  9999
2 55474  43.0040 206.9415 0000847 260.2688  99.8068 15.27575553203444
0 STARLINK-31757
1 59427U 24065G   26283.49883154  .00001449  00000-0  54009-4 0  9997
2 59427  53.1604 359.9501 0001131  90.6761 269.4371 15.34402423141876
0 LEMUR 2 UNTITLED-SC
1 63351U 25061A   26283.49878748  .00003274  00000-0  18262-3 0  9996
2 63351  97.5784 258.1650 0017133 223.6256 136.3622 15.14162297 85035
0 STARLINK-32239
1 61892U 24204U   26283.49877754 -.00000749  00000-0 -11029-4 0  9999
2 61892  53.1613 205.9248 0001607  85.3784 274.7402 15.34374891108039
0 STARLINK-31781
1 59632U 24082B   26283.49876683  .00000344  00000-0  22031-4 0  9996
2 59632  43.0047 352.5725 0001173 272.5273  87.5444 15.27580160137866
0 STARLINK-34315
1 64266U 25120L   26283.49869693  .00033262  00000-0  99067-3 0  9999
2 64266  53.1602 196.1411 0001813  84.7085 275.4124 15.34417459 76787
0 STARLINK-5383
1 54827U 22177H   26283.49862862  .00000916  00000-0  42813-4 0  9999
2 54827  43.0047   3.1021 0001419 282.3326  77.7367 15.27577513209779
0 ONEWEB-0261
1 48979U 21060N   26283.49860764 -.00000004  00000-0 -43025-4 0  9995
2 48979  87.9170 205.8978 0001673  63.9689 296.1614 13.16593040254831
0 STARLINK-36060
1 67090U 25298R   26283.49856541  .00002462  00000-0  21403-3 0  9998
2 67090  70.0021 192.8451 0002216 275.2916  84.7990 14.98336948 45390
0 STARLINK-36101
1 66867U 25281V   26283.49848191  .00024902  00000-0  91083-3 0  9997
2 66867  43.0003 210.6981 0002991 266.5283  93.5227 15.27598394 49021
0 STARLINK-33613
1 63286U 25053X   26283.49834984  .00018856  00000-0  69310-3 0  9990
2 63286  42.9999 108.8273 0000772 269.8058  90.2706 15.27575045 89048
0 STARLINK-3985
1 52644U 22052AY  26283.49829363  .00002047  00000-0  69583-4 0  9995
2 52644  53.1615 358.7331 0001097  82.9017 277.2111 15.35398852243771
0 STARLINK-34288
1 64673U 25139K   26283.49823438  .00022551  00000-0  67631-3 0  9999
2 64673  53.1610 204.2141 0001594  79.3405 280.7777 15.34411355 73241
0 ONEWEB-0020
1 45133U 20008C   26283.49811709 -.00000184  00000-0 -56386-3 0  9992
2 45133  87.8913  13.3280 0001822 102.7026 257.4305 13.10370614323440
0 STARLINK-32371
1 60916U 24154P   26283.49810361  .00015546  00000-0  51135-3 0  9990
2 60916  53.1616   4.6220 0003158  94.9092 265.2270 15.31720279119248
0 FENGYUN 1C DEB
1 30706U 99025ARQ 26283.49799078  .00001256  00000-0  52936-3 0  9997
2 30706  99.0461 193.6568 0027137 343.2952  16.7331 14.27403621 19318
0 STARLINK-35358
1 66564U 25268H   26283.49794686  .00026056  00000-0  95223-3 0  9997
2 66564  43.0001 213.7842 0000483  16.8831 343.2037 15.27607480 50812
0 ONEWEB-0694
1 56722U 23068N   26283.49780285 -.00000279  00000-0 -76283-3 0  9994
2 56722  87.9179 205.8845 0002002  85.0741 275.0618 13.16594066166942
0 STARLINK-35541
1 66235U 25245B   26283.49779259  .00027506  00000-0  89386-3 0  9990
2 66235  53.1619   4.7879 0002984  91.2428 268.8915 15.31733632 54117
0 STARLINK-4538
1 53430U 22097AU  26283.49767921 -.00000261  00000-0  34217-5 0  9993
2 53430  53.1611 200.0072 0001576  90.4255 269.6929 15.34387286231465
0 STARLINK-32367
1 60919U 24154S   26283.49724896 -.00000262  00000-0  33869-5 0  9996
2 60919  53.1622   3.9129 0001693  95.2579 264.8617 15.34404854119256
0 STARLINK-31972
1 59923U 24106B   26283.49723407  .00000774  00000-0  37658-4 0  9999
2 59923  43.0032 199.5063 0001318 271.5186  88.5515 15.27578137133429
0 STARLINK-3758
1 52297U 22041AN  26283.49722282 -.00000236  00000-0  41522-5 0  9992
2 52297  53.1594 198.5351 0001281 102.6414 257.4731 15.33548803247154
0 STARLINK-36091
1 66848U 25281A   26283.49720083  .00029894  00000-0  10908-2 0  9996
2 66848  43.0001 210.6937 0002141 268.8583  91.2023 15.27599913 47715
0 STARLINK-32849
1 62872U 25022U   26283.49719565  .00021000  00000-0  63065-3 0  9999
2 62872  53.1576 207.9195 0001152  69.3875 290.7251 15.34413511 94843
0 ONEWEB-0019
1 45449U 20020AB  26283.49711640  .00000312  00000-0  84518-3 0  9998
2 45449  87.8969 358.1464 0001607 102.0582 258.0726 13.11418170317657
0 KUIPER-00191
1 67143U 25301L   26283.49710402  .00002421  00000-0  34642-3 0  9991
2 67143  51.9012 203.2748 0001008  78.6502 281.4574 14.79935201 45465
0 STARLINK-2356
1 47896U 21021AN  26283.49697840 -.00000717  00000-0 -11309-4 0  9993
2 47896  53.1622   1.2514 0001818  94.0667 266.0543 15.31704505308938
0 STARLINK-32917
1 62921U 25027Q   26283.49696197  .00009535  00000-0  35542-3 0  9992
2 62921  43.0038 355.8103 0002179 282.1327  77.9280 15.27592678 94399
0 STARLINK-1591
1 46045U 20055U   26283.49690623  .00002651  00000-0  97134-4 0  9993
2 46045  53.1593 207.7054 0001493  97.8562 262.2609 15.31710837341771
0 ONEWEB-0626
1 55167U 23004AD  26283.49682963  .00000069  00000-0  14385-3 0  9990
2 55167  87.9178 342.9816 0001603 105.8304 254.3005 13.17649933182769
0 STARLINK-32868
1 62854U 25022A   26283.49672414  .00018578  00000-0  55945-3 0  9994
2 62854  53.1600 206.4960 0001331  84.2486 275.8668 15.34408773 95670
0 FENGYUN 1C DEB
1 37421U 99025EGP 26283.49671477  .00000424  00000-0  51088-3 0  9993
2 37421  98.9108 207.8407 0408301  47.5219 315.9672 13.40774693649899
0 STARLINK-34366
1 64281U 25120AB  26283.49658675  .00013857  00000-0  42049-3 0  9998
2 64281  53.1599 196.1229 0001426 103.2321 256.8841 15.34400133 76797
0 STARLINK-33782
1 64332U 25124R   26283.49657481  .00019668  00000-0  72171-3 0  9998
2 64332  43.0003 348.4750 0000395 132.7780 227.3105 15.27608917 74632
0 ONEWEB-0024
1 45137U 20008G   26283.49654493 -.00000117  00000-0 -37071-3 0  9997
2 45137  87.8927  13.3279 0001740 102.3920 257.7402 13.10371337323348
0 STARLINK-34437
1 64346U 25126C   26283.49650947  .00017607  00000-0  59970-3 0  9998
2 64346  70.0015 208.2384 0002661 283.0736  77.0142 15.30426942 72971
0 STARLINK-5338
1 55286U 23010T   26283.49643371  .00000700  00000-0  66490-4 0  9996
2 55286  69.9999 202.9111 0003034 269.5357  90.5454 14.98331637205449
0 STARLINK-30795
1 58118U 23162A   26283.49643081  .00000485  00000-0  27142-4 0  9990
2 58118  43.0027 358.9867 0001362 268.4055  91.6640 15.27579743165164
0 STARLINK-3977
1 52640U 22052AU  26283.49628674 -.00000454  00000-0 -22956-5 0  9999
2 52640  53.1622 358.5922 0001098  89.8937 270.2192 15.34385146243770
0 STARLINK-3990
1 52626U 22052AE  26283.49627445  .00000223  00000-0  17751-4 0  9996
2 52626  53.1640   7.9912 0001116  74.6202 285.4924 15.34389319243649
0 ONEWEB-0025
1 45138U 20008H   26283.49627123 -.00000118  00000-0 -37348-3 0  9996
2 45138  87.8928  13.3166 0002003 115.8440 244.2894 13.10369540323679
0 STARLINK-2190
1 48564U 21041M   26283.49614427  .00003922  00000-0  13801-3 0  9995
2 48564  53.1589 207.0015 0001262  81.4409 278.6735 15.31716484298199
0 STARLINK-32921
1 62920U 25027P   26283.49610128  .00053893  00000-0  16517-2 0  9997
2 62920  43.0013 354.0787 0005689   5.9979 354.0941 15.32992934 94414
0 STARLINK-4185
1 53139U 22083H   26283.49609785  .00001258  00000-0  48380-4 0  9998
2 53139  53.1587 275.9187 0001530  83.5367 276.5810 15.34385104233834
0 STARLINK-31718
1 59556U 24074Y   26283.49591146  .00000139  00000-0  14561-4 0  9991
2 59556  42.9991 210.6226 0000615 285.1621  74.9162 15.27580077138869
0 STARLINK-11504
1 62274U 24237H   26283.49586895  .00169016  00000-0  12916-2 0  9998
2 62274  43.0009 202.0138 0001551 271.9898  88.0792 15.70885037106781
0 STARLINK-34483
1 64367U 25126Z   26283.49582902  .00015546  00000-0  54396-3 0  9993
2 64367  70.0056 207.8316 0002047 269.3818  90.7122 15.29590690 72986
0 STARLINK-36784
1 67877U 26034AD  26283.49568498  .00025346  00000-0  75863-3 0  9996
2 67877  53.1569 284.3679 0001315  86.1332 273.9821 15.34404963 36952
0 STARLINK-34406
1 64705U 25142K   26283.49559438  .00243890  00000-0  80588-2 0  9991
2 64705  69.9997 128.1941 0003386 277.1203  82.9587 15.30207779 71896
0 STARLINK-34369
1 64297U 25123G   26283.49557197  .00015502  00000-0  52869-3 0  9995
2 64297  70.0033   8.1020 0002530 272.5495  87.5391 15.30426109 73912
0 ONEWEB-0398
1 50478U 21132K   26283.49555392  .00000211  00000-0  55816-3 0  9998
2 50478  87.8970 358.1534 0001744 111.2532 248.8783 13.11419634230722
0 IRIDIUM 164
1 43577U 18061J   26283.49553815  .00000010  00000-0 -35646-5 0  9994
2 43577  86.4017   8.5621 0002063  99.0538 261.0891 14.34217553429941
0 STARLINK-32943
1 63023U 25032U   26283.49541814  .00014493  00000-0  53477-3 0  9993
2 63023  43.0021 202.7798 0004054 265.1841  94.8548 15.27599949 93472
0 STARLINK-35744
1 66581U 25268AA  26283.49536850  .00030526  00000-0  11133-2 0  9997
2 66581  43.0016 213.7605 0001178 276.1023  83.9694 15.27606108 50813
0 STARLINK-5368
1 54840U 22177W   26283.49526545 -.00000308  00000-0 -16806-5 0  9990
2 54840  43.0043 359.6612 0001280 267.8910  92.1795 15.27583019209817
0 STARLINK-11207
1 60933U 24155K   26283.49524049  .00001283  00000-0  15454-4 0  9993
2 60933  53.1600   2.0721 0001080  84.7829 275.3312 15.69689890122141
0 STARLINK-3308
1 50846U 22001AV  26283.49523050 -.00000903  00000-0 -17338-4 0  9997
2 50846  53.1599 276.7024 0000979  98.0814 262.0298 15.31704310262947
0 STARLINK-35480
1 66242U 25245J   26283.49517774  .00030274  00000-0  90253-3 0  9991
2 66242  53.1612   4.0574 0002767  98.1812 261.9505 15.34433316 54179
0 STARLINK-32814
1 62871U 25022T   26283.49509488  .00034465  00000-0  10260-2 0  9996
2 62871  53.1584 207.9082 0001471  71.0749 289.0413 15.34414930 94847
0 STARLINK-5365
1 55498U 23015BB  26283.49507072  .00001146  00000-0  51165-4 0  9991
2 55498  43.0016 206.8994 0000473 272.0090  88.0708 15.27565224203442
0 ONEWEB-0435
1 51632U 22012L   26283.49470979 -.00000004  00000-0 -47118-4 0  9995
2 51632  87.8912  13.3336 0001470  98.6363 261.4931 13.10369514224412
0 STARLINK-1263
1 45405U 20019AX  26283.49468964  .00051770  00000-0  10644-2 0  9998
2 45405  53.1528 201.3804 0005175 106.4426 253.7150 15.45482414363006
0 ONEWEB-0555
1 56057U 23043M   26283.49465234 -.00000040  00000-0 -13865-3 0  9995
2 56057  87.9182 205.8923 0002197  84.8068 275.3314 13.16594968174135
0 STARLINK-36108
1 66868U 25281W   26283.49463395  .00024541  00000-0  89744-3 0  9997
2 66868  42.9998 210.6672 0001090 285.3643  74.7088 15.27613797 49029
0 STARLINK-4618
1 53735U 22107AM  26283.49462794 -.00000726  00000-0 -10353-4 0  9994
2 53735  53.1615 359.9637 0001318  85.7488 274.3665 15.34403012227143
0 STARLINK-37251
1 68514U 26068G   26283.49462482  .00033964  00000-0  10113-2 0  9999
2 68514  53.1595 206.4931 0001700  76.0994 284.0197 15.34414578 29905
0 IRIDIUM 920
1 24871U 97034C   26283.49454764  .00000257  00000-0  72306-4 0  9995
2 24871  86.4025  10.8371 0009471 301.2102  58.8169 14.41950266535782
0 STARLINK-34526
1 64481U 25133K   26283.49452115  .00023746  00000-0  71122-3 0  9997
2 64481  53.1593 196.3823 0001401  79.3055 280.8106 15.34421601 74001
0 KUIPER-00540
1 69609U 26140T   26283.49449846  .00032542  00000-0  84351-3 0  9992
2 69609  51.8828 201.1158 0004810 355.8615   4.2332 15.38719794 18971
0 GLOBALSTAR M098
1 A0325U 26185A   26283.49447724  .00000284  00000-0  92374-4 0  9997
2 A0325  51.9976 359.6639 0010734  47.8354 312.3513 14.63030395  8129
0 KUIPER-00241
1 67149U 25301S   26283.49440665  .00001659  00000-0  24653-3 0  9991
2 67149  51.9036 205.8072 0001132  72.3654 287.7432 14.79936105 45738
0 FENGYUN 1C DEB
1 30196U 99025VD  26283.49440226  .00000063  00000-0  43255-4 0  9998
2 30196  98.6359  16.5784 0084771 262.9808 157.2900 14.25928501 26621
0 STARLINK-36227
1 67095U 25298W   26283.49439313  .00003563  00000-0  30618-3 0  9998
2 67095  70.0029 192.8298 0002467 264.9083  95.1794 14.98337316 45398
0 FENGYUN 1C DEB
1 36652U 99025DXW 26283.49423854  .00002815  00000-0  12085-2 0  9991
2 36652  98.9350  15.5744 0052041 203.1590 156.7243 14.24847681686199
0 STARLINK-35794
1 67085U 25298L   26283.49422668  .00002336  00000-0  20343-3 0  9993
2 67085  70.0018 192.8380 0002820 272.2903  87.7933 14.98337313 45392
0 STARLINK-5065
1 55641U 23021P   26283.49412660  .00000508  00000-0  50382-4 0  9997
2 55641  70.0014   2.9930 0002775 268.1475  91.9366 14.98332654200968
0 STARLINK-35893
1 66565U 25268J   26283.49408157  .00023034  00000-0  84340-3 0  9994
2 66565  43.0002 213.7548 0002214 269.1316  90.9282 15.27600492 50816
0 STARLINK-11209
1 61200U 24171A   26283.49407317 -.00001018  00000-0 -35559-5 0  9994
2 61200  53.1584 197.5469 0000655 120.9295 239.1788 15.69703215119044
0 ONEWEB-0096
1 45439U 20020R   26283.49399893  .00000234  00000-0  62573-3 0  9999
2 45439  87.8970 358.1575 0001894 104.6258 255.5080 13.11418805317770
0 STARLINK-1572
1 46060U 20055AK  26283.49394537  .00001724  00000-0  67268-4 0  9990
2 46060  53.1586 195.7680 0001172  82.2371 277.8763 15.31714449341935
0 STARLINK-32311
1 62114U 24222A   26283.49394413  .00011150  00000-0  41388-3 0  9999
2 62114  43.0036 348.1034 0000682 266.9091  93.1683 15.27596082105937
0 STARLINK-32025
1 60138U 24120D   26283.49391352 -.00012246  00000-0 -35202-3 0  9996
2 60138  53.1606  37.9341 0010384 230.1640 129.8449 15.34316268129323
0 STARLINK-5696
1 55484U 23015AM  26283.49378232  .00001289  00000-0  56336-4 0  9993
2 55484  43.0024 206.8971 0000963 254.6306 105.4439 15.27584288203447
0 ONEWEB-0028
1 45140U 20008K   26283.49372567  .00000201  00000-0  53220-3 0  9996
2 45140  87.8958 358.1592 0002233  90.5275 269.6109 13.11418644323736
0 STARLINK-4526
1 53438U 22097BC  26283.49347624  .00000092  00000-0  13869-4 0  9995
2 53438  53.1588 199.9804 0001207 106.0045 254.1090 15.34382203231492
0 STARLINK-32525
1 62121U 24222H   26283.49343652  .00019445  00000-0  71386-3 0  9992
2 62121  43.0036   2.8092 0001736 265.0330  95.0324 15.27598267105615
0 STARLINK-32369
1 60917U 24154Q   26283.49343651  .00001517  00000-0  60644-4 0  9993
2 60917  53.1613   4.5964 0001741  93.8569 266.2631 15.31709825119249
0 STARLINK-2736
1 48640U 21044C   26283.49339991  .00000927  00000-0  41609-4 0  9993
2 48640  53.1596 194.1211 0001227  84.5010 275.6131 15.31711082296733
0 STARLINK-31970
1 59928U 24106G   26283.49337851  .00000959  00000-0  44384-4 0  9997
2 59928  43.0045 199.4821 0001252 277.7671  82.3038 15.27573429133424
0 STARLINK-36083
1 66857U 25281K   26283.49334467  .00030072  00000-0  10969-2 0  9990
2 66857  43.0011 210.6608 0001935 272.7591  87.3040 15.27607139 49036
0 YAOGAN-35 03B
1 53318U 22088C   26283.49325017  .00009332  00000-0  35180-3 0  9999
2 53318  34.9894 200.6706 0012263 331.8805  28.1247 15.26236386233961
0 STARLINK-32871
1 62924U 25027T   26283.49310410  .00014890  00000-0  54929-3 0  9996
2 62924  43.0017 355.7748 0001190 272.3989  87.6726 15.27594723 94396
0 STARLINK-35454
1 66236U 25245C   26283.49307064  .00022480  00000-0  67394-3 0  9993
2 66236  53.1617   4.0472 0001155  83.3739 276.7395 15.34424328 54015
0 STARLINK-2704
1 48643U 21044F   26283.49306816  .00001156  00000-0  48999-4 0  9990
2 48643  53.1610 194.1738 0001216  89.0730 271.0411 15.31716089296748
0 ONEWEB-0445
1 51639U 22012T   26283.49302292 -.00000002  00000-0 -42748-4 0  9996
2 51639  87.8920  13.3214 0001806 107.2394 252.8931 13.10369987224448
0 STARLINK-4711
1 53701U 22107B   26283.49299296  .00000691  00000-0  31580-4 0  9996
2 53701  53.1613 351.9166 0001234  80.4861 279.6281 15.34394397227380
0 STARLINK-32831
1 62860U 25022G   26283.49299242  .00030825  00000-0  91915-3 0  9991
2 62860  53.1582 207.8901 0001473  77.5442 282.5725 15.34418730 94830
0 STARLINK-30503
1 57975U 23151M   26283.49295008  .00002275  00000-0  92184-4 0  9997
2 57975  43.0055 203.2336 0001023 283.5939  76.4799 15.27569004168619
0 STARLINK-35069
1 66268U 25247D   26283.49292335  .00022121  00000-0  66377-3 0  9996
2 66268  53.1591 269.9738 0001286  83.1854 276.9295 15.34406554 53975
0 STARLINK-34370
1 64309U 25123U   26283.49284525  .00020489  00000-0  69652-3 0  9999
2 64309  70.0023   8.0905 0004214 270.9941  89.0752 15.30439661 73910
0 GLOBALSTAR M028
1 25875U 99041D   26283.49280947 -.00000066  00000-0  22257-3 0  9998
2 25875  51.9614 200.8459 0064096  34.8756 325.6281 12.50605183250275
0 STARLINK-33855
1 64335U 25124U   26283.49272084  .00013338  00000-0  49316-3 0  9996
2 64335  43.0034 348.4471 0000418 272.2055  87.8749 15.27590969 74630
0 FENGYUN 1C DEB
1 31788U 99025CGP 26283.49269885  .00001644  00000-0  14917-2 0  9993
2 31788 102.5510 147.8180 0458131 141.4901 338.8138 13.46543370946643
0 KUIPER-00203
1 67773U 26030K   26283.49264721  .00002162  00000-0  31248-3 0  9999
2 67773  51.9070 348.3633 0000288  77.3918 282.7076 14.79939161 36918
0 STARLINK-34368
1 64311U 25123W   26283.49264530  .00015046  00000-0  52669-3 0  9999
2 64311  70.0031   8.0876 0002566 271.4584  88.6297 15.29588842 73919
0 STARLINK-4612
1 53750U 22107BC  26283.49253351 -.00000285  00000-0  26969-5 0  9998
2 53750  53.1621 359.9474 0001188  85.3323 274.7816 15.34392669227300
0 STARLINK-33726
1 63437U 25069E   26283.49247174  .00022809  00000-0  68376-3 0  9998
2 63437  53.1596 206.1079 0001333  77.9754 282.1398 15.34417948 86506
0 STARLINK-31013
1 58526U 23191U   26283.49245762  .00018267  00000-0  99891-3 0  9995
2 58526  43.0004   4.3466 0012035 338.8427  21.1921 15.13920018157928
0 STARLINK-11708
1 64238U 25119F   26283.49245590  .00143128  00000-0  10989-2 0  9998
2 64238  43.0022 354.7086 0001417 258.5766 101.4943 15.70860284 79022
0 STARLINK-4640
1 53728U 22107AE  26283.49242415  .00010456  00000-0  31959-3 0  9995
2 53728  53.1653 349.9600 0000755  45.4272 314.6792 15.34456847227259
0 STARLINK-34353
1 64278U 25120Y   26283.49238074  .00015822  00000-0  47821-3 0  9998
2 64278  53.1604 196.0999 0001316  94.0440 266.0713 15.34414341 76843
0 ONEWEB-0083
1 45435U 20020M   26283.49230934  .00000127  00000-0  32251-3 0  9996
2 45435  87.8971 358.1576 0001752 100.5806 259.5520 13.11418686317786
0 STARLINK-5266
1 55290U 23010X   26283.49225841 -.00000002  00000-0  76022-5 0  9998
2 55290  70.0004 202.8954 0002990 272.8252  87.2565 14.98331486205447
0 FENGYUN 1C DEB
1 29788U 99025CE  26283.49212850  .00002069  00000-0  84797-3 0  9996
2 29788  98.7670   0.9939 0039778  33.9718 337.4448 14.27800627 16601
0 STARLINK-31556
1 59544U 24074L   26283.49205596 -.00000217  00000-0  16346-5 0  9991
2 59544  43.0015 210.5982 0000752 267.3705  92.7061 15.27578122138864
0 ORBCOMM FM 40
1 33065U 08031F   26283.49197831  .00001328  00000-0  18238-3 0  9991
2 33065  48.4408 191.4397 0006344 303.7917 226.0989 14.84385408985461
0 QIANFAN-139
1 69085U 26104N   26283.49193971  .00000075  00000-0  96741-4 0  9998
2 69085  88.9866 329.7027 0002251  91.1759 268.9650 13.51032702 20728
0 STARLINK-34442
1 64672U 25139J   26283.49192451  .00021248  00000-0  63802-3 0  9990
2 64672  53.1592 204.1768 0001380  95.8931 264.2229 15.34410211 73242
0 STARLINK-4705
1 53723U 22107Z   26283.49191039  .00000629  00000-0  28937-4 0  9999
2 53723  53.1622 352.0614 0001378  73.5281 286.5873 15.35401146227221
0 STARLINK-36197
1 67205U 25304P   26283.49189800  .00003908  00000-0  33503-3 0  9991
2 67205  70.0027 352.7142 0003672 270.3979  89.6759 14.98346090 46038
0 STARLINK-31092
1 58628U 23203L   26283.49182992  .00001551  00000-0  65852-4 0  9996
2 58628  43.0036 293.9099 0001093 246.6511 113.4226 15.27583584156410
0 GLOBALSTAR M034
1 25962U 99062B   26283.49175382 -.00000076  00000-0  81949-4 0  9999
2 25962  51.9860 202.8526 0013464 227.8418 303.7646 11.79461196195065
0 KUIPER-00181
1 67137U 25301E   26283.49170382 -.00000086  00000-0  17795-4 0  9998
2 67137  51.9032 208.2911 0001078  65.8673 294.2402 14.79939808 45527
0 FENGYUN 1C DEB
1 30944U 99025BAJ 26283.49165302  .00000393  00000-0  95827-4 0  9996
2 30944  98.8152   0.0205 0146339 266.8324 104.3889 14.52822424 34339
0 GLOBALSTAR M099
1 A0327U 26185C   26283.49149548  .00000273  00000-0  89988-4 0  9997
2 A0327  51.9974 359.6427 0010301  47.9732 312.2099 14.63212526  8121
0 STARLINK-2063
1 48553U 21041A   26283.49149074 -.00000698  00000-0 -10717-4 0  9997
2 48553  53.1624 207.1240 0001462 100.9321 259.1845 15.31712408298198
0 STARLINK-4519
1 53439U 22097BD  26283.49136943 -.00000570  00000-0 -57278-5 0  9992
2 53439  53.1599 199.9629 0001374  83.5605 276.5554 15.34385460231497
0 ONEWEB-0468
1 51652U 22012AG  26283.49133778  .00000147  00000-0  38545-3 0  9999
2 51652  87.8912  13.3306 0001538  98.1327 261.9975 13.10372310224401
0 GLOBALSTAR M102
1 A0326U 26185B   26283.49129957  .00000287  00000-0  92483-4 0  9997
2 A0326  51.9983 359.6495 0010474  48.6673 311.5183 14.63321918  8119
0 STARLINK-5636
1 55454U 23015F   26283.49122892 -.00000241  00000-0  75161-6 0  9996
2 55454  43.0025 195.5905 0001464 272.6061  87.4624 15.27575850203575
0 STARLINK-5695
1 55485U 23015AN  26283.49121799 -.00002954  00000-0 -97865-4 0  9992
2 55485  43.0050 206.8810 0000877 283.3397  76.7357 15.27585447203449
0 STARLINK-34650
1 66258U 25245AA  26283.49097101  .00031389  00000-0  93561-3 0  9998
2 66258  53.1632   4.0311 0000591  58.8580 301.2481 15.34421526 54176
0 STARLINK-5107
1 54826U 22177G   26283.49091803  .00000446  00000-0  25756-4 0  9992
2 54826  43.0061   3.0363 0001791 273.1756  86.8891 15.27578960209770
0 STARLINK-32288
1 60943U 24155V   26283.49090985  .00000438  00000-0  24118-4 0  9999
2 60943  53.1611 207.9823 0001456  89.1309 270.9860 15.34389870119234
0 STARLINK-3768
1 52301U 22041AS  26283.49090466  .00001205  00000-0  46813-4 0  9993
2 52301  53.1600 198.6153 0001076  76.6628 283.4494 15.34391116247157
0 STARLINK-36764
1 68963U 26099N   26283.49086555  .00020972  00000-0  63014-3 0  9998
2 68963  53.1616 342.3252 0001408  84.7680 275.3483 15.34396974 24978
0 STARLINK-31853
1 59933U 24106M   26283.49080754  .00000796  00000-0  38452-4 0  9998
2 59933  43.0032 199.4612 0001146 282.1775  77.8948 15.27581571133371
0 STARLINK-36070
1 66864U 25281S   26283.49077887  .00027818  00000-0  10155-2 0  9999
2 66864  43.0023 210.6412 0001273 269.3954  90.6752 15.27615302 49038
0 STARLINK-11484
1 62277U 24237L   26283.49056407  .00179553  00000-0  13672-2 0  9999
2 62277  43.0014 201.9695 0001168 293.7142  66.3603 15.70937728106835
0 FENGYUN 1C DEB
1 31483U 99025BVX 26283.49054943  .00004561  00000-0  20663-2 0  9998
2 31483 102.5137   0.3878 0121590 189.7780 183.6791 14.18902290989821
0 ONEWEB-0088
1 45457U 20020AK  26283.49046783  .00000118  00000-0  29800-3 0  9993
2 45457  87.8979 358.1411 0002269 101.7704 258.3678 13.11419453317650
0 STARLINK-35026
1 65514U 25198Y   26283.49035229  .00021225  00000-0  63713-3 0  9996
2 65514  53.1611 349.9605 0002457  83.6867 276.4415 15.34418859 61556
0 STARLINK-11237
1 60934U 24155L   26283.49032959 -.00000210  00000-0  31256-5 0  9997
2 60934  53.1586   2.0381 0001037  85.6304 274.4832 15.69702238122157
0 STARLINK-34477
1 64487U 25133R   26283.49031067  .00017165  00000-0  51791-3 0  9990
2 64487  53.1597 196.3554 0001522  77.0170 283.1002 15.34405473 74100
0 STARLINK-35842
1 67087U 25298N   26283.49021860  .00002631  00000-0  22819-3 0  9992
2 67087  70.0017 192.8321 0002561 271.7214  88.3651 14.98336522 45394
0 STARLINK-5407
1 54858U 22177AQ  26283.49013640  .00000033  00000-0  10720-4 0  9997
2 54858  43.0048 348.3254 0001117 272.7950  87.2774 15.27576306209943
0 STARLINK-36205
1 67098U 25298Z   26283.49005639  .00002234  00000-0  19491-3 0  9991
2 67098  70.0046 192.8209 0001497 270.0046  90.0942 14.98333069 45391
0 QIANFAN-43
1 62244U 24232H   26283.49004094  .00000117  00000-0  16236-3 0  9992
2 62244  89.0177  11.0128 0016544  51.0634 309.1989 13.51021462108603
0 STARLINK-38359
1 A0536U 26200C   26283.48999091  .00150088  00000-0  13085-2 0  9995
2 A0536  70.0011  78.6414 0003240 288.2662  71.8180 15.68372095  6038
0 KUIPER-00060
1 64520U 25134W   26283.48994790  .00002849  00000-0  40254-3 0  9994
2 64520  51.9043 350.8207 0000305  68.4061 291.6934 14.79938742 72040
0 STARLINK-31719
1 59495U 24071M   26283.48993773  .00000035  00000-0  10772-4 0  9996
2 59495  43.0007 206.9134 0000669 297.1978  62.8805 15.27576332141058
0 ONEWEB-0010
1 44058U 19010B   26283.48990416  .00000080  00000-0  17697-3 0  9995
2 44058  87.9183 205.9028 0001513  73.0986 287.0311 13.16595513366789
0 STARLINK-4729
1 53804U 22111AH  26283.48987824 -.00000463  00000-0 -25284-5 0  9999
2 53804  53.1625 357.9475 0002432  97.2823 262.8456 15.34398847226540
0 STARLINK-34554
1 64687U 25139Z   26283.48981688  .00025603  00000-0  76652-3 0  9999
2 64687  53.1598 204.1585 0001422  83.5769 276.5395 15.34390842 73248
0 STARLINK-34377
1 64279U 25120Z   26283.48980098  .00025151  00000-0  75319-3 0  9997
2 64279  53.1604 192.5311 0001177  87.5104 272.6033 15.34393077 76897
0 STARLINK-32490
1 62126U 24222N   26283.48959325  .00022116  00000-0  81049-3 0  9992
2 62126  43.0041   2.7794 0001264 270.2243  89.8464 15.27591979105609
0 STARLINK-31574
1 59543U 24074K   26283.48950171 -.00002122  00000-0 -67668-4 0  9995
2 59543  43.0017 210.5748 0001374 271.3137  88.7557 15.27558503138866
0 FENGYUN 1C DEB
1 29734U 99025Y   26283.48946852  .00002672  00000-0  42794-2 0  9992
2 29734  99.1649 169.1967 0614393  38.9334  79.1044 12.92222007924445
0 FENGYUN 1C DEB
1 29963U 99025KM  26283.48932690  .00000800  00000-0  32230-3 0  9997
2 29963  98.9684 182.0400 0051038 143.3989  30.8507 14.30220422 24520
0 STARLINK-1564
1 46058U 20055AH  26283.48929093  .00000667  00000-0  33248-4 0  9993
2 46058  53.1599 195.7855 0001449 107.6422 252.4738 15.31706233341962
0 STARLINK-4481
1 53418U 22097AG  26283.48926581  .00002808  00000-0  94267-4 0  9995
2 53418  53.1593 199.9504 0001199  94.1705 265.9434 15.34376788231496
0 STARLINK-32920
1 62925U 25027U   26283.48924848  .00018639  00000-0  68458-3 0  9999
2 62925  43.0009 355.7456 0000763 261.5569  98.5196 15.27607249 94393
0 YAOGAN-30 AE
1 49028U 21065C   26283.48920904  .00001843  00000-0  13587-3 0  9997
2 49028  34.9940 289.7904 0000778 281.6565  78.4057 15.03142354285989
0 IRIDIUM 154
1 43574U 18061F   26283.48919508  .00000005  00000-0 -53850-5 0  9996
2 43574  86.4020   8.6037 0002032  98.0535 262.0891 14.34217640429933
0 STARLINK-11257
1 61201U 24171B   26283.48917385 -.00001489  00000-0 -74424-5 0  9991
2 61201  53.1591 197.5091 0000768 107.9744 252.1358 15.69696637118139
0 FENGYUN 1C DEB
1 29770U 99025BL  26283.48903442  .00001737  00000-0  79439-3 0  9998
2 29770  98.8321   4.1641 0062758 126.4786 246.8940 14.21716620 13698
0 KUIPER-00221
1 67147U 25301Q   26283.48900854  .00002177  00000-0  31446-3 0  9993
2 67147  51.9018 210.7944 0000639  92.4641 267.6395 14.79935675 45331
0 STARLINK-35517
1 66244U 25245L   26283.48886314  .00033067  00000-0  98500-3 0  9997
2 66244  53.1615   4.0194 0001400  91.3595 268.7568 15.34415709 53964
0 STARLINK-5427
1 54853U 22177AK  26283.48885399 -.00000671  00000-0 -14844-4 0  9990
2 54853  43.0048 348.3187 0001289 267.3208  92.7496 15.27575426209943
0 ORBCOMM FM 41
1 33061U 08031B   26283.48881053  .00001055  00000-0  15543-3 0  9995
2 33061  48.4429 191.7256 0004256 295.7750 234.4453 14.82881147985471
0 STARLINK-4707
1 53721U 22107X   26283.48880640  .00000942  00000-0  39014-4 0  9995
2 53721  53.1617 352.0458 0001193  87.9721 272.1418 15.34392853227085
0 STARLINK-32184
1 60942U 24155U   26283.48879412  .00002441  00000-0  83360-4 0  9997
2 60942  53.1600 207.9732 0001497  96.4086 263.7087 15.34405271119233
0 STARLINK-1540
1 46051U 20055AA  26283.48878020 -.00000711  00000-0 -11149-4 0  9997
2 46051  53.1607 194.5339 0001047  96.4730 263.6390 15.31701527341992
0 ONEWEB-0709
1 55172U 23004AJ  26283.48877353  .00000051  00000-0  10864-3 0  9993
2 55172  87.8956 358.1650 0001289 128.5331 231.5913 13.11418893180985
0 STARLINK-5058
1 55456U 23015H   26283.48865717  .00001779  00000-0  74143-4 0  9990
2 55456  43.0033 195.5807 0001396 275.3047  84.7645 15.27583734203578
0 STARLINK-5141
1 55500U 23015BD  26283.48864375  .00000014  00000-0  10011-4 0  9994
2 55500  43.0016 206.8510 0000784 239.1627 120.9148 15.27576259203449
0 IRIDIUM 33 DEB
1 35744U 97051RX  26283.48864035  .00004242  00000-0  63391-3 0  9991
2 35744  86.3339 188.6688 0017673 232.8461 127.1143 14.74443988917730
0 STARLINK-35488
1 66254U 25245W   26283.48845757  .00028365  00000-0  92133-3 0  9995
2 66254  53.1622   4.7214 0001815  86.6608 273.4601 15.31734439 54160
0 STARLINK-2521
1 48648U 21044L   26283.48842459  .00003480  00000-0  12383-3 0  9991
2 48648  53.1605 194.3254 0001358  93.5104 266.6053 15.31707500296744
0 STARLINK-4589
1 53746U 22107AY  26283.48841075  .00001793  00000-0  64195-4 0  9994
2 53746  53.1612   0.6354 0001247  79.8652 280.2491 15.34395813227283
0 ONEWEB-0410
1 51622U 22012A   26283.48839931  .00000050  00000-0  95024-4 0  9998
2 51622  87.9175 342.9720 0003214 100.7672 259.3821 13.17648294228888
0 STARLINK-36293
1 68515U 26068H   26283.48831144  .00006663  00000-0  20823-3 0  9990
2 68515  53.1592 206.4350 0001397 103.6358 256.4801 15.34390768 29900
0 ONEWEB-0668
1 56711U 23068B   26283.48830809  .00000070  00000-0  14845-3 0  9992
2 56711  87.9182 205.8946 0001990  88.1191 272.0168 13.16596283166955
0 STARLINK-35207
1 65500U 25198J   26283.48824692  .00029834  00000-0  88962-3 0  9997
2 65500  53.1592 349.9516 0003591  96.8884 263.2528 15.34431184 61550
0 STARLINK-36092
1 66869U 25281X   26283.48820974  .00023910  00000-0  87496-3 0  9998
2 66869  43.0001 210.6197 0000870 282.0611  78.0143 15.27602722 49028
0 STARLINK-4623
1 55315U 23010AY  26283.48808747 -.00001806  00000-0 -14357-3 0  9992
2 55315  69.9999 202.8802 0003178 272.4482  87.6313 14.98341356205438
0 ONEWEB-0434
1 51631U 22012K   26283.48806318  .00000338  00000-0  93270-3 0  9990
2 51631  87.8919  13.3549 0002634 104.3540 255.7880 13.10390458224420
0 STARLINK-11686
1 64233U 25119A   26283.48805611  .00278707  00000-0  20868-2 0  9997
2 64233  42.9999 354.6755 0001943 232.9677 127.1013 15.71029873 79026
0 ONEWEB-0065
1 45164U 20008AK  26283.48779714  .00000314  00000-0  86284-3 0  9997
2 45164  87.8926  13.3401 0002132 105.5650 254.5713 13.10370462322982
0 FENGYUN 1C DEB
1 30403U 99025ADS 26283.48778602  .00003184  00000-0  13734-2 0  9994
2 30403  99.0530  15.2733 0074867 236.6300 122.7698 14.23748278 10979
0 STARLINK-35182
1 65504U 25198N   26283.48776057  .00031392  00000-0  93599-3 0  9996
2 65504  53.1617 348.5287 0001587  91.0696 269.0489 15.34411416 61571
0 STARLINK-11517
1 62559U 25006F   26283.48772916  .00190283  00000-0  14504-2 0  9994
2 62559  42.9998 285.2449 0002091 264.0313  96.0316 15.70877124100384
0 STARLINK-5387
1 54842U 22177Y   26283.48755391  .00000563  00000-0  30002-4 0  9998
2 54842  43.0051 359.6034 0001906 276.0312  84.0322 15.27577478209817
0 ONEWEB-0548
1 56050U 23043E   26283.48751691  .00000028  00000-0  39261-4 0  9995
2 56050  87.9184 205.8909 0002212  66.6959 293.4405 13.16595080174137
0 STARLINK-36780
1 67866U 26034S   26283.48726918  .00020253  00000-0  60831-3 0  9997
2 67866  53.1576 284.2970 0001194 112.4305 247.6824 15.34432627 36958
0 KUIPER-00056
1 64516U 25134S   26283.48725012  .00002913  00000-0  41088-3 0  9996
2 64516  51.9038 353.3255 0000140  70.0292 290.0685 14.79940557 72023
0 STARLINK-3274
1 50186U 21125AG  26283.48719113  .00002949  00000-0  10674-3 0  9991
2 50186  53.1613 357.7845 0001084  67.8679 292.2437 15.31704873269113
0 STARLINK-11670
1 64237U 25119E   26283.48714654  .00287235  00000-0  21487-2 0  9991
2 64237  42.9999 354.6668 0001876 240.9573 119.1107 15.71026319 79029
0 STARLINK-3264
1 50198U 21125AU  26283.48704930  .00012171  00000-0  59716-3 0  9993
2 50198  53.1615 349.1206 0001091  27.6469 332.4585 15.18495364269234
0 STARLINK-4663
1 53724U 22107AA  26283.48691948  .00000408  00000-0  22598-4 0  9995
2 53724  53.1619 350.6228 0001395  72.1825 287.9330 15.35401387227108
0 STARLINK-30425
1 57850U 23141L   26283.48677456  .00015880  00000-0  47999-3 0  9997
2 57850  53.1600   4.1008 0002655  90.2085 269.9222 15.34408792173249
0 STARLINK-11140
1 60039U 24112B   26283.48673411  .00000184  00000-0  63817-5 0  9996
2 60039  53.1591 287.6699 0001214  72.6161 287.4990 15.69713106134716
0 STARLINK-32916
1 62922U 25027R   26283.48667988  .00011480  00000-0  42584-3 0  9994
2 62922  43.0022 355.7285 0002372 279.8280  80.2304 15.27595913 94398
0 STARLINK-30505
1 57972U 23151J   26283.48652105  .00027849  00000-0  10169-2 0  9993
2 57972  43.0011 203.2026 0001134 276.0256  84.0467 15.27606651168613
0 STARLINK-2164
1 47750U 21017AE  26283.48637491  .00033031  00000-0  97542-3 0  9997
2 47750  53.1564 273.3756 0004654  64.4608 295.6875 15.34683070310912
0 STARLINK-5087
1 54850U 22177AG  26283.48628212  .00000419  00000-0  24762-4 0  9994
2 54850  43.0037 348.2984 0000935 275.5286  84.5459 15.27582635209944
0 STARLINK-31438
1 59234U 24049D   26283.48624428 -.00000490  00000-0 -82808-5 0  9997
2 59234  43.0041 359.4718 0001054 260.1765  99.8968 15.27582983145370
0 STARLINK-37244
1 68529U 26068X   26283.48620499  .00025814  00000-0  77198-3 0  9990
2 68529  53.1602 206.4254 0001199  81.6134 278.5004 15.34421948 29902
0 GLOBALSTAR M106
1 A0329U 26185E   26283.48618374  .00000282  00000-0  91256-4 0  9997
2 A0329  51.9980 359.6199 0010084  47.2042 312.9760 14.63430389  8111
0 STARLINK-5681
1 55469U 23015W   26283.48610426  .00006096  00000-0  23115-3 0  9998
2 55469  43.0063 195.5608 0001471 280.1782  79.8904 15.27536315203574
0 STARLINK-34551
1 64682U 25139U   26283.48610165  .00011656  00000-0  35550-3 0  9998
2 64682  53.1602 196.3244 0001285  82.7309 277.3840 15.34406561 73353
0 TIANMU-1 10
1 57402U 23101D   26283.48591912  .00006291  00000-0  21269-3 0  9996
2 57402  97.2497 331.7987 0006254  88.7257 271.4701 15.30963814179278
0 STARLINK-5506
1 55651U 23021Z   26283.48576848  .00000192  00000-0  23905-4 0  9996
2 55651  70.0004   2.9676 0003442 270.5034  89.5730 14.98335274200964
0 STARLINK-32292
1 61889U 24204R   26283.48564638 -.00000016  00000-0  10665-4 0  9999
2 61889  53.1595 204.4207 0001308 109.0125 251.1019 15.34397315108055
0 STARLINK-31539
1 59539U 24074F   26283.48563142  .00000739  00000-0  36357-4 0  9999
2 59539  42.9996 210.5500 0001017 267.8032  92.2703 15.27580596138869
0 STARLINK-34329
1 64256U 25120A   26283.48559810  .00031745  00000-0  94652-3 0  9993
2 64256  53.1602 192.5143 0001641  65.7732 294.3442 15.34405597 76890
0 STARLINK-31356
1 58968U 24031D   26283.48559130  .00002000  00000-0  70318-4 0  9997
2 58968  53.1634 347.9703 0002242  71.6392 288.4854 15.34399772149857
0 FENGYUN 1C DEB
1 30142U 99025SX  26283.48545794  .00002062  00000-0  10949-2 0  9997
2 30142  99.1174   9.0950 0102437 182.2225 177.8504 14.12053553  5562
0 ONEWEB-0690
1 61598U 24188E   26283.48537873 -.00000092  00000-0 -29594-3 0  9993
2 61598  87.8968 358.1605 0001619  83.2355 276.8957 13.11418757 99749
0 STARLINK-3777
1 52294U 22041AK  26283.48531560  .00000660  00000-0  31405-4 0  9993
2 52294  53.1592 198.5404 0001358  95.7447 264.3711 15.33546307247153
0 STARLINK-4490
1 53409U 22097X   26283.48514775  .00001809  00000-0  64688-4 0  9997
2 53409  53.1588 200.6339 0001458  94.3412 265.7757 15.34388871231482
0 STARLINK-5360
1 54846U 22177AC  26283.48499060  .00000574  00000-0  30412-4 0  9997
2 54846  43.0058 359.5865 0001852 275.0355  85.0285 15.27576134209812
0 STARLINK-30341
1 57714U 23129S   26283.48497760  .00000227  00000-0  17760-4 0  9993
2 57714  43.0013 348.1689 0000914 241.1811 118.8949 15.27577622173496
0 STARLINK-1523
1 46028U 20055B   26283.48496827  .00046891  00000-0  11790-2 0  9999
2 46028  53.1569 204.8751 0002403  79.5703 280.5573 15.39515317341848
0 STARLINK-5682
1 55457U 23015J   26283.48480498 -.00000032  00000-0  83787-5 0  9997
2 55457  43.0032 195.5544 0001328 273.8830  86.1870 15.27574272203577
0 STARLINK-5363
1 55497U 23015BA  26283.48475088  .00003650  00000-0  14189-3 0  9996
2 55497  42.9985 206.8216 0000339 329.1482  30.9350 15.27623478203446
0 STARLINK-31928
1 59897U 24100N   26283.48466676 -.00000121  00000-0  51276-5 0  9994
2 59897  43.0016 352.6380 0001574 279.1139  80.9535 15.27574358133903
0 STARLINK-35546
1 66240U 25245G   26283.48465963  .00023435  00000-0  70206-3 0  9997
2 66240  53.1635   3.9976 0001604  69.4384 290.6791 15.34422748 54173
0 STARLINK-2746
1 48676U 21044AQ  26283.48461628 -.00001780  00000-0 -45580-4 0  9996
2 48676  53.1601 195.7559 0001331  92.7196 267.3957 15.31714586296706
0 STARLINK-4701
1 53727U 22107AD  26283.48457775  .00002236  00000-0  77284-4 0  9999
2 53727  53.1646 352.0219 0002446  96.0241 264.1040 15.34411604227222
0 KUIPER-00236
1 68582U 26072K   26283.48456595  .00000714  00000-0  12268-3 0  9997
2 68582  51.9024 355.8092 0000709 116.1017 244.0018 14.79937845 28890
0 ONEWEB-0425
1 51628U 22012G   26283.48454336  .00000414  00000-0  11497-2 0  9990
2 51628  87.8920  13.3299 0002197 105.4303 254.7068 13.10369497224429
0 STARLINK-3766
1 52296U 22041AM  26283.48451906  .00000727  00000-0  32665-4 0  9993
2 52296  53.1588 197.9475 0001284 102.1141 258.0006 15.34378797247168
0 STARLINK-31524
1 59506U 24071Y   26283.48443530  .00000275  00000-0  19557-4 0  9996
2 59506  43.0066 199.7574 0002814 270.1431  89.9098 15.27581585141131
0 STARLINK-3346
1 50821U 22001U   26283.48443446  .00000240  00000-0  19510-4 0  9995
2 50821  53.1603 270.7600 0001654  74.0943 286.0241 15.31699419263025
0 STARLINK-11309
1 61202U 24171C   26283.48426483 -.00001047  00000-0 -37889-5 0  9990
2 61202  53.1591 197.4779 0000833  92.9616 267.1497 15.69703731118130
0 STARLINK-30345
1 57701U 23129D   26283.48418569  .00000056  00000-0  11546-4 0  9995
2 57701  43.0030 344.7762 0001025 267.5832  92.4902 15.27580672173398
0 STARLINK-34809
1 65069U 25165P   26283.48412623  .00014643  00000-0  45511-3 0  9993
2 65069  97.2884 354.3523 0001180  48.7801 311.3543 15.33437333 67186
0 STARLINK-1570
1 46059U 20055AJ  26283.48409462  .00000137  00000-0  16183-4 0  9998
2 46059  53.1613 194.2627 0001401  78.6769 281.4390 15.31709660341941
0 STARLINK-5311
1 55288U 23010V   26283.48407674 -.00000134  00000-0 -34714-5 0  9999
2 55288  70.0003 202.8653 0002688 272.6670  87.4182 14.98331862205440
0 STARLINK-34325
1 64262U 25120G   26283.48396722  .00019979  00000-0  60085-3 0  9999
2 64262  53.1631 196.0510 0001746  74.4648 285.6547 15.34400113 76848
0 STARLINK-5287
1 55293U 23010AA  26283.48391140  .00000113  00000-0  17296-4 0  9995
2 55293  70.0002 202.8662 0002800 271.4311  88.6527 14.98331338205444
0 ONEWEB-0095
1 45436U 20020N   26283.48379948 -.00000147  00000-0 -44937-3 0  9993
2 45436  87.8959 358.1599 0002251 116.5803 243.5556 13.11417220317782
0 STARLINK-36291
1 67195U 25304D   26283.48375583  .00005221  00000-0  44485-3 0  9994
2 67195  70.0028 353.0881 0003278 271.1016  88.9767 14.98345996 46051
0 STARLINK-2732
1 48646U 21044J   26283.48375359 -.00000376  00000-0 -33465-6 0  9999
2 48646  53.1614 194.2336 0001788  96.9185 263.2020 15.31703880296749
0 STARLINK-5416
1 54855U 22177AM  26283.48371066 -.00000013  00000-0  90541-5 0  9991
2 54855  43.0033 348.2795 0000956 270.0932  89.9810 15.27576748209944
0 STARLINK-1169
1 45061U 20006T   26283.48367263  .00059098  00000-0  10184-2 0  9991
2 45061  53.1498 348.2880 0004356 353.0935   7.0013 15.50507774369647
0 QIANFAN-136
1 69082U 26104K   26283.48365302  .00000086  00000-0  11394-3 0  9995
2 69082  88.9871 329.7228 0002369 105.5052 254.6361 13.51021405 20718
0 FENGYUN 1C DEB
1 31341U 99025BQV 26283.48363837  .00004180  00000-0  94390-3 0  9991
2 31341  99.5347  12.0799 0052469 169.5813 253.8505 14.56078584 20062
0 ONEWEB-0255
1 48973U 21060G   26283.48356833  .00000084  00000-0  18669-3 0  9996
2 48973  87.9184 205.9026 0001648  70.9666 289.1643 13.16595414254831
0 STARLINK-35114
1 65502U 25198L   26283.48355417  .00023088  00000-0  69225-3 0  9999
2 65502  53.1598 348.5090 0001834  81.9978 278.1233 15.34404780 61579
0 STARLINK-5694
1 55481U 23015AJ  26283.48350934  .00000127  00000-0  14124-4 0  9997
2 55481  42.9980 206.8283 0000179 337.4451  22.6393 15.27576641203442
0 STARLINK-34502
1 64680U 25139S   26283.48350544  .00019102  00000-0  57500-3 0  9991
2 64680  53.1607 204.1164 0002260  70.3151 289.8095 15.34401824 73242
0 STARLINK-34298
1 64269U 25120P   26283.48349307  .00026843  00000-0  80291-3 0  9992
2 64269  53.1607 192.4978 0001398  76.3829 283.7329 15.34393498 76799
0 FENGYUN 1C DEB
1 33618U 99025DDB 26283.48311447  .00002766  00000-0  44496-3 0  9990
2 33618  98.5291  26.1906 0156940 282.4010  75.9666 14.64574460 11937
0 STARLINK-31876
1 59938U 24106S   26283.48308408 -.00000013  00000-0  90763-5 0  9998
2 59938  42.9999 199.4007 0002876 264.3949  95.6574 15.27585862133381
0 FENGYUN 1C DEB
1 31959U 99025CNL 26283.48303956  .00006224  00000-0  15697-2 0  9995
2 31959  98.4966 162.0202 0028112 325.0018  34.9328 14.51199205687240
0 IRIDIUM 105
1 41921U 17003E   26283.48293098 -.00000066  00000-0 -30565-4 0  9999
2 41921  86.4020   8.6719 0002262  91.9524 268.1931 14.34216222511668
0 FENGYUN 1C DEB
1 41829U 99025EYG 26283.48290607  .00002069  00000-0  85764-3 0  9996
2 41829  98.7272 356.7900 0054390  63.8090 296.8669 14.26843097516088
0 IRIDIUM 166
1 43570U 18061B   26283.48285380 -.00000028  00000-0 -17067-4 0  9991
2 43570  86.4018   8.5451 0002040  97.9565 262.1863 14.34217158429928
0 STARLINK-32892
1 62893U 25024Q   26283.48278513  .00017975  00000-0  66086-3 0  9998
2 62893  43.0022 192.5093 0001592 263.9348  96.1322 15.27592765 95110
0 STARLINK-11630
1 63111U 25039H   26283.48266589  .00286509  00000-0  21423-2 0  9994
2 63111  43.0007  22.4274 0002309 238.2855 121.7788 15.71038308 93390
0 QIANFAN-119
1 68646U 26075L   26283.48255678  .00000063  00000-0  78305-4 0  9992
2 68646  88.9829 309.2271 0001626  94.0500 266.0837 13.51022020 25378
0 STARLINK-35056
1 66266U 25247B   26283.48249350  .00020714  00000-0  62241-3 0  9994
2 66266  53.1592 270.6157 0001615  69.9916 290.1261 15.34405387 53968
0 STARLINK-34401
1 64757U 25147C   26283.48230501  .00037559  00000-0  11148-2 0  9998
2 64757  53.1592 320.3749 0001354  92.6802 267.4356 15.34466858 71634
0 STARLINK-5674
1 55465U 23015S   26283.48223592  .00016323  00000-0  60067-3 0  9999
2 55465  43.0036 195.5294 0002023 269.4028  90.6592 15.27617923203577
0 FENGYUN 1C DEB
1 30155U 99025TL  26283.48217126  .00002238  00000-0  19508-2 0  9991
2 30155  99.7484   8.5659 0234263 284.1356  73.3865 13.75305821980104
0 STARLINK-4686
1 53715U 22107R   26283.48202585 -.00000044  00000-0  98427-5 0  9992
2 53715  53.1613 350.5980 0001233  82.8250 277.2893 15.34392299227103
0 STARLINK-36298
1 68517U 26068K   26283.48200215  .00032960  00000-0  98211-3 0  9996
2 68517  53.1579 206.4133 0002134  77.7033 282.4208 15.34407055 29905
0 ONEWEB-0537
1 56046U 23043A   26283.48198782  .00000076  00000-0  16651-3 0  9996
2 56046  87.9182 205.8949 0001842  78.6407 281.4930 13.16594784174133
0 STARLINK-34352
1 64257U 25120B   26283.48186463  .00026461  00000-0  79148-3 0  9996
2 64257  53.1615 196.0402 0001587  68.0859 292.0312 15.34401371 76793
0 KUIPER-00049
1 64509U 25134K   26283.48184784  .00000977  00000-0  15717-3 0  9991
2 64509  51.9020 358.2243 0000492  96.1119 263.9900 14.79926358 71957
0 STARLINK-35784
1 67093U 25298U   26283.48170176  .00003347  00000-0  28807-3 0  9991
2 67093  70.0012 192.7916 0002853 269.7361  90.3471 14.98339353 45397
0 STARLINK-35019
1 65513U 25198X   26283.48144719  .00022118  00000-0  66331-3 0  9990
2 65513  53.1603 348.4884 0000472  85.1706 274.9350 15.34423967 61572
0 STARLINK-34390
1 64666U 25139C   26283.48142384  .00048013  00000-0  14230-2 0  9991
2 64666  53.1606 204.1102 0001143  91.0590 269.0544 15.34402101 73308
0 STARLINK-30088
1 57462U 23107F   26283.48142001 -.00001149  00000-0 -32244-4 0  9994
2 57462  43.0029 203.3362 0001490 266.9847  93.0835 15.27567917177990
0 STARLINK-37336
1 A0031U 26161D   26283.48140343  .00026391  00000-0  78943-3 0  9993
2 A0031  53.1586 264.6376 0001312 113.2781 246.8360 15.34401482 13676
0 STARLINK-34321
1 64267U 25120M   26283.48139059  .00025390  00000-0  76014-3 0  9995
2 64267  53.1601 192.4818 0001906  75.5588 284.5626 15.34395547 76899
0 STARLINK-31541
1 59633U 24082C   26283.48114760  .00000196  00000-0  16633-4 0  9993
2 59633  43.0035 359.6600 0000816 248.5573 111.5191 15.27581180137931
0 YAOGAN-30 V
1 46808U 20076B   26283.48107133  .00002275  00000-0  16734-3 0  9999
2 46808  34.9933 108.0316 0001837 282.7494  77.3009 15.03106463325581
0 LEMUR 2 DELOITTE-1
1 63259U 25052BB  26283.48099147  .00002925  00000-0  25092-3 0  9991
2 63259  97.6748 174.4205 0002530  73.0002 287.1498 14.98259182 85958
0 STARLINK-5684
1 55453U 23015E   26283.48094836 -.00000020  00000-0  88128-5 0  9991
2 55453  43.0037 195.5267 0001520 269.5344  90.5333 15.27576251203578
0 STARLINK-5344
1 55494U 23015AX  26283.48094224  .00001660  00000-0  69834-4 0  9999
2 55494  43.0014 206.7961 0000819 246.4037 113.6729 15.27584563203444
0 STARLINK-4271
1 53012U 22076AC  26283.48070221  .00001526  00000-0  60933-4 0  9992
2 53012  53.1599 198.7582 0001366  85.7115 274.4042 15.31699769235423
0 KUIPER-00432
1 68937U 26098U   26283.48031857  .00002895  00000-0  40858-3 0  9997
2 68937  51.8991 265.7186 0000640  59.9987 300.1039 14.79933093 24594
0 STARLINK-4023
1 53135U 22083D   26283.48031297  .00000926  00000-0  38555-4 0  9994
2 53135  53.1570 269.9729 0000782  84.1095 275.9997 15.34385650234904
0 STARLINK-3760
1 52298U 22041AP  26283.48031094  .00000342  00000-0  21279-4 0  9999
2 52298  53.1599 197.9628 0001466  92.6729 267.4442 15.34388226247165
0 ONEWEB-0691
1 61599U 24188F   26283.48029999 -.00000328  00000-0 -96196-3 0  9993
2 61599  87.8975 358.0813 0002223 100.7843 259.3536 13.11418316 99590
0 LEMUR-2-NURAY
1 69932U 26156BR  26283.48025633  .00001702  00000-0  17095-3 0  9996
2 69932  97.7369 182.3435 0009017 185.9265 174.1849 14.92551090 14196
0 STARLINK-36500
1 67320U 26002R   26283.48024490  .00015491  00000-0  57105-3 0  9991
2 67320  43.0028 192.6552 0001435 283.7406  76.3286 15.27592431 43985
0 STARLINK-34276
1 64263U 25120H   26283.48018413  .00019219  00000-0  62917-3 0  9991
2 64263  53.1600 197.4487 0001513  84.0080 276.1094 15.31715360 76822
0 STARLINK-11498
1 62276U 24237K   26283.47994432  .00220493  00000-0  16601-2 0  9990
2 62276  43.0020 201.8842 0002087 302.1014  57.9651 15.71075641106835
0 ONEWEB-0451
1 51643U 22012X   26283.47994170  .00000035  00000-0  56949-4 0  9993
2 51643  87.9185 342.9645 0002115  98.8958 261.2413 13.17650049228847
0 STARLINK-36387
1 67610U 26018X   26283.47991412  .00019389  00000-0  60121-3 0  9998
2 67610  97.2861 353.3853 0002859 102.5970 257.5593 15.33449993 40698
0 FENGYUN 1C DEB
1 30718U 99025ASC 26283.47987184  .00002030  00000-0  85635-3 0  9998
2 30718  98.8816  12.6846 0052798   5.5145 354.6605 14.26035563 10385
0 STARLINK-5400
1 54861U 22177AT  26283.47985632 -.00000113  00000-0  54107-5 0  9996
2 54861  43.0027 348.2512 0001174 274.3353  85.7364 15.27577422209946
0 STARLINK-30915
1 58380U 23178G   26283.47983967  .00000985  00000-0  40306-4 0  9998
2 58380  53.1635 349.9764 0001725  97.5562 262.5636 15.34399205164057
0 STARLINK-34240
1 64265U 25120K   26283.47975592  .00032074  00000-0  95614-3 0  9996
2 64265  53.1592 196.0265 0001077  94.8100 265.3026 15.34407252 76848
0 STARLINK-5371
1 55489U 23015AS  26283.47965503  .00001009  00000-0  46166-4 0  9999
2 55489  43.0001 206.7959 0000816 250.6881 109.3883 15.27589221203441
0 KUIPER-00247
1 67152U 25301V   26283.47950869  .00000402  00000-0  81762-4 0  9995
2 67152  51.8949 188.2473 0001173  84.2797 275.8299 14.79931403 45643
0 STARLINK-36203
1 67214U 25304Y   26283.47949897  .00071123  00000-0  58764-2 0  9998
2 67214  70.0029 353.0700 0003306 281.8753  78.2036 14.98538392 46057
0 ONEWEB-0098
1 45442U 20020U   26283.47943596 -.00000386  00000-0 -11256-2 0  9997
2 45442  87.8956 358.1608 0001769 100.5664 259.5663 13.11417566317754
0 STARLINK-2713
1 48602U 21041BB  26283.47942342  .00003227  00000-0  11570-3 0  9995
2 48602  53.1602 194.2000 0001636  95.4137 264.7051 15.31701370299621
0 STARLINK-11292
1 61203U 24171D   26283.47936249 -.00001808  00000-0 -10072-4 0  9995
2 61203  53.1595 197.4456 0000961  90.7544 269.3584 15.69697672118132
0 STARLINK-1260
1 45404U 20019AW  26283.47934870  .00057842  00000-0  10573-2 0  9996
2 45404  53.1506 197.5367 0004458 106.3048 253.8451 15.48839177363058
0 STARLINK-34573
1 64676U 25139N   26283.47929720  .00025423  00000-0  76086-3 0  9996
2 64676  53.1588 204.0932 0001542  99.9828 260.1349 15.34406259 73248
0 STARLINK-34364
1 64495U 25133Z   26283.47922510  .00026742  00000-0  79979-3 0  9998
2 64495  53.1612 192.0033 0001512  83.5850 276.5325 15.34399334 74177
0 KUIPER-00057
1 64517U 25134T   26283.47914665  .00003024  00000-0  42551-3 0  9990
2 64517  51.9010   0.7687 0000305  82.1866 277.9131 14.79934436 71916
0 ONEWEB-0315
1 49101U 21075AC  26283.47910381 -.00000046  00000-0 -16359-3 0  9993
2 49101  87.8948 327.7578 0002249  95.2510 264.8875 13.12444859250298
0 STARLINK-2672
1 48650U 21044N   26283.47910088  .00002238  00000-0  83874-4 0  9991
2 48650  53.1598 194.3189 0001347  98.6266 261.4888 15.31694711296735
0 STARLINK-11681
1 63755U 25089E   26283.47899506  .00150663  00000-0  11498-2 0  9995
2 63755  43.0001  77.8006 0002256 306.1607  53.9051 15.70976678 83912
0 STARLINK-32878
1 62892U 25024P   26283.47894133  .00013314  00000-0  49246-3 0  9990
2 62892  43.0030 192.4856 0001468 266.1596  93.9088 15.27580980 95116
0 STARLINK-30039
1 57468U 23107M   26283.47883484  .00000092  00000-0  12894-4 0  9999
2 57468  43.0086 203.3113 0003867 257.9579 102.0839 15.27577142177991
0 STARLINK-37234
1 68535U 26068AD  26283.47883158  .00014128  00000-0  42842-3 0  9993
2 68535  53.1588 200.6690 0001870  86.6087 273.5129 15.34404691 29987
0 ONEWEB-0262
1 48980U 21060P   26283.47880901  .00000145  00000-0  34570-3 0  9998
2 48980  87.9184 205.8938 0001534  78.7533 281.3770 13.16595975254795
0 STARLINK-5673
1 55462U 23015P   26283.47837566  .00000546  00000-0  29353-4 0  9991
2 55462  43.0041 195.5006 0001152 272.9503  87.1217 15.27575898203579
0 STARLINK-5013
1 55492U 23015AV  26283.47836243  .00000209  00000-0  17114-4 0  9993
2 55492  43.0003 206.7678 0000728 245.5580 114.5196 15.27577630203442
0 ONEWEB-0452
1 51644U 22012Y   26283.47828057  .00000081  00000-0  17460-3 0  9999
2 51644  87.9171 342.9882 0002194  92.4142 267.7241 13.17649411228850
0 STARLINK-1012
1 44718U 19074F   26283.47822487  .00048381  00000-0  45262-3 0  9994
2 44718  53.1480 229.2527 0006070  63.9599 296.2042 15.66774643382197
0 STARLINK-4676
1 53598U 22104L   26283.47784591  .00001381  00000-0  50485-4 0  9994
2 53598  53.1615 352.6147 0001060  85.7089 274.4035 15.35409061228130
0 STARLINK-36193
1 67099U 25298AA  26283.47769920  .00004523  00000-0  38652-3 0  9993
2 67099  70.0027 192.7857 0002472 274.3332  85.7544 14.98339330 45394
0 STARLINK-36492
1 67332U 26002AD  26283.47767542  .00016829  00000-0  61942-3 0  9995
2 67332  43.0032 192.6275 0001361 255.8764 104.1937 15.27594118 44089
0 STARLINK-34272
1 64274U 25120U   26283.47765552  .00016201  00000-0  48964-3 0  9999
2 64274  53.1601 196.0134 0001613  73.8054 286.3126 15.34395955 76744
0 FENGYUN 1C DEB
1 31837U 99025CJB 26283.47764366  .00007254  00000-0  75181-3 0  9994
2 31837  98.0804   8.7035 0085906 114.6198 246.3997 14.87591363 28315
0 STARLINK-31736
1 59547U 24074P   26283.47759675  .00000228  00000-0  17812-4 0  9993
2 59547  43.0015 203.5587 0001217 273.5503  86.5210 15.27580283138949
0 STARLINK-3712
1 52090U 22029C   26283.47750935 -.00000098  00000-0  83508-5 0  9999
2 52090  53.1583 188.4832 0001215  88.9615 271.1526 15.33547909253306
0 STARLINK-5401
1 54870U 22177BC  26283.47729364 -.00000346  00000-0 -30325-5 0  9999
2 54870  43.0029 348.2255 0001240 275.2689  84.8022 15.27574113209943
0 STARLINK-34553
1 64681U 25139T   26283.47719268  .00034270  00000-0  10205-2 0  9996
2 64681  53.1585 204.0767 0001840  75.4274 284.6932 15.34408226 73247
0 STARLINK-34306
1 64259U 25120D   26283.47717651  .00018261  00000-0  55043-3 0  9993
2 64259  53.1605 192.4560 0001754  68.1905 291.9284 15.34390496 76845
0 STARLINK-5711
1 55471U 23015Y   26283.47709070 -.00000141  00000-0  44128-5 0  9999
2 55471  43.0050 195.4863 0001427 271.0372  89.0316 15.27576011203577
0 STARLINK-31753
1 59484U 24071A   26283.47707820 -.00001704  00000-0 -52378-4 0  9993
2 59484  43.0008 206.8155 0002820 266.1438  93.9091 15.27589273141057
0 STARLINK-11092
1 59710U 24088C   26283.47696149 -.00004654  00000-0 -33623-4 0  9993
2 59710  53.1617 347.6995 0000661  38.6442 321.4623 15.69681334140002
0 STARLINK-30913
1 58388U 23178Q   26283.47689273 -.00000289  00000-0  25698-5 0  9995
2 58388  53.1625  78.6334 0001255 111.3026 248.8110 15.34389852162847
0 ONEWEB-0695
1 61602U 24188J   26283.47688117 -.00000407  00000-0 -11841-2 0  9991
2 61602  87.8961 358.1644 0001891 116.5820 243.5502 13.11417005 99573
0 STARLINK-4218
1 53025U 22076AR  26283.47685211  .00000414  00000-0  23921-4 0  9997
2 53025  53.1607 188.6446 0001221  84.2454 275.8687 15.33549107235561
0 KUIPER-00184
1 67139U 25301G   26283.47680856  .00002646  00000-0  37598-3 0  9995
2 67139  51.8990 190.7965 0000983  89.4540 270.6535 14.79934722 45888
0 STARLINK-37178
1 68526U 26068U   26283.47673696  .00022178  00000-0  66558-3 0  9991
2 68526  53.1601 200.6613 0001613  94.9364 265.1823 15.34399809 29974
0 STARLINK-36964
1 68184U 26050T   26283.47670574  .00026248  00000-0  78454-3 0  9994
2 68184  53.1622 344.4269 0002735  84.7443 275.3871 15.34427272 33632
0 FENGYUN 1C DEB
1 29907U 99025HD  26283.47668698  .00001565  00000-0  83627-3 0  9993
2 29907  99.0934 359.8083 0083620 122.6960 251.4811 14.12935646  8599
0 STARLINK-11684
1 64240U 25119H   26283.47652575  .00236436  00000-0  17868-2 0  9992
2 64240  43.0004 354.5803 0002985 259.1580 100.8952 15.70935823 79027
0 IRIDIUM 165
1 43572U 18061D   26283.47651073 -.00000016  00000-0 -12705-4 0  9999
2 43572  86.4019   8.6063 0002012  97.5057 262.6367 14.34217379429910
0 STARLINK-30287
1 57709U 23129M   26283.47647807  .00000083  00000-0  12549-4 0  9995
2 57709  43.0057 344.7175 0001502 270.8650  89.2029 15.27577868173531
0 STARLINK-36450
1 67317U 26002N   26283.47637928  .00015848  00000-0  58368-3 0  9990
2 67317  43.0028 192.6215 0002263 272.2001  87.8592 15.27606992 44088
0 STARLINK-1337
1 45582U 20025BD  26283.47634622  .01912524  11956-4  64480-3 0  9993
2 45582  53.0245  64.9427 0006362 312.3020  47.7480 16.24892759359656
0 STARLINK-30165
1 57457U 23107A   26283.47628399  .00000212  00000-0  17205-4 0  9994
2 57457  42.9932 203.3040 0000545  62.6850 297.4057 15.27576925177987
0 STARLINK-4616
1 53734U 22107AL  26283.47627039 -.00000013  00000-0  10759-4 0  9994
2 53734  53.1613 352.6740 0001180  83.2670 276.8466 15.34392589227241
0 STARLINK-1802
1 46702U 20073AJ  26283.47624810  .00064495  00000-0  10834-2 0  9990
2 46702  53.1508 284.5274 0004055  43.0270 317.1056 15.51189442330576
0 STARLINK-3752
1 52312U 22041BD  26283.47601632  .00000119  00000-0  14656-4 0  9999
2 52312  53.1592 187.9923 0001262  83.6092 276.5054 15.34387062248527
0 STARLINK-5418
1 54852U 22177AJ  26283.47600264 -.00000756  00000-0 -17970-4 0  9991
2 54852  43.0006 348.2188 0000712 254.9262 105.1511 15.27583140209947
0 STARLINK-34805
1 65071U 25165R   26283.47596414  .00020846  00000-0  64612-3 0  9991
2 65071  97.2863 354.3647 0000982  98.9441 261.1913 15.33452008 67188
0 STARLINK-35704
1 66221U 25244R   26283.47589660  .00034442  00000-0  10241-2 0  9997
2 66221  53.1596 310.1713 0001093 281.7896  78.2984 15.34453849 54573
0 STARLINK-35979
1 66809U 25278U   26283.47575527  .00018252  00000-0  67067-3 0  9993
2 66809  43.0025 341.7293 0001816 274.0245  86.0399 15.27603261 48059
0 ONEWEB-0442
1 51636U 22012Q   26283.47573290  .00000006  00000-0 -18103-4 0  9990
2 51636  87.9174 342.9898 0002447 101.4023 258.7383 13.17648218228852
0 STARLINK-4726
1 53802U 22111AF  26283.47572765  .00000288  00000-0  19658-4 0  9990
2 53802  53.1612   0.0510 0001204  77.0287 283.0850 15.34387169226511
0 STARLINK-4685
1 53709U 22107K   26283.47570356  .00000056  00000-0  12808-4 0  9998
2 53709  53.1610 350.5042 0001246  83.9037 276.2107 15.34395851227093
0 ORBCOMM FM 108
1 41187U 15081J   26283.47557172  .00000486  00000-0  13869-3 0  9993
2 41187  47.0064 357.0548 0002071 338.2478  21.8319 14.59001786576914
0 STARLINK-2648
1 48679U 21044AT  26283.47530747  .00000234  00000-0  19311-4 0  9991
2 48679  53.1607 195.8145 0001495  91.1996 268.9177 15.31705617296705
0 STARLINK-4574
1 53733U 22107AK  26283.47524711 -.00000012  00000-0  10968-4 0  9997
2 53733  53.1618 350.5653 0001170  81.0584 279.0551 15.33553199227272
0 STARLINK-36445
1 67313U 26002J   26283.47510783  .00015421  00000-0  56823-3 0  9996
2 67313  43.0043 192.6171 0002005 269.0299  91.0323 15.27610065 44084
0 STARLINK-34333
1 64264U 25120J   26283.47507874  .00031471  00000-0  93867-3 0  9997
2 64264  53.1602 192.4450 0002193  73.8178 286.3065 15.34398549 76841
0 STARLINK-36056
1 67206U 25304Q   26283.47502698  .00261077  00000-0  20669-1 0  9994
2 67206  70.0048 353.0606 0005538 223.0120 137.0607 14.99094153 46027
0 STARLINK-30092
1 57467U 23107L   26283.47500147 -.00000201  00000-0  22100-5 0  9995
2 57467  42.9960 203.2901 0000525  62.0936 297.9969 15.27576447177998
0 ONEWEB-0710
1 55173U 23004AK  26283.47488575  .00000069  00000-0  14510-3 0  9998
2 55173  87.9177 342.9775 0002052 101.9430 258.1931 13.17647971182765
0 STARLINK-1548
1 46054U 20055AD  26283.47479804  .00000085  00000-0  14515-4 0  9998
2 46054  53.1613 194.4818 0001462  97.5230 262.5938 15.31703546341989
0 STARLINK-11501
1 62268U 24237B   26283.47463419  .00279525  00000-0  20987-2 0  9999
2 62268  43.0009 201.8435 0001900 302.8355  57.2330 15.70962364106786
0 STARLINK-37091
1 68191U 26050AA  26283.47460033  .00036103  00000-0  10724-2 0  9995
2 68191  53.1598 344.4080 0001420 104.8792 255.2368 15.34460988 33633
0 STARLINK-5679
1 55467U 23015U   26283.47452148 -.00000320  00000-0 -21174-5 0  9991
2 55467  43.0034 195.4633 0000896 272.1473  87.9276 15.27577218203574
0 STARLINK-11302
1 61204U 24171E   26283.47444990  .00000135  00000-0  59793-5 0  9997
2 61204  53.1605 197.4098 0001227  91.7513 268.3645 15.69704604118131
0 STARLINK-2731
1 48651U 21044P   26283.47443941  .00000923  00000-0  41497-4 0  9995
2 48651  53.1606 194.3349 0001312  95.1945 264.9206 15.31702988296730
0 FENGYUN 1C DEB
1 30207U 99025VQ  26283.47422661  .00000119  00000-0  11765-3 0  9994
2 30207  98.5800  11.1080 0260425  52.4649   7.7834 13.79273531992228
0 STARLINK-5949
1 56019U 23042AK  26283.47407470 -.00002013  00000-0 -63693-4 0  9995
2 56019  43.0019 272.2691 0000808 273.7189  86.3571 15.27557280195885
0 LEMUR-2-STARLIGHT
1 66783U 25276DX  26283.47405927  .00004849  00000-0  39265-3 0  9994
2 66783  97.5159 350.1768 0018850  96.5421 263.7950 15.00042587 47473
0 ONEWEB-0094
1 45450U 20020AC  26283.47405887 -.00000003  00000-0 -40761-4 0  9993
2 45450  87.9185 342.9706 0001707  93.0991 267.0336 13.17649694321491
0 STARLINK-3769
1 52300U 22041AR  26283.47401473  .00000712  00000-0  32228-4 0  9991
2 52300  53.1585 197.9995 0001154  89.3000 270.8135 15.34385912248381
0 ONEWEB-0138
1 47284U 20100AC  26283.47401265 -.00000175  00000-0 -52246-3 0  9995
2 47284  87.8943 327.7776 0001644 100.4823 259.6491 13.12445017279774
0 STARLINK-36709
1 67969U 26038J   26283.47396493  .00010947  00000-0  34088-3 0  9999
2 67969  97.2831 291.5169 0001011 101.3807 258.7549 15.33449774 36157
0 IRIDIUM 33 DEB
1 36012U 97051UT  26283.47395124  .00010187  00000-0  35100-2 0  9998
2 36012  86.4410 185.5144 0227302  17.2481 343.6269 14.22324100697693
0 FENGYUN 1C DEB
1 30905U 99025AYT 26283.47390135  .00001907  00000-0  91365-3 0  9999
2 30905  98.8779   4.3301 0052951 298.9478  60.6394 14.19509354  3481
0 STARLINK-32959
1 63569U 25076A   26283.47383379  .00015333  00000-0  56534-3 0  9995
2 63569  43.0038 192.6913 0001522 278.8858  81.1821 15.27591709 84634
0 FENGYUN 1C DEB
1 30507U 99025AHV 26283.47376147  .00001431  00000-0  71648-3 0  9998
2 30507  98.9916 355.0200 0126119  43.9456  76.9363 14.14248554  7509
0 STARLINK-32944
1 63022U 25032T   26283.47374851  .00025372  00000-0  92823-3 0  9991
2 63022  42.9995 203.4764 0001549 277.3784  82.6891 15.27583926 93460
0 STARLINK-36159
1 67079U 25298E   26283.47352399  .00002345  00000-0  20425-3 0  9998
2 67079  70.0033 192.7690 0002052 275.1732  84.9193 14.98334263 45392
0 ONEWEB-0715
1 55176U 23004AN  26283.47349880 -.00000439  00000-0 -12743-2 0  9994
2 55176  87.8962 358.1628 0001652 123.5108 236.6178 13.11417759180970
0 STARLINK-4464
1 53669U 22105X   26283.47349142  .03437998  26446-5  54124-3 0  9993
2 53669  97.5667 177.9893 0004746 219.7349 140.3600 16.33930977226586
0 STARLINK-34334
1 64273U 25120T   26283.47344446  .00009712  00000-0  29822-3 0  9994
2 64273  53.1607 195.9829 0001339  86.0096 274.1059 15.34398424 76840
0 STARLINK-5398
1 54866U 22177AY  26283.47343005  .00000360  00000-0  22601-4 0  9999
2 54866  43.0023 348.1957 0001199 265.0056  95.0659 15.27580160209947
0 STARLINK-36202
1 67094U 25298V   26283.47335696  .00002802  00000-0  24251-3 0  9995
2 67094  70.0024 192.7624 0002169 277.6358  82.4555 14.98338014 45399
0 FENGYUN 1C DEB
1 41833U 99025EYL 26283.47330972  .00002212  00000-0  90121-3 0  9993
2 41833  98.7309 357.6403 0052395  68.0008 292.6728 14.27714382516671
0 STARLINK-5495
1 55635U 23021H   26283.47325133 -.00000530  00000-0 -36619-4 0  9990
2 55635  70.0005   2.9257 0003301 271.5142  88.5639 14.98329481200967
0 STARLINK-34806
1 65065U 25165K   26283.47324490  .00020505  00000-0  63537-3 0  9994
2 65065  97.2870 354.3653 0000888  99.5230 260.6113 15.33464874 67184
0 FENGYUN 1C DEB
1 30735U 99025ASV 26283.47317435  .00001841  00000-0  78111-3 0  9993
2 30735  98.7465 358.7077 0059430  92.0773  29.6243 14.25620699 10387
0 STARLINK-31963
1 59893U 24100J   26283.47310000  .00001232  00000-0  54306-4 0  9997
2 59893  43.0024 352.5499 0001711 269.4740  90.5916 15.27577919134009
0 STARLINK-34523
1 64475U 25133D   26283.47300437  .00033009  00000-0  98350-3 0  9992
2 64475  53.1607 192.6994 0001329  92.2148 267.9006 15.34409163 74143
0 STARLINK-32253
1 60733U 24152P   26283.47298522  .00001336  00000-0  50670-4 0  9998
2 60733  53.1618 348.0461 0001603 104.9152 255.2028 15.34397916119725
0 GLOBALSTAR M044
1 25678U 99019C   26283.47296291 -.00000099  00000-0 -20915-3 0  9997
2 25678  51.9958 191.9397 0005202 244.3024 286.8493 11.90266687228518
0 STARLINK-4290
1 53006U 22076W   26283.47290770  .00001925  00000-0  66106-4 0  9998
2 53006  53.1582 190.7811 0001234 108.4980 251.6157 15.35384693235539
0 STARLINK-30346
1 57704U 23129G   26283.47262359  .00000088  00000-0  12731-4 0  9993
2 57704  43.0038 344.6910 0001365 268.4426  91.6269 15.27577427173390
0 STARLINK-36434
1 67322U 26002T   26283.47254974  .00027221  00000-0  99442-3 0  9998
2 67322  43.0027 192.5940 0000170  19.5406 340.5452 15.27601302 43929
0 STARLINK-37173
1 68536U 26068AE  26283.47252380  .00022972  00000-0  68871-3 0  9997
2 68536  53.1578 200.6330 0001066 100.5813 259.5310 15.34410437 29989
0 FENGYUN 1C DEB
1 29893U 99025GP  26283.47250535  .00000103  00000-0  12118-3 0  9998
2 29893  98.5369 355.3968 0173649  57.1101 317.7587 13.79575755993000
0 STARLINK-37034
1 68171U 26050E   26283.47250014  .00020353  00000-0  61165-3 0  9995
2 68171  53.1599 344.4074 0000663  60.2917 299.8151 15.34411079 33638
0 STARLINK-4217
1 52999U 22076P   26283.47237300  .00000262  00000-0  18900-4 0  9990
2 52999  53.1590 190.0027 0001338  87.8741 272.2414 15.34388726235546
0 ONEWEB-0134
1 47280U 20100Y   26283.47232415 -.00000220  00000-0 -64773-3 0  9999
2 47280  87.8952 327.7645 0001590  98.3418 261.7891 13.12444747279834
0 ORBCOMM FM 32
1 25982U 99065C   26283.47232258  .00000569  00000-0  23639-3 0  9995
2 25982  45.0165 347.4881 0008058 264.4142  95.5788 14.37268620403679
0 FENGYUN 1C DEB
1 30550U 99025AKQ 26283.47217815  .00002286  00000-0  13709-2 0  9994
2 30550  99.0430 182.3446 0124093 178.6852 356.7342 14.04201726996274
0 FENGYUN 1C DEB
1 30214U 99025VX  26283.47191758  .00002657  00000-0  98708-3 0  9993
2 30214  98.7086   2.9415 0021517 229.6621 262.2624 14.32878261 18190
0 STARLINK-3755
1 52307U 22041AY  26283.47191063  .00000332  00000-0  20974-4 0  9992
2 52307  53.1593 198.0247 0001056  96.8909 263.2214 15.34388546247166
0 ONEWEB-0031
1 45431U 20020H   26283.47179416 -.00000478  00000-0 -13843-2 0  9993
2 45431  87.8958 358.1636 0001669 104.0216 256.1097 13.11415900317761
0 STARLINK-34446
1 65495U 25198D   26283.47149826  .00021189  00000-0  63589-3 0  9991
2 65495  53.1612 350.5627 0004812 102.4622 257.6920 15.34422474 61542
0 KUIPER-00232
1 67148U 25301R   26283.47143149  .00000747  00000-0  12702-3 0  9994
2 67148  51.8994 195.8756 0000873  85.0990 275.0072 14.79931321 45534
0 STARLINK-34381
1 64282U 25120AC  26283.47142707  .00015909  00000-0  48065-3 0  9995
2 64282  53.1585 196.6777 0001071 100.3926 259.7198 15.34422129 76810
0 STARLINK-3751
1 52289U 22041AE  26283.47138499  .00001170  00000-0  49446-4 0  9991
2 52289  53.1590 198.8190 0001097 102.8874 257.2250 15.31715589247140
0 STARLINK-4275
1 53008U 22076Y   26283.47125496  .00000361  00000-0  21251-4 0  9997
2 53008  53.1582 190.1774 0001046  83.5229 276.5893 15.35398167235548
0 STARLINK-36488
1 67306U 26002B   26283.47124318  .00015707  00000-0  57874-3 0  9997
2 67306  43.0032 192.5871 0002857 266.4632  93.5893 15.27598378 43920
0 STARLINK-36221
1 67215U 25304Z   26283.47121982  .00001967  00000-0  17257-3 0  9998
2 67215  70.0024 353.0415 0003235 269.9253  90.1535 14.98338190 46050
0 STARLINK-11675
1 64235U 25119C   26283.47121775  .00229683  00000-0  17318-2 0  9995
2 64235  43.0000 354.5385 0001479 226.1100 133.9646 15.71013027 79022
0 STARLINK-30116
1 57465U 23107J   26283.47113739 -.00000311  00000-0 -17792-5 0  9994
2 57465  43.0011 203.2589 0001203 264.4778  95.5937 15.27573163177992
0 STARLINK-36265
1 67208U 25304S   26283.47105879  .00004012  00000-0  34363-3 0  9998
2 67208  70.0026 353.0472 0003891 271.5323  88.5391 14.98350937 46056
0 STARLINK-31905
1 59896U 24100M   26283.47101502  .00000797  00000-0  38500-4 0  9998
2 59896  43.0001 349.0739 0002613 285.7008  74.3555 15.27581556134040
0 STARLINK-3305
1 50166U 21125L   26283.47099148  .00000060  00000-0  13691-4 0  9992
2 50166  53.1627 348.8067 0001080  74.0200 286.0920 15.31707069269230
0 STARLINK-35223
1 65494U 25198C   26283.47092481  .00023402  00000-0  70097-3 0  9996
2 65494  53.1615 348.4295 0004724 103.6724 256.4805 15.34421513 61574
0 STARLINK-34530
1 64491U 25133V   26283.47088771 -.00006150  00000-0 -17110-3 0  9998
2 64491  53.1601 192.6821 0001115  84.0848 276.0282 15.34384945 74139
0 STARLINK-34226
1 64494U 25133Y   26283.47088510  .00029537  00000-0  95867-3 0  9999
2 64494  53.1588 197.6496 0001831  63.5942 296.5248 15.31738366 73923
0 STARLINK-1184
1 45098U 20006BG  26283.47079444  .00019551  00000-0  92822-3 0  9991
2 45098  53.0549 348.3523 0004001  64.2822 295.8586 15.19264637369590
0 STARLINK-35172
1 65533U 25200P   26283.47071914  .00013395  00000-0  41631-3 0  9994
2 65533  97.2859 349.5969 0001608  85.4149 274.7278 15.33458766 61704
0 STARLINK-36049
1 66805U 25278Q   26283.47062126  .00021646  00000-0  79262-3 0  9996
2 66805  43.0027 341.6969 0001312 277.3271  82.7431 15.27629383 48055
0 LEMUR 2 ALISIA
1 62706U 25009DB  26283.47057878  .00006191  00000-0  45009-3 0  9992
2 62706  97.6893   4.9402 0002768 172.1068 188.0201 15.04191370117484
0 STARLINK-34780
1 65074U 25165U   26283.47052626  .00004793  00000-0  15071-3 0  9994
2 65074  97.2866 354.3718 0001834 101.3526 258.7923 15.33443251 67186
0 STARLINK-4285
1 52991U 22076F   26283.47044247 -.00000473  00000-0 -28610-5 0  9994
2 52991  53.1588 200.7075 0001151  97.2445 262.8688 15.34386639235398
0 STARLINK-37093
1 68194U 26050AD  26283.47039065  .00029910  00000-0  89181-3 0  9997
2 68194  53.1596 344.3841 0001609  95.5701 264.5485 15.34435683 33630
0 STARLINK-5639
1 55365U 23013AL  26283.47031996  .00000253  00000-0  18725-4 0  9990
2 55365  43.0028 188.3503 0001668 272.3526  87.7135 15.27577633204316
0 STARLINK-3277
1 50182U 21125AC  26283.47026393  .00009188  00000-0  30782-3 0  9991
2 50182  53.1620 345.8399 0001536  78.8621 281.2553 15.31662694269324
0 IRIDIUM 163
1 43575U 18061G   26283.47016774 -.00000018  00000-0 -13583-4 0  9992
2 43575  86.4016   8.5232 0002077  94.3373 265.8060 14.34217488429909
0 STARLINK-3314
1 50851U 22001BA  26283.47012420  .00002589  00000-0  89994-4 0  9992
2 50851  53.1597 276.6159 0001218  84.7772 275.3370 15.33560581262941
0 STARLINK-1573
1 46061U 20055AL  26283.47011305  .00000775  00000-0  36730-4 0  9993
2 46061  53.1603 194.3027 0001463  96.3826 263.7342 15.31702352341982
0 ONEWEB-0064
1 45433U 20020K   26283.47010177 -.00000530  00000-0 -15325-2 0  9999
2 45433  87.8963 358.1620 0001707 105.9128 254.2188 13.11415405317790
0 STARLINK-36483
1 67330U 26002AB  26283.46995545  .00014941  00000-0  55103-3 0  9993
2 67330  43.0032 192.5714 0003144 265.6036  94.4457 15.27597691 44083
0 STARLINK-32872
1 63019U 25032Q   26283.46988812  .00023807  00000-0  87104-3 0  9991
2 63019  43.0006 203.4460 0001208  33.9423 326.1505 15.27611506 93466
0 STARLINK-3742
1 52303U 22041AU  26283.46987316  .00000266  00000-0  19414-4 0  9994
2 52303  53.1588 198.6420 0001530  90.7495 269.3683 15.33546436248379
0 FENGYUN 1C DEB
1 30067U 99025PU  26283.46983654  .00000611  00000-0  16845-3 0  9992
2 30067  98.7326 183.2602 0149245 194.0534 340.1544 14.44376831 35501
0 ONEWEB-0389
1 50469U 21132A   26283.46981928  .00000048  00000-0  90158-4 0  9990
2 50469  87.9173 342.9811 0002073  93.0601 267.0768 13.17647950233265
0 STARLINK-3703
1 52101U 22029P   26283.46979910  .00000575  00000-0  28150-4 0  9997
2 52101  53.1589 188.7008 0001331 105.9443 254.1707 15.34388117253296
0 STARLINK-2673
1 48649U 21044M   26283.46976812 -.00001553  00000-0 -38288-4 0  9995
2 48649  53.1603 194.2340 0001310 104.5181 255.5966 15.31688706296739
0 STARLINK-30487
1 57924U 23147M   26283.46944650 -.00002517  00000-0 -81962-4 0  9990
2 57924  43.0013 195.8185 0000712 297.7225  62.3554 15.27587276169439
0 STARLINK-4683
1 53712U 22107N   26283.46939486  .00000039  00000-0  12293-4 0  9993
2 53712  53.1614 350.4784 0001088  71.6332 288.4789 15.34396484227116
0 FENGYUN 1C DEB
1 30380U 99025ACT 26283.46936662  .00000658  00000-0  14742-3 0  9992
2 30380  98.8747 353.3697 0176246  28.2350 332.8262 14.51318248 39400
0 STARLINK-11491
1 62269U 24237C   26283.46932514  .00318304  00000-0  23662-2 0  9998
2 62269  43.0008 201.8022 0003698 283.6541  76.3915 15.71079972106839
0 STARLINK-34492
1 64473U 25133B   26283.46927163  .00025575  00000-0  76536-3 0  9991
2 64473  53.1586 196.2303 0002082  84.7349 275.3891 15.34404551 74115
0 STARLINK-31676
1 59900U 24100R   26283.46924516 -.00000214  00000-0  17439-5 0  9995
2 59900  43.0030 352.5202 0001290 276.9854  83.0851 15.27578702133890
0 STARLINK-5508
1 55639U 23021M   26283.46924016  .00000942  00000-0  86704-4 0  9993
2 55639  70.0004   2.9089 0003298 269.3852  90.6929 14.98337285200968
0 STARLINK-36158
1 67080U 25298F   26283.46918267  .00003218  00000-0  27729-3 0  9995
2 67080  70.0028 192.7462 0002025 271.0530  89.0397 14.98335751 45391
0 ORBCOMM FM 35
1 25985U 99065F   26283.46916593  .00000610  00000-0  24545-3 0  9992
2 25985  45.0405 341.3187 0005736 263.9602  96.0593 14.38229437403906
0 FENGYUN 1C DEB
1 32316U 99025CXH 26283.46908181  .00003234  00000-0  76993-3 0  9997
2 32316  99.5070 355.5284 0028535 152.5571 220.4529 14.54399003  1517
0 STARLINK-35748
1 66206U 25244A   26283.46902886  .00029970  00000-0  89433-3 0  9998
2 66206  53.1595 308.0009 0001292  96.9210 263.1940 15.34409976 54609
0 STARLINK-31968
1 59927U 24106F   26283.46896609 -.00000536  00000-0 -99461-5 0  9994
2 59927  43.0037 199.2930 0001374 274.1011  85.9684 15.27576128133422
0 KUIPER-00442
1 68943U 26098AA  26283.46883735  .00002829  00000-0  40000-3 0  9998
2 68943  51.9016 260.9191 0000856  32.8318 327.2697 14.79930820 24652
0 STARLINK-34496
1 64476U 25133E   26283.46879614  .00021506  00000-0  64613-3 0  9994
2 64476  53.1597 192.6731 0001499  80.8161 279.3011 15.34384557 74150
0 STARLINK-30318
1 57711U 23129P   26283.46876952 -.00000293  00000-0 -11246-5 0  9991
2 57711  43.0046 344.6477 0001487 271.8875  88.1806 15.27574510173394
0 KUIPER-00246
1 67151U 25301U   26283.46872639  .00002050  00000-0  29779-3 0  9991
2 67151  51.9003 198.3603 0001080  87.0395 273.0691 14.79931960 45524
0 STARLINK-4215
1 53007U 22076X   26283.46869597  .00000401  00000-0  22408-4 0  9992
2 53007  53.1592 190.9128 0001322  97.4334 262.6819 15.35392777235531
0 STARLINK-2633
1 48435U 21040H   26283.46838583  .00004902  00000-0  16963-3 0  9990
2 48435  53.1574 245.6865 0001542  92.6077 267.5101 15.31702550299764
0 STARLINK-36677
1 68178U 26050M   26283.46828794  .00020229  00000-0  60796-3 0  9998
2 68178  53.1609 344.3690 0001529  89.9498 270.1680 15.34413822 33631
0 ONEWEB-0067
1 45425U 20020B   26283.46816201 -.00000454  00000-0 -13170-2 0  9992
2 45425  87.8983 358.1089 0002031  96.9689 263.1670 13.11428150317846
0 ONEWEB-0716
1 55177U 23004AP  26283.46813687  .00000086  00000-0  18751-3 0  9997
2 55177  87.9177 342.9819 0001761  93.4874 266.6459 13.17647725182767
0 STARLINK-35110
1 65539U 25200V   26283.46800267  .00023314  00000-0  72205-3 0  9993
2 65539  97.2855 349.6061 0001349  88.6568 271.4829 15.33454041 61700
0 STARLINK-33805
1 63590U 25076X   26283.46790186  .00019085  00000-0  70156-3 0  9990
2 63590  43.0036 189.0986 0001691 258.5311 101.5351 15.27566545 84671
0 FENGYUN 1C DEB
1 29934U 99025JG  26283.46783950  .00002733  00000-0  47447-3 0  9999
2 29934  98.8703 359.4450 0098207  43.3549 317.5325 14.66025312 41874
0 STARLINK-34781
1 65073U 25165T   26283.46781078  .00015026  00000-0  46665-3 0  9996
2 65073  97.2836 354.3751 0001158  72.4027 287.7342 15.33456447 67180
0 STARLINK-3272
1 50187U 21125AH  26283.46768254  .00014860  00000-0  79225-3 0  9992
2 50187  53.2161 350.0872 0000508  57.1028 303.0015 15.15396984269215
0 STARLINK-36491
1 67310U 26002F   26283.46739579  .00020706  00000-0  76002-3 0  9991
2 67310  43.0017 192.5566 0001184 271.1384  88.9332 15.27573385 43925
0 STARLINK-5704
1 55486U 23015AP  26283.46730396  .00015648  00000-0  31080-3 0  9997
2 55486  42.9992 200.5703 0001661 215.7304 144.3444 15.46755009203515
0 STARLINK-30495
1 57968U 23151E   26283.46724889  .00000309  00000-0  20740-4 0  9995
2 57968  42.9988 203.0695 0001278 271.6860  88.3845 15.27579454168617
0 STARLINK-34518
1 64480U 25133J   26283.46716310  .00019936  00000-0  59948-3 0  9991
2 64480  53.1578 196.2143 0001353  83.9750 276.1407 15.34406121 73951
0 STARLINK-31953
1 59898U 24100P   26283.46715663  .00000168  00000-0  15628-4 0  9996
2 59898  43.0018 349.0460 0001213 278.2018  81.8696 15.27586905134046
0 STARLINK-35395
1 66014U 25232K   26283.46714449  .00022888  00000-0  68652-3 0  9999
2 66014  53.1600 184.5405 0001214  87.4428 272.6713 15.34397186 56345
0 STARLINK-11108
1 59712U 24088E   26283.46713092  .00000081  00000-0  55306-5 0  9992
2 59712  53.1594 347.6280 0001167  77.3614 282.7534 15.69709287140006
0 STARLINK-36268
1 67199U 25304H   26283.46704540  .00002744  00000-0  23762-3 0  9997
2 67199  70.0031 353.0277 0003429 268.2093  91.8674 14.98336446 46047
0 STARLINK-38347
1 A0621U 26204G   26283.46700876  .00054141  00000-0  90391-3 0  9992
2 A0621  70.0026 181.8561 0003325 276.1569  83.9238 15.51666241  5347
0 FENGYUN 1C DEB
1 30078U 99025QF  26283.46696852  .00002956  00000-0  12630-2 0  9996
2 30078  98.8177   4.5423 0051305 127.0816 295.9609 14.25040452 14087
0 KUIPER-00208
1 67775U 26030M   26283.46695621  .00002746  00000-0  38900-3 0  9995
2 67775  51.8995 340.8481 0000067 138.2393 221.8575 14.79937823 37015
0 STARLINK-36284
1 67194U 25304C   26283.46688158  .00002706  00000-0  23444-3 0  9993
2 67194  70.0031 353.0343 0003584 271.3151  88.7598 14.98338405 46056
0 YAOGAN-36 03A
1 54372U 22160A   26283.46686318  .00016379  00000-0  42924-3 0  9995
2 54372  35.0003 303.1411 0003623 264.1120  95.9187 15.37795719215952
0 STARLINK-36041
1 66798U 25278H   26283.46676144  .00017012  00000-0  62604-3 0  9991
2 66798  43.0024 341.6646 0000642 278.3799  81.6980 15.27594392 48054
0 YAOGAN-30 AF
1 49029U 21065D   26283.46674934  .00001600  00000-0  11830-3 0  9995
2 49029  34.9951 289.7702 0004015 211.6343 148.4124 15.03120113286010
0 ONEWEB-0541
1 55142U 23004C   26283.46672447 -.00000431  00000-0 -12523-2 0  9992
2 55142  87.8966 358.1592 0001818 109.1657 250.9668 13.11417615181054
0 STARLINK-34522
1 64492U 25133W   26283.46668573  .00008266  00000-0  25551-3 0  9998
2 64492  53.1602 192.6532 0001282  90.2329 269.8821 15.34401384 74167
0 STARLINK-32179
1 60734U 24152Q   26283.46667371  .00004866  00000-0  15507-3 0  9990
2 60734  53.1609 348.0185 0001787  94.2882 265.8325 15.34397735119640
0 STARLINK-37756
1 A0047U 26161V   26283.46667330  .00029058  00000-0  86718-3 0  9990
2 A0047  53.1579 264.5386 0001855  88.0455 272.0760 15.34422932 13672
0 STARLINK-5644
1 55369U 23013AQ  26283.46647572  .00003378  00000-0  13228-3 0  9999
2 55369  43.0043 188.3243 0001657 271.2185  88.8477 15.27566694204311
0 STARLINK-11369
1 62095U 24220H   26283.46634182  .00187668  00000-0  14315-2 0  9999
2 62095  43.0015 188.3200 0000818 267.7911  92.2863 15.70869891108833
0 STARLINK-37098
1 68192U 26050AB  26283.46618345  .00031108  00000-0  92728-3 0  9991
2 68192  53.1599 344.3589 0002625  99.6879 260.4421 15.34423607 33638
0 STARLINK-30492
1 57921U 23147J   26283.46610618 -.00001927  00000-0 -60565-4 0  9991
2 57921  43.0037 192.4063 0001299 263.7826  96.2878 15.27561372169446
0 KUIPER-00261
1 67158U 25301AB  26283.46603744  .00001551  00000-0  23238-3 0  9996
2 67158  51.9021 200.9449 0000955  67.3449 292.7614 14.79934438 45469
0 STARLINK-2726
1 48662U 21044AA  26283.46598600  .00001425  00000-0  57654-4 0  9999
2 48662  53.1607 195.8476 0001367 104.2168 255.8985 15.31708837296708
0 STARLINK-6211
1 57059U 23088M   26283.46582437 -.00000435  00000-0 -62738-5 0  9992
2 57059  43.0058 337.3687 0001300 295.6938  64.3779 15.27576266183185
0 STARLINK-4727
1 53803U 22111AG  26283.46567877  .00000708  00000-0  32097-4 0  9997
2 53803  53.1611 352.0488 0001075  79.9182 280.1942 15.34391843226622
0 STARLINK-36735
1 68976U 26099AB  26283.46561551  .00017296  00000-0  52177-3 0  9996
2 68976  53.1591 342.1613 0002195  86.3683 273.7571 15.34403972 24975
0 STARLINK-3286
1 50171U 21125R   26283.46560416  .00000416  00000-0  25169-4 0  9996
2 50171  53.1615 345.9290 0001124  82.3170 277.7959 15.31703897269285
0 STARLINK-36286
1 69162U 26111Q   26283.46555767  .00011918  00000-0  36329-3 0  9997
2 69162  53.1600 332.4150 0002582  92.3890 267.7408 15.34400142 21963
0 ONEWEB-0286
1 49076U 21075B   26283.46542683 -.00000347  00000-0 -10010-2 0  9990
2 49076  87.8937 327.7827 0002098  97.0552 263.0815 13.12442833249688
0 STARLINK-31975
1 59886U 24100B   26283.46538835 -.00000293  00000-0 -11230-5 0  9994
2 59886  43.0037 352.4926 0001583 269.5801  90.4870 15.27581086134003
0 STARLINK-33739
1 63572U 25076D   26283.46531805  .00024664  00000-0  90235-3 0  9990
2 63572  43.0034 189.1013 0002131 269.7115  90.3492 15.27596209 84678
0 STARLINK-35763
1 67089U 25298Q   26283.46519989  .00002803  00000-0  24261-3 0  9999
2 67089  70.0030 193.1309 0002290 275.2651  84.8247 14.98337228 45389
0 STARLINK-2657
1 48655U 21044T   26283.46512991  .00002059  00000-0  78090-4 0  9991
2 48655  53.1603 194.4318 0001244  98.3401 261.7742 15.31706785296733
0 STARLINK-31900
1 59942U 24106W   26283.46511454 -.00003643  00000-0 -12295-3 0  9993
2 59942  42.9943 199.2655 0000591 276.2891  83.7893 15.27577699133372
0 STARLINK-4277
1 53009U 22076Z   26283.46506486  .00000131  00000-0  14671-4 0  9992
2 53009  53.1611 188.0577 0001644  90.1149 270.0043 15.35397901235561
0 STARLINK-34509
1 64484U 25133N   26283.46506087  .00019603  00000-0  58962-3 0  9999
2 64484  53.1585 196.2006 0001530  74.4752 285.6420 15.34409557 74110
0 STARLINK-32661
1 62899U 25024W   26283.46479223  .00024287  00000-0  88864-3 0  9995
2 62899  43.0035 192.3708 0001978 264.2736  95.7890 15.27600135 95110
0 STARLINK-30489
1 57974U 23151L   26283.46468178 -.00000441  00000-0 -65043-5 0  9993
2 57974  42.9988 203.0470 0001206 264.5976  95.4738 15.27582305168614
0 STARLINK-1296
1 45412U 20019BE  26283.46467145  .00058778  00000-0  10529-2 0  9990
2 45412  53.1498 196.7700 0004751 105.5694 254.5840 15.49408958363064
0 STARLINK-11277
1 61205U 24171F   26283.46464345 -.00001765  00000-0 -97232-5 0  9995
2 61205  53.1602 197.3434 0000846  75.8566 284.2546 15.69702830118135
0 STARLINK-34462
1 64493U 25133X   26283.46458524  .00023435  00000-0  70238-3 0  9999
2 64493  53.1616 192.6405 0001445  75.6136 284.5027 15.34408618 74165
0 STARLINK-3749
1 52313U 22041BE  26283.46446953  .00000057  00000-0  13048-4 0  9997
2 52313  53.1573 188.6389 0001053 100.6181 259.4940 15.33545234248517
0 STARLINK-5683
1 55452U 23015D   26283.46439108  .00000199  00000-0  16748-4 0  9997
2 55452  43.0023 196.2491 0000500 258.1248 101.9547 15.27575190203567
0 YAOGAN-35 02B
1 52908U 22068B   26283.46404992  .00510281  10358-3  12783-2 0  9991
2 52908  34.9886 356.8895 0007076 102.7618 257.3910 15.94602388240855
0 STARLINK-33683
1 63573U 25076E   26283.46403102  .00022705  00000-0  83122-3 0  9990
2 63573  43.0036 189.0888 0001989 271.2743  88.7881 15.27612924 84671
0 ONEWEB-0323
1 49106U 21075AH  26283.46385146 -.00000341  00000-0 -98232-3 0  9990
2 49106  87.8949 327.7666 0002427  98.1886 261.9517 13.12444370249677
0 FENGYUN 1C DEB
1 36736U 99025EBJ 26283.46377185  .00002021  00000-0  83025-3 0  9998
2 36736  98.7911   3.3550 0057005 343.5516  16.3813 14.27268152929170
0 LEMUR 2 LLOYD
1 60577U 24149DP  26283.46363650  .00008934  00000-0  53727-3 0  9990
2 60577  97.6684   4.7667 0004811 113.7575 246.4160 15.11081892117794
0 FENGYUN 1C DEB
1 29966U 99025KQ  26283.46361791  .00000502  00000-0  22916-3 0  9995
2 29966  99.4548 159.8434 0038429 206.4558 153.4659 14.26189375 23434
0 LEMUR 2 TOMATOKECHUP
1 60471U 24149D   26283.46360867  .00017799  00000-0  47510-3 0  9992
2 60471  97.3740   5.9314 0002433 143.0227 217.1186 15.38174784119873
0 STARLINK-36489
1 67328U 26002Z   26283.46353714  .00019266  00000-0  70741-3 0  9996
2 67328  43.0041 192.5238 0001515 277.9122  82.1558 15.27597985 44085
0 KUIPER-00438
1 68940U 26098X   26283.46345485  .00001772  00000-0  26145-3 0  9990
2 68940  51.8997 265.9385 0000823  48.2408 311.8625 14.79917944 24585
0 STARLINK-30488
1 57931U 23147U   26283.46301777  .00000269  00000-0  19310-4 0  9993
2 57931  43.0043 195.7804 0001245 275.7737  84.2973 15.27582103169435
0 FENGYUN 1C DEB
1 36687U 99025DZH 26283.46298752  .00000012  00000-0  32181-4 0  9991
2 36687  98.6967   2.5974 0091911 137.6312 223.2002 14.04709336669580
0 STARLINK-34520
1 64486U 25133Q   26283.46295603  .00021736  00000-0  65230-3 0  9996
2 64486  53.1599 196.1839 0001484  84.6998 275.4174 15.34412710 74111
0 STARLINK-3701
1 52095U 22029H   26283.46291642 -.00000633  00000-0 -75925-5 0  9998
2 52095  53.1598 184.3362 0001384  76.5923 283.5234 15.34384712253363
0 STARLINK-5590
1 55371U 23013AS  26283.46262384  .00003790  00000-0  14729-3 0  9991
2 55371  43.0013 188.2923 0001177 271.3992  88.6725 15.27550582205234
0 STARLINK-35133
1 65535U 25200R   26283.46257265  .00017864  00000-0  55462-3 0  9992
2 65535  97.2843 349.6092 0000530  58.2786 301.8508 15.33429792 61700
0 STARLINK-34375
1 64477U 25133F   26283.46248186  .00019261  00000-0  57959-3 0  9999
2 64477  53.1582 192.6358 0001382  96.9522 263.1638 15.34407008 74164
0 STARLINK-37752
1 A0048U 26161W   26283.46246630  .00022824  00000-0  68433-3 0  9995
2 A0048  53.1575 264.5068 0001461  91.7661 268.3509 15.34411307 13672
0 YAOGAN-36 04B
1 54748U 22171C   26283.46233837  .00008515  00000-0  35406-3 0  9998
2 54748  35.0047 190.0525 0005306 154.6243 205.4733 15.23040033212976
0 STARLINK-36470
1 67319U 26002Q   26283.46226890  .00014685  00000-0  54190-3 0  9990
2 67319  43.0015 192.5190 0000832 276.1524  83.9233 15.27592460 43981
0 STARLINK-11100
1 59713U 24088F   26283.46222413 -.00000006  00000-0  48141-5 0  9992
2 59713  53.1600 347.5975 0001508  89.5718 270.5473 15.69709724140007
0 STARLINK-5359
1 54864U 22177AW  26283.46201187  .00000316  00000-0  20996-4 0  9996
2 54864  43.0035 348.9601 0001541 273.8746  86.1930 15.27581089209939
0 STARLINK-37102
1 68183U 26050S   26283.46197097  .00022827  00000-0  68503-3 0  9999
2 68183  53.1603 344.3436 0001847 106.0823 254.0383 15.34383740 33631
0 STARLINK-4255
1 53003U 22076T   26283.46187193 -.00000166  00000-0  62167-5 0  9999
2 53003  53.1591 190.0573 0001310  93.2304 266.8849 15.34384293235531
0 STARLINK-3245
1 50170U 21125Q   26283.46167220  .00002772  00000-0  10104-3 0  9990
2 50170  53.1621 348.8669 0001329  82.8956 277.2196 15.31708777269232
0 ONEWEB-0409
1 50488U 21132V   26283.46162588 -.00000346  00000-0 -10132-2 0  9999
2 50488  87.8967 358.1569 0002071 107.0379 253.0976 13.11416563230699
0 STARLINK-35604
1 66802U 25278M   26283.46161918  .00011069  00000-0  41091-3 0  9998
2 66802  43.0074 341.6260 0000800 236.6869 123.3907 15.27601080 48054
0 STARLINK-38364
1 A0623U 26204J   26283.46158817  .00053944  00000-0  90080-3 0  9991
2 A0623  70.0030 181.8374 0002591 280.1990  79.8905 15.51663864  5346
0 KUIPER-00048
1 64508U 25134J   26283.46157463  .00001431  00000-0  21664-3 0  9996
2 64508  51.9011 345.8399 0000176  49.4431 310.6546 14.79929963 72128
0 STARLINK-33632
1 63577U 25076J   26283.46145526  .00016490  00000-0  60716-3 0  9995
2 63577  43.0036 189.0670 0001746 274.5779  85.4873 15.27594573 84674
0 STARLINK-4104
1 53163U 22083AH  26283.46144002  .00003038  00000-0  10101-3 0  9995
2 53163  53.1591 270.2931 0001426  85.9585 274.1581 15.34397772233915
0 STARLINK-1265
1 45406U 20019AY  26283.46143492  .00054784  00000-0  93038-3 0  9999
2 45406  53.1496 196.7750 0005497  97.9475 262.2159 15.50945325363064
0 STARLINK-37293
1 68978U 26099AD  26283.46140707  .00019228  00000-0  57859-3 0  9993
2 68978  53.1616 342.1332 0001511  84.4354 275.6821 15.34408398 24974
0 ONEWEB-0719
1 55179U 23004AR  26283.46139555  .00000055  00000-0  10900-3 0  9998
2 55179  87.9187 342.9617 0001909  93.7150 266.4200 13.17648067182762
0 STARLINK-2251
1 48594U 21041AT  26283.46139171  .00004086  00000-0  14331-3 0  9994
2 48594  53.1590 196.3352 0001491 101.9777 258.1392 15.31711867298336
0 STARLINK-36921
1 68019U 26040E   26283.46132368  .00036116  00000-0  11149-2 0  9995
2 68019  97.2851 230.4714 0001655  95.5525 264.5907 15.33465786 34375
0 STARLINK-4265
1 53011U 22076AB  26283.46131037  .00001113  00000-0  44088-4 0  9997
2 53011  53.1597 188.0774 0001475 113.7490 246.3668 15.34386776235565
0 STARLINK-2355
1 47895U 21021AM  26283.46129693  .00001537  00000-0  61268-4 0  9993
2 47895  53.1620 348.6136 0000407  52.4201 307.6837 15.31705074309131
0 STARLINK-31957
1 59926U 24106E   26283.46125928 -.00000120  00000-0  51439-5 0  9993
2 59926  43.0011 199.2342 0001172 271.6716  88.4001 15.27572854133423
0 STARLINK-36243
1 67077U 25298C   26283.46102461  .00001806  00000-0  15908-3 0  9999
2 67077  70.0018 193.1176 0002752 270.4519  89.6325 14.98335617 45387
0 FENGYUN 1C DEB
1 29927U 99025HZ  26283.46099493  .00016288  00000-0  19151-2 0  9993
2 29927  99.0631 351.3996 0012803 344.6949  27.8272 14.84907974 31104
0 STARLINK-3891
1 52650U 22052BE  26283.46094353  .00000398  00000-0  22921-4 0  9994
2 52650  53.1612 350.0870 0001321  82.6964 277.4189 15.34385066243900
0 STARLINK-32901
1 62895U 25024S   26283.46094100  .00014257  00000-0  52648-3 0  9995
2 62895  43.0003 192.3428 0001571 271.7965  88.2707 15.27588698 95119
0 YAOGAN-30 E
1 43029U 17075B   26283.46086458  .00001750  00000-0  12928-3 0  9998
2 43029  34.9944 287.3923 0003322 185.2240 174.8434 15.03098063484719
0 STARLINK-35882
1 67088U 25298P   26283.46085966  .00002462  00000-0  21403-3 0  9997
2 67088  70.0027 193.1116 0002398 268.6273  91.4611 14.98334730 45389
0 STARLINK-34427
1 64498U 25133AC  26283.46085121  .00029593  00000-0  88316-3 0  9990
2 64498  53.1591 196.1660 0001880  65.8512 294.2687 15.34413045 74111
0 STARLINK-35613
1 66097U 25236M   26283.46081640  .00017503  00000-0  52778-3 0  9994
2 66097  53.1593 184.3930 0001582  87.7297 272.3887 15.34410508 55851
0 STARLINK-31969
1 59889U 24100E   26283.46073256  .00000431  00000-0  25186-4 0  9994
2 59889  43.0031 349.0022 0001582 264.7935  95.2736 15.27583223134046
0 STARLINK-1493
1 45759U 20038AF  26283.46064935  .00113106  00000-0  57711-3 0  9997
2 45759  53.0373 228.7875 0007270  80.0164 280.1678 15.80532759350293
0 LEMUR 2 MARHISYAM
1 60536U 24149BW  26283.46060354  .00009694  00000-0  55048-3 0  9992
2 60536  97.6827   7.1072 0002946  96.8947 263.2618 15.13134818117903
0 STARLINK-4121
1 53002U 22076S   26283.46055092  .00000167  00000-0  15693-4 0  9991
2 53002  53.1603 190.5186 0001440  91.9989 268.1179 15.35398200235532
0 STARLINK-31619
1 59531U 24073W   26283.46054733  .00001168  00000-0  51964-4 0  9997
2 59531  43.0031 184.9709 0001309 269.8122  90.2580 15.27582832140144
0 STARLINK-5680
1 55455U 23015G   26283.46053981  .00006732  00000-0  25416-3 0  9991
2 55455  43.0040 196.2209 0001178 249.8303 110.2422 15.27550733203568
0 STARLINK-5455
1 55668U 23021AS  26283.46050593  .00000025  00000-0  99044-5 0  9999
2 55668  69.9995 343.0035 0003401 269.6376  90.4394 14.98331556201449
0 STARLINK-3331
1 50834U 22001AH  26283.46045710 -.00000161  00000-0  63871-5 0  9992
2 50834  53.1591 276.7598 0001316  81.6592 278.4560 15.34396232262934
0 STARLINK-32827
1 63043U 25034Q   26283.46045670  .00020696  00000-0  62169-3 0  9993
2 63043  53.1611 348.7525 0001313  70.9968 289.1176 15.34414664 91851
0 STARLINK-2720
1 48653U 21044R   26283.46045196  .00000834  00000-0  38648-4 0  9991
2 48653  53.1605 194.3335 0001390 100.1711 259.9447 15.31703789296731
0 IRIDIUM 122
1 42957U 17061C   26283.46040211 -.00000033  00000-0 -18984-4 0  9993
2 42957  86.3992 337.0255 0002046  92.8996 267.2434 14.34217271471301
0 STARLINK-34528
1 64479U 25133H   26283.46037531  .00016604  00000-0  50131-3 0  9994
2 64479  53.1602 192.6201 0001377  70.6037 289.5114 15.34409289 74142
0 STARLINK-37847
1 A0037U 26161K   26283.46036310  .00009107  00000-0  28032-3 0  9995
2 A0037  53.1565 264.4972 0001524  88.7000 271.4177 15.34401213 13676
0 STARLINK-36046
1 66810U 25278V   26283.46033405  .00008073  00000-0  30245-3 0  9996
2 66810  43.0042 341.6170 0001612 276.3859  83.6810 15.27594354 48056
0 STARLINK-34812
1 66026U 25232X   26283.46027204  .00025412  00000-0  76062-3 0  9998
2 66026  53.1594 182.3648 0001860  78.6618 281.4594 15.34401928 56362
0 STARLINK-36636
1 67611U 26018Y   26283.46027031  .00017698  00000-0  54922-3 0  9998
2 67611  97.2865 346.5493 0000685  82.8223 277.3097 15.33445808 40244
0 FENGYUN 1C DEB
1 33619U 99025DDC 26283.46011365  .00001970  00000-0  95543-3 0  9990
2 33619  98.8442 357.0557 0050054 260.7008  98.8505 14.18903643679015
0 STARLINK-5572
1 55378U 23013AZ  26283.46004308 -.00000074  00000-0  68588-5 0  9995
2 55378  43.0042 188.2732 0001936 283.6576  76.4060 15.27576855204314
0 STARLINK-38414
1 A0618U 26204D   26283.46001421  .00053237  00000-0  88909-3 0  9995
2 A0618  70.0041 181.8292 0002552 280.8620  79.2280 15.51664454  5341
0 STARLINK-30301
1 57666U 23124D   26283.45997492  .00050241  00000-0  13958-2 0  9992
2 57666  53.1601 346.8864 0003856  12.4416 347.6682 15.36404943175612
0 ONEWEB-0711
1 55174U 23004AL  26283.45993554 -.00000283  00000-0 -83304-3 0  9992
2 55174  87.8965 358.1636 0002535 106.7580 253.3826 13.11415983180948
0 STARLINK-5470
1 54776U 22175U   26283.45990844  .00831407  42868-3  64979-3 0  9992
2 54776  53.1521 129.1178 0002213 297.6885  62.3927 16.14210154212762
0 STARLINK-36969
1 68167U 26050A   26283.45987101  .00023517  00000-0  70443-3 0  9996
2 68167  53.1630 344.3376 0004027 102.1366 258.0088 15.34419746 33630
0 STARLINK-35055
1 65524U 25200E   26283.45984181  .00008371  00000-0  26141-3 0  9998
2 65524  97.2878 349.6138 0000247 124.5705 235.5561 15.33436335 61703
0 STARLINK-4071
1 52671U 22053R   26283.45984052  .00000437  00000-0  45552-4 0  9990
2 52671  53.1595 269.1973 0001430  79.4010 280.7143 15.08841408243460
0 ORBCOMM FM 30
1 25980U 99065A   26283.45977139  .00000553  00000-0  22636-3 0  9994
2 25980  45.0323 334.3563 0008770 252.9204 107.0684 14.38295532403573
0 ONEWEB-0293
1 49082U 21075H   26283.45970203  .00000017  00000-0  11470-4 0  9994
2 49082  87.9175 342.9798 0001820 103.5952 256.5383 13.17647804248816
0 STARLINK-1543
1 46053U 20055AC  26283.45969228  .00036291  00000-0  11575-2 0  9998
2 46053  53.1583 194.4692 0001769 112.5463 247.5726 15.32195724341982
0 STARLINK-30485
1 57920U 23147H   26283.45965754 -.00006072  00000-0 -21120-3 0  9992
2 57920  42.9994 192.3604 0000649 256.3960 103.6820 15.27598702169470
0 STARLINK-34708
1 65062U 25165G   26283.45965518  .00001621  00000-0  52522-4 0  9992
2 65062  97.2860 354.3851 0001652  88.6438 271.4994 15.33441704 67183
0 STARLINK-38278
1 A0620U 26204F   26283.45961891  .00050762  00000-0  84808-3 0  9997
2 A0620  70.0030 181.8291 0002992 279.8878  80.1971 15.51665347  5342
0 FENGYUN 1C DEB
1 30867U 99025AXD 26283.45960830  .00002506  00000-0  96716-3 0  9990
2 30867  97.8607 166.3078 0048174 169.6080   6.4238 14.30337254  8483
0 STARLINK-34998
1 65474U 25195S   26283.45947456  .00015006  00000-0  49395-3 0  9998
2 65474  53.1592 340.0505 0002683  95.8259 264.3048 15.31724458 62866
0 FENGYUN 1C DEB
1 32334U 99025CYB 26283.45939520  .00000781  00000-0  53139-3 0  9998
2 32334  99.2191 346.5727 0068773 170.1734 190.0794 14.01986531981675
0 STARLINK-36248
1 68979U 26099AE  26283.45930182  .00018632  00000-0  56103-3 0  9996
2 68979  53.1614 342.1300 0002028  96.1758 263.9476 15.34409814 24970
0 STARLINK-3744
1 52304U 22041AV  26283.45929511 -.00000431  00000-0 -16340-5 0  9999
2 52304  53.1588 188.7591 0001275  96.0213 264.0935 15.34388693247283
0 STARLINK-30448
1 57928U 23147R   26283.45917409  .00002808  00000-0  11157-3 0  9994
2 57928  43.0013 195.7540 0000810 287.7474  72.3289 15.27560302169405
0 GLOBALSTAR M082
1 38042U 11080C   26283.45912303 -.00000078  00000-0  14379-3 0  9998
2 38042  52.0103 343.6263 0000430 140.3700 240.7159 12.62262918684150
0 STARLINK-3688
1 52310U 22041BB  26283.45911326  .00002747  00000-0  10020-3 0  9998
2 52310  53.1605 186.8500 0001129  95.2304 264.8826 15.31710368248530
0 STARLINK-32830
1 63034U 25034F   26283.45897663  .00017862  00000-0  58544-3 0  9992
2 63034  53.1598 338.7924 0002339  91.2663 268.8607 15.31728639 91999
0 FENGYUN 1C DEB
1 30017U 99025MS  26283.45895784  .00000451  00000-0  75332-4 0  9991
2 30017  98.7141 350.0441 0214914 325.6668  33.0795 14.61761549 48516
0 YAOGAN 25C DEB
1 69731U 14080L   26283.45890749  .00013311  00000-0  11806-1 0  9992
2 69731  63.3417 350.5462 0299557  14.3394 346.5914 13.66626391 46564
0 ONEWEB-0295
1 49084U 21075K   26283.45885951  .00000076  00000-0  16335-3 0  9990
2 49084  87.9176 342.9845 0002154 104.5721 255.5649 13.17647773248772
0 YAOGAN-30 D
1 43028U 17075A   26283.45885502  .00002693  00000-0  19671-3 0  9992
2 43028  34.9946 287.5457 0002538 242.9451 117.0999 15.03288530484600
0 KUIPER-00054
1 64514U 25134Q   26283.45884580  .00000064  00000-0  37448-4 0  9998
2 64514  51.8987 348.3238 0000297  90.8821 269.2176 14.79937167 72081
0 STARLINK-32828
1 63045U 25034S   26283.45883916  .00018103  00000-0  54564-3 0  9997
2 63045  53.1617 350.1560 0000432 310.1381  49.9584 15.34399483 91838
0 STARLINK-35174
1 65615U 25207Z   26283.45879430  .00009628  00000-0  30013-3 0  9995
2 65615  97.2866 345.6553 0001748  80.9086 279.2355 15.33449055 60643
0 STARLINK-5685
1 55477U 23015AE  26283.45876437  .00000640  00000-0  32765-4 0  9991
2 55477  43.0036 188.3176 0001124 272.7218  87.3505 15.27579407203658
0 STARLINK-34420
1 64483U 25133M   26283.45874365  .00018273  00000-0  55027-3 0  9995
2 64483  53.1587 196.1577 0001226  61.8295 298.2831 15.34420973 74118
0 STARLINK-34460
1 66099U 25236P   26283.45871324  .00019775  00000-0  59471-3 0  9991
2 66099  53.1604 184.3778 0001538  99.8643 260.2534 15.34407542 55855
0 STARLINK-36225
1 67207U 25304R   26283.45869679  .00002922  00000-0  25250-3 0  9993
2 67207  70.0019 352.9987 0003669 267.5104  92.5635 14.98335840 46053
0 STARLINK-36683
1 A0619U 26204E   26283.45864861  .00051039  00000-0  85274-3 0  9990
2 A0619  70.0046 181.8245 0002541 285.6356  74.4550 15.51663943  5341
0 STARLINK-36267
1 67198U 25304G   26283.45853113  .00002387  00000-0  20776-3 0  9991
2 67198  70.0019 353.0052 0003495 268.7607  91.3152 14.98338742 46027
0 STARLINK-36498
1 67318U 26002P   26283.45839411  .00017731  00000-0  65185-3 0  9998
2 67318  43.0060 192.4830 0001898 263.8963  96.1673 15.27602891 43987
0 ONEWEB-0063
1 45448U 20020AA  26283.45837780 -.00000223  00000-0 -66403-3 0  9993
2 45448  87.8971 358.1735 0002133 106.7961 253.3401 13.11413980317806
0 STARLINK-4283
1 53016U 22076AG  26283.45836993 -.00000130  00000-0  75747-5 0  9990
2 53016  53.1596 183.9007 0001451  94.2546 265.8621 15.31702510235628
0 STARLINK-32829
1 63049U 25034W   26283.45835073  .00017193  00000-0  51856-3 0  9991
2 63049  53.1621 348.7376 0000956  86.7982 273.3130 15.34416565 91852
0 STARLINK-34363
1 64497U 25133AB  26283.45827057  .00031137  00000-0  92868-3 0  9994
2 64497  53.1591 192.5994 0001338  76.1099 284.0052 15.34406485 74161
0 STARLINK-34622
1 66015U 25232L   26283.45816413  .00026389  00000-0  78956-3 0  9991
2 66015  53.1589 182.3478 0001290  98.1706 261.9443 15.34394346 56368
0 STARLINK-5396
1 54867U 22177AZ  26283.45815930  .00001352  00000-0  58646-4 0  9999
2 54867  43.0053 348.9363 0001655 269.5918  90.4744 15.27581697209932
0 STARLINK-38366
1 A0622U 26204H   26283.45813914  .00054806  00000-0  91490-3 0  9999
2 A0622  70.0027 181.8239 0003222 271.0838  88.9979 15.51666697  5342
0 ORBCOMM FM 34
1 25986U 99065G   26283.45808323  .00000528  00000-0  21930-3 0  9996
2 25986  45.0402 342.0735 0006169 234.2581 125.7694 14.38086239404015
0 FENGYUN 1C DEB
1 30663U 99025APV 26283.45806937  .00001684  00000-0  12765-2 0  9998
2 30663  99.2919 175.3436 0646000 125.7129 240.5877 13.24884731930412
0 ONEWEB-0312
1 49098U 21075Z   26283.45802483 -.00000050  00000-0 -16115-3 0  9994
2 49098  87.9172 342.9876 0002038 104.7963 255.3395 13.17647677248788
0 STARLINK-36051
1 66793U 25278C   26283.45776641  .00017119  00000-0  62976-3 0  9998
2 66793  43.0021 341.5979 0000596 249.3320 110.7468 15.27600720 48058
0 STARLINK-4288
1 53005U 22076V   26283.45776121 -.00006319  00000-0 -17614-3 0  9997
2 53005  53.1589 190.7772 0001202  84.8163 275.2977 15.34384839235539
0 FENGYUN 1C DEB
1 30453U 99025AFQ 26283.45773135  .00001825  00000-0  72700-3 0  9991
2 30453  98.7946   1.4288 0113181  72.3960  55.7624 14.26366050 15340
0 STARLINK-2510
1 48329U 21036BF  26283.45770767  .00000326  00000-0  22273-4 0  9993
2 48329  53.1600 181.4532 0001530  86.6131 273.5045 15.31711602300951
0 YAOGAN-39 03B
1 57988U 23152C   26283.45759678  .00004862  00000-0  23959-3 0  9993
2 57988  34.9898 298.0969 0026675 178.5104 181.5692 15.17038541167703
0 STARLINK-33788
1 63589U 25076W   26283.45758987  .00012528  00000-0  46373-3 0  9999
2 63589  43.0022 189.0348 0003902 265.2903  94.7503 15.27596048 84678
0 FENGYUN 1C DEB
1 30608U 99025AMP 26283.45758603  .00001713  00000-0  68494-3 0  9997
2 30608  98.6788 350.3041 0013240  16.5229 356.2217 14.29674568 17484
0 FENGYUN 1C DEB *
1 47006U 99025FAG 26283.45757620  .00000574  00000-0  42030-3 0  9997
2 47006  99.1623 346.8831 0081435 329.8586  29.7905 13.98515334869843
0 STARLINK-36638
1 67594U 26018F   26283.45755603  .00014161  00000-0  43967-3 0  9999
2 67594  97.2878 346.5515 0001697  88.5076 271.6361 15.33478277 40243
0 STARLINK-31879
1 59937U 24106R   26283.45754572  .00000459  00000-0  26187-4 0  9992
2 59937  42.9996 200.0630 0000683 283.5320  76.5455 15.27580765133415
0 STARLINK-11580
1 63011U 25032G   26283.45753422  .00164638  00000-0  12615-2 0  9991
2 63011  42.9996 340.5723 0000646 217.4278 142.6545 15.70836776 95846
0 ONEWEB-0060
1 45455U 20020AH  26283.45739426 -.00000202  00000-0 -60454-3 0  9996
2 45455  87.8965 358.1645 0001901  70.9363 289.1971 13.11415390317656
0 STARLINK-2228
1 48576U 21041Z   26283.45737995  .00001273  00000-0  52775-4 0  9991
2 48576  53.1605 181.5370 0001189  91.8084 268.3053 15.31709004298552
0 STARLINK-31961
1 59894U 24100K   26283.45735550  .00000928  00000-0  43219-4 0  9999
2 59894  43.0036 345.5115 0001386 269.1466  90.9227 15.27586959134081
0 STARLINK-4388
1 53651U 22105D   26283.45732964 -.00000585  00000-0 -13921-4 0  9991
2 53651  97.4740 173.3904 0001854 102.6806 257.4645 15.36970150226326
0 STARLINK-11094
1 59714U 24088G   26283.45732049  .00000341  00000-0  76784-5 0  9998
2 59714  53.1607 347.5760 0001254 104.6755 255.4402 15.69706504140002
0 STARLINK-4677
1 53600U 22104N   26283.45726848  .00000914  00000-0  38199-4 0  9996
2 53600  53.1616 342.6333 0001314  91.8392 268.2761 15.34397178228274
0 STARLINK-35057
1 65525U 25200F   26283.45712201  .00025477  00000-0  78848-3 0  9998
2 65525  97.2868 349.6148 0000610  87.8138 272.3174 15.33458434 61702
0 STARLINK-36481
1 67307U 26002C   26283.45711387  .00021553  00000-0  79004-3 0  9999
2 67307  42.9997 192.4778 0001522 283.4176  76.6506 15.27596325 43927
0 STARLINK-3747
1 52306U 22041AX  26283.45710787 -.00000059  00000-0  93901-5 0  9997
2 52306  53.1597 188.0772 0001112  96.6824 263.4305 15.34388067248519
0 STARLINK-1043
1 44748U 19074AM  26283.45696427  .00078474  00000-0  49175-3 0  9991
2 44748  53.0428 221.5924 0003157  75.3477 284.7892 15.76126746382261
0 STARLINK-34750
1 65061U 25165F   26283.45693594  .00012979  00000-0  40354-3 0  9990
2 65061  97.2873 354.3928 0000984 101.1401 258.9952 15.33454175 67189
0 STARLINK-34260
1 64334U 25124T   26283.45688935  .00018295  00000-0  67221-3 0  9999
2 64334  43.0028 349.0456 0002969 279.2549  80.7967 15.27601941 74626
0 STARLINK-36200
1 67101U 25298AC  26283.45685005  .00001899  00000-0  16685-3 0  9991
2 67101  70.0017 193.1009 0002588 270.0138  90.0725 14.98336332 45384
0 STARLINK-31538
1 59525U 24073Q   26283.45669466  .00000814  00000-0  39119-4 0  9999
2 59525  43.0042 184.9408 0001193 267.0807  92.9909 15.27579207139027
0 STARLINK-36166
1 67084U 25298K   26283.45668515  .00001836  00000-0  16162-3 0  9999
2 67084  70.0018 193.0978 0002598 270.6906  89.3956 14.98336115 45385
0 STARLINK-5656
1 55451U 23015C   26283.45668096 -.00000298  00000-0 -13192-5 0  9998
2 55451  43.0010 196.1940 0000883 231.2409 128.8364 15.27577500203567
0 STARLINK-2714
1 48603U 21041BC  26283.45667415  .00001370  00000-0  55897-4 0  9997
2 48603  53.1607 195.9448 0001509  96.0050 264.1123 15.31704455299598
0 STARLINK-34493
1 64472U 25133A   26283.45664316  .00016515  00000-0  49867-3 0  9998
2 64472  53.1602 196.1494 0000678  71.3604 288.7472 15.34410734 74111
0 STARLINK-3673
1 52093U 22029F   26283.45659307 -.00001568  00000-0 -35276-4 0  9993
2 52093  53.1608 184.2203 0001735  73.9865 286.1328 15.34395304253364
0 ONEWEB-0702
1 61608U 24188Q   26283.45656028 -.00000201  00000-0 -60373-3 0  9998
2 61608  87.8975 358.1006 0001679 140.9501 219.1749 13.11414625 99596
0 STARLINK-36047
1 66795U 25278E   26283.45648223  .00024887  00000-0  91032-3 0  9999
2 66795  43.0003 341.5924 0001014 264.1582  95.9154 15.27599106 48052
0 ONEWEB-0330
1 49108U 21075AK  26283.45647227  .00000003  00000-0 -24716-4 0  9993
2 49108  87.9181 342.9989 0001945 104.4920 255.6427 13.17648083248805
0 STARLINK-32816
1 63050U 25034X   26283.45625324  .00024308  00000-0  72755-3 0  9996
2 63050  53.1605 348.7202 0001814  89.8045 270.3166 15.34428708 91850
0 ONEWEB-0027
1 45432U 20020J   26283.45618981  .00000030  00000-0  43006-4 0  9995
2 45432  87.9177 342.9827 0001777 111.4280 248.7041 13.17648864321531
0 KUIPER-00059
1 64519U 25134V   26283.45616509 -.00000021  00000-0  26305-4 0  9991
2 64519  51.8996 350.8850 0000469  64.8965 295.2046 14.79924488 72059
0 STARLINK-1554
1 46055U 20055AE  26283.45614941  .00001679  00000-0  65855-4 0  9993
2 46055  53.1604 194.5182 0001361  93.5925 266.5232 15.31708238341984
0 STARLINK-11173
1 60192U 24124K   26283.45611035 -.00000676  00000-0 -72110-6 0  9995
2 60192  53.1604 182.6736 0000982  97.1957 262.9173 15.69703638130269
0 STARLINK-35253
1 65596U 25207E   26283.45607389  .00021176  00000-0  65659-3 0  9991
2 65596  97.2870 345.6579 0001752  63.2592 296.8830 15.33435811 60430
0 STARLINK-35236
1 66008U 25232D   26283.45606164  .00018970  00000-0  57091-3 0  9997
2 66008  53.1597 182.3402 0001441 102.3175 257.7989 15.34413715 56351
0 STARLINK-31278
1 59163U 24044M   26283.45604424 -.00000266  00000-0 -16224-6 0  9995
2 59163  43.0022 333.9392 0000658 242.1819 117.8966 15.27580722146418
0 STARLINK-30496
1 57919U 23147G   26283.45582131  .00000828  00000-0  39602-4 0  9990
2 57919  43.0019 192.3272 0000835 286.8876  73.1884 15.27578212169475
0 STARLINK-2734
1 48657U 21044V   26283.45580097  .00001291  00000-0  53345-4 0  9997
2 48657  53.1612 194.4384 0001331  95.8151 264.3002 15.31708699296733
0 YAOGAN 16B
1 39012U 12066B   26283.45575887 -.00000058  00000-0  30741-4 0  9993
2 39012  63.3552 352.2763 0444837  27.8536 334.5555 13.45522518681618
0 FENGYUN 1C DEB
1 30401U 99025ADQ 26283.45571948  .00000251  00000-0  11275-3 0  9994
2 30401  98.9055 172.1405 0106639 333.1607  26.4080 14.28202579 26114
0 STARLINK-11367
1 62097U 24220K   26283.45570234  .00209883  00000-0  15916-2 0  9999
2 62097  43.0005 188.2342 0000872 319.5261  40.5542 15.70937907108838
0 LEMUR 2 WILSON
1 62694U 25009CP  26283.45569396  .00001427  00000-0  13385-3 0  9998
2 62694  97.6945 359.8711 0003753  35.9109 324.2363 14.95552542 94589
0 STARLINK-37052
1 68179U 26050N   26283.45566221  .00023462  00000-0  70273-3 0  9995
2 68179  53.1601 344.3018 0002669  95.6852 264.4455 15.34427240 33637
0 STARLINK-32344
1 61719U 24196N   26283.45553019  .00000207  00000-0  17276-4 0  9995
2 61719  53.1588 180.5556 0001532  62.6930 297.4228 15.34391032110088
0 ONEWEB-0532
1 55140U 23004A   26283.45548876  .00000023  00000-0  26894-4 0  9990
2 55140  87.9175 342.9787 0002095 106.3731 253.7631 13.17648475182768
0 STARLINK-31971
1 59934U 24106N   26283.45542523 -.00000073  00000-0  68953-5 0  9991
2 59934  43.0058 196.4374 0002420 268.2378  91.8197 15.27582522133281
0 ONEWEB-0145
1 47291U 20100AK  26283.45538700 -.00000282  00000-0 -82051-3 0  9992
2 47291  87.8940 327.7790 0001738 102.4977 257.6346 13.12442175279882
0 STARLINK-4674
1 53591U 22104D   26283.45515962  .00002033  00000-0  71285-4 0  9995
2 53591  53.1610 342.6293 0000930  92.5390 267.5719 15.34397163228629
0 STARLINK-33791
1 63594U 25076AB  26283.45501301  .00013721  00000-0  50679-3 0  9991
2 63594  42.9960 189.0132 0005015 265.2250  94.8029 15.27598007 84677
0 ONEWEB-0622
1 55163U 23004Z   26283.45484898 -.00000165  00000-0 -50054-3 0  9991
2 55163  87.8957 358.1686 0002567 115.2479 244.8915 13.11415519180904
0 STARLINK-36411
1 67608U 26018V   26283.45483035  .00018304  00000-0  56794-3 0  9997
2 67608  97.2883 346.5572 0000795 262.6434  97.4718 15.33445162 40246
0 STARLINK-30151
1 56827U 23079E   26283.45480770 -.00000382  00000-0 -43455-5 0  9996
2 56827  43.0035 334.1769 0001197 272.9577  87.1137 15.27573470185737
0 STARLINK-34816
1 65467U 25195K   26283.45480665  .00015489  00000-0  50952-3 0  9990
2 65467  53.1619 340.0210 0000481  16.9162 343.1856 15.31721067 62880
0 FENGYUN 1C DEB
1 30437U 99025AEY 26283.45480529  .00021504  00000-0  16505-2 0  9991
2 30437  98.8876 348.9842 0023463 207.6571 274.0927 15.01593324 36945
0 STARLINK-30288
1 57698U 23129A   26283.45478375  .00001685  00000-0  70761-4 0  9991
2 57698  42.9955 345.4039 0001886 123.7999 236.3033 15.27565908173528
0 ONEWEB-0688
1 61596U 24188C   26283.45464949  .00000067  00000-0  14006-3 0  9993
2 61596  87.9172 342.9884 0003104  90.3002 269.8485 13.17649123101071
0 STARLINK-5332
1 55285U 23010S   26283.45463495 -.00000046  00000-0  39752-5 0  9994
2 55285  70.0001 182.8780 0002774 270.0664  90.0177 14.98328704206811
0 STARLINK-36427
1 67333U 26002AE  26283.45454778  .00016550  00000-0  60918-3 0  9991
2 67333  43.0006 192.4410 0000960  23.1264 336.9631 15.27602310 43983
0 YAOGAN-39 03C
1 57990U 23152E   26283.45444755  .00003557  00000-0  17657-3 0  9991
2 57990  34.9901 298.0523 0016476  90.6782 269.5818 15.17084885167676
0 STARLINK-35078
1 65523U 25200D   26283.45440267 -.00008940  00000-0 -27489-3 0  9999
2 65523  97.2859 349.6179 0001727  86.1012 274.0428 15.33447882 61703
0 STARLINK-5406
1 54860U 22177AS  26283.45430152  .00000786  00000-0  38090-4 0  9992
2 54860  43.0056 348.9083 0001695 273.3421  86.7237 15.27578360209931
0 STARLINK-32832
1 63040U 25034M   26283.45429788  .00020343  00000-0  66496-3 0  9991
2 63040  53.1586 338.7608 0001524  81.4650 278.6524 15.31727369 91990
0 STARLINK-34798
1 65063U 25165H   26283.45421787  .00011583  00000-0  36049-3 0  9991
2 65063  97.2827 354.3905 0002518 102.7205 257.4320 15.33449280 67183
0 STARLINK-3134
1 49434U 21104AC  26283.45416970  .00009781  00000-0  56997-3 0  9993
2 49434  53.2168 343.3374 0003793  97.2872 262.8553 15.12604100272164
0 STARLINK-35072
1 65505U 25198P   26283.45409519  .00028094  00000-0  83896-3 0  9994
2 65505  53.1601 348.3190 0002651  89.4585 270.6722 15.34419180 61571
0 STARLINK-35159
1 65461U 25195D   26283.45405277  .00029334  00000-0  87505-3 0  9998
2 65461  53.1594 336.4747 0001252  55.8067 304.3054 15.34431302 62931
0 STARLINK-2280
1 47861U 21021B   26283.45397861 -.00000107  00000-0  83050-5 0  9996
2 47861  53.1596 338.8064 0001251  80.8206 279.2937 15.31705304309305
0 STARLINK-35989
1 66819U 25278AE  26283.45390951  .00021818  00000-0  79951-3 0  9995
2 66819  42.9971 341.5591 0002229 108.7049 251.4045 15.27601051 48052
0 KUIPER-00150
1 65770U 25217J   26283.45383582  .00001965  00000-0  28664-3 0  9991
2 65770  51.9009 180.9395 0000888  90.0096 270.0968 14.79936016 56575
0 LEMUR 2 STAR-FOX
1 62696U 25009CR  26283.45357252  .00008004  00000-0  58616-3 0  9990
2 62696  97.6859   4.2699 0002650  84.4473 275.7055 15.03822839 94878
0 STARLINK-36984
1 68168U 26050B   26283.45356089  .00026817  00000-0  80131-3 0  9993
2 68168  53.1613 344.3077 0004397  98.1421 262.0080 15.34420565 33634
0 STARLINK-31908
1 59901U 24100S   26283.45352969 -.00000639  00000-0 -13708-4 0  9998
2 59901  43.0026 345.4811 0001395 281.6324  78.4371 15.27567004134073
0 STARLINK-30076
1 56839U 23079S   26283.45351755 -.00000402  00000-0 -50693-5 0  9994
2 56839  43.0035 334.1599 0001135 271.5196  88.5526 15.27574675185730
0 KUIPER-00230
1 68579U 26072G   26283.45343558 -.00000787  00000-0 -74252-4 0  9998
2 68579  51.9053 353.4432 0000577 140.1811 219.9194 14.79911589 28929
0 STARLINK-35162
1 65613U 25207X   26283.45335388  .00014511  00000-0  45087-3 0  9996
2 65613  97.2850 345.6681 0001429  90.2080 269.9326 15.33449650 60645
0 ONEWEB-0038
1 45145U 20008Q   26283.45328955 -.00000023  00000-0 -99947-4 0  9990
2 45145  87.8976 358.1889 0001410  40.9923 319.1310 13.11416252325432
0 STARLINK-36476
1 67314U 26002K   26283.45324592  .00016736  00000-0  61595-3 0  9998
2 67314  43.0044 192.4453 0004008 262.7474  97.2922 15.27595718 43918
0 STARLINK-2620
1 48453U 21040AB  26283.45314503  .00000097  00000-0  14880-4 0  9998
2 48453  53.1605 258.5932 0001316 106.9301 253.1845 15.31700030299593
0 FENGYUN 1C DEB
1 31914U 99025CLR 26283.45310994  .00000491  00000-0  10152-3 0  9995
2 31914  98.9842 175.4557 0180138 235.1071 123.3080 14.56143015728637
0 STARLINK-34252
1 64330U 25124P   26283.45303522  .00026317  00000-0  96167-3 0  9996
2 64330  43.0035 349.0211 0000715 256.5293 103.5479 15.27607332 74622
0 ONEWEB-0061
1 45428U 20020E   26283.45302435  .00000011  00000-0 -57185-5 0  9998
2 45428  87.8965 358.1594 0001832 101.9739 258.1594 13.11415735317733
0 STARLINK-4119
1 53026U 22076AS  26283.45302205  .00000885  00000-0  40269-4 0  9991
2 53026  53.1606 181.3353 0001428 102.4121 257.7040 15.31707563235664
0 STARLINK-37387
1 68973U 26099Y   26283.45299334  .00033723  00000-0  10038-2 0  9991
2 68973  53.1607 342.1068 0001796  91.2146 268.9062 15.34428036 24978
0 STARLINK-3323
1 50804U 22001B   26283.45293735  .00000128  00000-0  14925-4 0  9997
2 50804  53.1579 260.3485 0001038 114.5423 245.5688 15.34385888263168
0 FENGYUN 1C DEB
1 32186U 99025CUG 26283.45286855  .00000670  00000-0  54748-3 0  9993
2 32186  99.5834 341.8723 0273554 133.0253 243.0232 13.77100565667629
0 STARLINK-11185
1 62588U 25008B   26283.45284299  .00232637  00000-0  17509-2 0  9995
2 62588  42.9996 271.3981 0004013 234.6009 125.4485 15.71042000 99897
0 STARLINK-2509
1 48318U 21036AU  26283.45283068  .00001874  00000-0  72105-4 0  9992
2 48318  53.1608 182.3578 0001262  93.1157 266.9989 15.31710277300938
0 STARLINK-36045
1 66811U 25278W   26283.45262699  .00013135  00000-0  48579-3 0  9999
2 66811  42.9958 341.5540 0001150 276.1159  83.9562 15.27593962 48050
0 STARLINK-32779
1 63030U 25034B   26283.45252777  .00019035  00000-0  57272-3 0  9990
2 63030  53.1628 350.1217 0001579  76.7504 283.3675 15.34419414 91830
0 STARLINK-11099
1 59716U 24088J   26283.45241388  .00000342  00000-0  76851-5 0  9997
2 59716  53.1626 347.5322 0001638  85.8612 274.2593 15.69710156140005
0 STARLINK-35256
1 66011U 25232G   26283.45241089  .00010982  00000-0  33567-3 0  9999
2 66011  53.1603 184.4465 0001159  96.6147 263.4987 15.34402339 56346
0 STARLINK-3293
1 50176U 21125W   26283.45235721 -.00000392  00000-0 -87841-6 0  9990
2 50176  53.1604 348.9682 0001237  91.0965 269.0178 15.31704757269283
0 STARLINK-31272
1 59162U 24044L   26283.45218990 -.00000243  00000-0  68053-6 0  9994
2 59162  43.0040 333.9114 0000840 281.1081  78.9676 15.27581129146413
0 FENGYUN 1C DEB
1 29782U 99025BY  26283.45216840  .00001320  00000-0  72506-3 0  9993
2 29782  99.0790 346.2296 0053990  76.9258 296.4493 14.12765790  9298
0 STARLINK-5459
1 55669U 23021AT  26283.45215327  .00000209  00000-0  25352-4 0  9991
2 55669  69.9996 342.9742 0003495 271.1433  88.9325 14.98334399201443
0 FENGYUN 1C DEB
1 46443U 99025EYY 26283.45213142  .00002172  00000-0  11475-2 0  9991
2 46443  99.2004   3.2068 0097510 229.8500 191.0020 14.12526508638536
0 STARLINK-36281
1 67605U 26018S   26283.45209986  .00008201  00000-0  25593-3 0  9993
2 67605  97.2860 346.5590 0001846  86.8322 273.3132 15.33462874 40242
0 ONEWEB-0146
1 47292U 20100AL  26283.45200938 -.00000195  00000-0 -57724-3 0  9994
2 47292  87.8942 327.7787 0001972  87.5148 272.6206 13.12442241279790
0 STARLINK-35027
1 65466U 25195J   26283.45194382  .00024686  00000-0  73865-3 0  9994
2 65466  53.1590 336.4580 0002816  88.0224 272.1101 15.34428031 62937
0 STARLINK-1048
1 44753U 19074AS  26283.45189406  .00131324  00000-0  57745-3 0  9997
2 44753  53.0387 188.5816 0006620 108.6471 251.5270 15.83668953382716
0 ONEWEB-0395
1 50475U 21132G   26283.45159951  .00000096  00000-0  23505-3 0  9993
2 50475  87.8962 358.1630 0001905 107.4819 252.6517 13.11414120230825
0 STARLINK-31932
1 59929U 24106H   26283.45157022  .00505891  00000-0  17050-1 0  9996
2 59929  42.9976 196.4522 0007149 274.7807  85.2228 15.27800751133390
0 STARLINK-4369
1 53191U 22084C   26283.45151448 -.00007616  00000-0 -20861-3 0  9990
2 53191  97.4298 347.8113 0001222  87.7539 272.3845 15.37005778232071
0 LEMUR 2 ARIANNA
1 62699U 25009CU  26283.45151255  .00006946  00000-0  50951-3 0  9995
2 62699  97.6799   3.9537 0002922  94.5814 265.5745 15.03811521 94873
0 STARLINK-2646
1 48642U 21044E   26283.45147356  .00001436  00000-0  58034-4 0  9999
2 48642  53.1599 194.4370 0001412  77.6305 282.4855 15.31708722296739
0 STARLINK-36886
1 68175U 26050J   26283.45145359  .00024384  00000-0  72993-3 0  9991
2 68175  53.1634 344.2719 0002490  91.3212 268.8076 15.34422368 33634
0 STARLINK-4470
1 53655U 22105H   26283.45144007  .00000556  00000-0  17669-4 0  9999
2 53655  97.4478 172.2090 0001984  80.9114 279.2355 15.36961855226261
0 ONEWEB-0717
1 55178U 23004AQ  26283.45126797  .00000100  00000-0  22483-3 0  9990
2 55178  87.9175 342.9805 0002373 108.1411 251.9979 13.17647802182818
0 YAOGAN 16A
1 39011U 12066A   26283.45099137 -.00000059  00000-0  29652-4 0  9991
2 39011  63.3546 352.0631 0444659  28.1141 334.3142 13.45522256681653
0 STARLINK-37258
1 68951U 26099A   26283.45097785  .00028312  00000-0  84523-3 0  9992
2 68951  53.1603 342.7951 0003944  98.4643 261.6807 15.34420849 24965
0 STARLINK-30281
1 57716U 23129U   26283.45091986  .00000736  00000-0  36262-4 0  9995
2 57716  43.0019 345.3770 0001518 283.1170  76.9512 15.27585646173382
0 STARLINK-35186
1 65611U 25207V   26283.45063434  .00019954  00000-0  61844-3 0  9999
2 65611  97.2857 345.6676 0000868  74.8014 285.3325 15.33461807 60644
0 STARLINK-5850
1 57049U 23088B   26283.45055543 -.00000450  00000-0 -68370-5 0  9998
2 57049  43.0020 338.1244 0000834 264.8908  95.1849 15.27574793183360
0 STARLINK-5086
1 54856U 22177AN  26283.45044564  .00001537  00000-0  65397-4 0  9990
2 54856  43.0069 348.8817 0001964 270.7858  89.2769 15.27573089209939
0 STARLINK-32798
1 63029U 25034A   26283.45043139  .00029262  00000-0  87333-3 0  9992
2 63029  53.1609 350.1098 0002269  86.5282 273.5980 15.34416468 91839
0 STARLINK-5956
1 55994U 23042J   26283.45042147 -.00000553  00000-0 -10585-4 0  9999
2 55994  43.0014 286.8109 0000733 297.5699  62.5078 15.27574748195711
0 STARLINK-36182
1 67192U 25304A   26283.45036782  .00006607  00000-0  56083-3 0  9999
2 67192  70.0012 352.9800 0003778 268.1387  91.9340 14.98338895 46020
0 STARLINK-37537
1 69420U 26126A   26283.45028373  .00019262  00000-0  59734-3 0  9992
2 69420  97.2832 144.4298 0001821  99.4210 260.7239 15.33450342 20587
0 STARLINK-11554
1 62833U 25019E   26283.45025087  .00202081  00000-0  15338-2 0  9996
2 62833  42.9993  91.7780 0001917 255.0876 104.9780 15.70941818 97653
0 STARLINK-36173
1 67210U 25304U   26283.45017730 -.00002100  00000-0 -16822-3 0  9995
2 67210  70.0020 352.9761 0004190 278.5943  81.4741 14.98336596 46056
0 STARLINK-36054
1 66812U 25278X   26283.45005683  .00016823  00000-0  61914-3 0  9993
2 66812  43.0010 341.5354 0000757 293.9532  66.1240 15.27597040 48056
0 STARLINK-35226
1 65492U 25198A   26283.44988937  .00029623  00000-0  88374-3 0  9999
2 65492  53.1612 348.2992 0001431  79.9461 280.1703 15.34423591 61575
0 STARLINK-32810
1 63037U 25034J   26283.44986328  .00019821  00000-0  59597-3 0  9997
2 63037  53.1589 336.6097 0001703  88.2023 271.9175 15.34412333 92024
0 ONEWEB-0621
1 55162U 23004Y   26283.44976797  .00000150  00000-0  38770-3 0  9996
2 55162  87.8961 358.1692 0002124 100.6570 259.4797 13.11413937180917
0 FENGYUN 1C DEB
1 31253U 99025BMK 26283.44976473  .00000304  00000-0  15477-3 0  9998
2 31253  99.0420 352.8142 0288433 332.1975  26.4025 14.03912529732314
0 ONEWEB-0290
1 49080U 21075F   26283.44958068 -.00000055  00000-0 -17610-3 0  9991
2 49080  87.9176 342.9798 0001566 112.3175 247.8123 13.17646772248792
0 STARLINK-36641
1 67589U 26018A   26283.44941873  .00017173  00000-0  53331-3 0  9990
2 67589  97.2860 346.5579 0000617  23.6829 336.4442 15.33430789 40241
0 STARLINK-37079
1 68186U 26050V   26283.44935600  .00019717  00000-0  59297-3 0  9994
2 68186  53.1605 344.2739 0000632  46.9589 313.1467 15.34409019 33631
0 FENGYUN 1C DEB
1 31524U 99025BXP 26283.44918609  .00000811  00000-0  35857-3 0  9993
2 31524  99.2439 177.0778 0277532   4.7216 172.6840 14.07656535673956
0 STARLINK-35136
1 65537U 25200T   26283.44897228  .00024482  00000-0  75844-3 0  9991
2 65537  97.2865 349.6256 0002513  94.8303 265.3226 15.33432881 61616
0 STARLINK-2415
1 47828U 21018AT  26283.44891798 -.00000126  00000-0  77057-5 0  9993
2 47828  53.1603 335.8094 0001504  84.4193 275.6980 15.31703439309465
0 STARLINK-4100
1 53144U 22083N   26283.44887608  .00000779  00000-0  34186-4 0  9997
2 53144  53.1600 270.8031 0001129  83.1246 276.9885 15.34396973233904
0 STARLINK-34745
1 65057U 25165B   26283.44877975  .00012023  00000-0  37411-3 0  9991
2 65057  97.2873 354.3983 0001377  84.7804 275.3596 15.33448285 67187
0 STARLINK-36099
1 66797U 25278G   26283.44875480  .00023946  00000-0  87516-3 0  9994
2 66797  43.0006 341.5327 0001344 268.7526  91.3172 15.27644617 48056
0 STARLINK-11604
1 63133U 25043B   26283.44865629  .00166839  00000-0  12699-2 0  9997
2 63133  42.9946  36.6245 0000389  75.2872 284.8039 15.70987155 93126
0 STARLINK-32551
1 62166U 24225D   26283.44851465  .00010466  00000-0  36788-3 0  9996
2 62166  69.9989 341.3876 0003375 276.1554  83.9237 15.29592922102082
0 STARLINK-31861
1 59906U 24100X   26283.44836068 -.00000189  00000-0  26632-5 0  9999
2 59906  43.0033 345.4132 0001452 270.7556  89.3129 15.27577071134079
0 STARLINK-31256
1 59161U 24044K   26283.44835004 -.00002018  00000-0 -63873-4 0  9999
2 59161  43.0041 333.8744 0000974 271.8105  88.2635 15.27563208146442
0 STARLINK-3291
1 50175U 21125V   26283.44832848 -.00000462  00000-0 -25502-5 0  9994
2 50175  53.1624 350.1344 0001067  84.3676 275.7448 15.34395641269228
0 STARLINK-36538
1 67512U 26012V   26283.44824765  .00014065  00000-0  51941-3 0  9992
2 67512  43.0015 181.7956 0001129 255.3034 104.7693 15.27596084 40605
0 STARLINK-35430
1 66020U 25232R   26283.44820559  .00026869  00000-0  80447-3 0  9993
2 66020  53.1585 184.4230 0000900  97.8891 262.2214 15.34362712 56325
0 STARLINK-1536
1 46070U 20055AV  26283.44816182  .00000482  00000-0  27289-4 0  9990
2 46070  53.1619 182.2808 0001657  98.7024 261.4165 15.31703781342147
0 STARLINK-36496
1 67329U 26002AA  26283.44811531  .00021224  00000-0  77795-3 0  9994
2 67329  43.0019 192.3996 0001321 267.4289  92.6411 15.27606656 43903
0 GLOBALSTAR M059
1 25944U 99058B   26283.44808301 -.00000096  00000-0 -12540-3 0  9996
2 25944  52.0043 347.8795 0000503 149.0248 223.5771 12.00001471631709
0 ONEWEB-0045
1 45151U 20008W   26283.44807650  .00000195  00000-0  51377-3 0  9992
2 45151  87.8967 358.1644 0001874  98.3954 261.7387 13.11415817325514
0 STARLINK-35053
1 65609U 25207T   26283.44791540  .00021218  00000-0  65768-3 0  9996
2 65609  97.2857 345.6758 0001043  83.2447 276.8914 15.33446186 60486
0 STARLINK-31026
1 58508U 23191A   26283.44789577 -.00001044  00000-0 -28409-4 0  9992
2 58508  43.0021 337.5942 0001450 283.3880  76.6811 15.27583486158230
0 ONEWEB-0599
1 55155U 23004R   26283.44789208  .00000096  00000-0  21363-3 0  9996
2 55155  87.9176 342.9814 0001614  98.2375 261.8939 13.17650837182660
0 FENGYUN 1C DEB
1 30872U 99025AXJ 26283.44785943  .00001968  00000-0  62314-3 0  9993
2 30872  99.1630   2.3298 0041559 221.5354 198.6676 14.40865606 20645
0 STARLINK-35228
1 65517U 25198AB  26283.44778221  .00019075  00000-0  57399-3 0  9993
2 65517  53.1600 348.2765 0002155  86.7272 273.3978 15.34413787 61572
0 STARLINK-32738
1 63046U 25034T   26283.44776025  .00019567  00000-0  58850-3 0  9996
2 63046  53.1605 336.5963 0002150  91.2201 268.9048 15.34411642 92020
0 STARLINK-37481
1 A0032U 26161E   26283.44773650  .00027739  00000-0  82867-3 0  9990
2 A0032  53.1551 264.4067 0001386  83.4449 276.6711 15.34415552 13678
0 STARLINK-31948
1 59941U 24106V   26283.44773550 -.00000160  00000-0  37003-5 0  9993
2 59941  43.0023 196.4272 0001322 266.2453  93.8247 15.27575454133408
0 IRIDIUM 139
1 42963U 17061J   26283.44771629  .00000084  00000-0  22789-4 0  9994
2 42963  86.3999 337.1673 0002143  95.7887 264.3553 14.34217807471360
0 STARLINK-34206
1 66098U 25236N   26283.44762593  .00018900  00000-0  56868-3 0  9992
2 66098  53.1592 182.1853 0001570  89.6841 270.4341 15.34422938 55870
0 STARLINK-11101
1 59715U 24088H   26283.44750784 -.00000318  00000-0  22291-5 0  9993
2 59715  53.1590 347.4993 0000948  69.9324 290.1796 15.69707615140001
0 STARLINK-38410
1 A0633U 26204U   26283.44745911  .00067598  00000-0  11261-2 0  9990
2 A0633  70.0041 182.2023 0002597 274.6822  85.4068 15.51665319  5332
0 STARLINK-5581
1 55373U 23013AU  26283.44736879 -.00002865  00000-0 -94709-4 0  9997
2 55373  43.0039 189.0253 0000830 264.3730  95.7027 15.27551975204304
0 STARLINK-2358
1 47898U 21021AQ  26283.44730722  .00002674  00000-0  97851-4 0  9995
2 47898  53.1614 348.6074 0001227  76.8344 283.2794 15.31713543309105
0 STARLINK-37058
1 68195U 26050AE  26283.44724710  .00026989  00000-0  80655-3 0  9993
2 68195  53.1608 344.2403 0001334  91.1941 268.9215 15.34419534 32074
0 STARLINK-31607
1 59394U 24062W   26283.44719930  .00004699  00000-0  15012-3 0  9992
2 59394  53.1617 334.4547 0001766  80.6249 279.4953 15.34403430142591
0 STARLINK-32459
1 61715U 24196J   26283.44711645  .00000866  00000-0  36769-4 0  9990
2 61715  53.1582 180.4965 0001282  87.6004 272.5145 15.34388091110085
0 STARLINK-33608
1 63425U 25065AC  26283.44710815  .00012187  00000-0  45148-3 0  9993
2 63425  43.0041 334.2250 0000516 273.1968  86.8824 15.27592309 85687
0 STARLINK-30338
1 57718U 23129W   26283.44706836  .00000986  00000-0  45375-4 0  9995
2 57718  43.0033 345.3467 0001819 256.2052 103.8598 15.27579023173529
0 FENGYUN 1C DEB
1 30826U 99025AVL 26283.44705288  .00002684  00000-0  27267-3 0  9990
2 30826  98.8342 156.3621 0139805 116.8139   9.3737 14.84824389 47601
0 STARLINK-36555
1 67497U 26012E   26283.44696033  .00012766  00000-0  47235-3 0  9996
2 67497  43.0028 181.7952 0002269 268.7146  91.3446 15.27597734 40605
0 ONEWEB-0628
1 55169U 23004AF  26283.44692139 -.00000038  00000-0 -14171-3 0  9994
2 55169  87.8946 327.7713 0002488  93.5798 266.5615 13.12442098183156
0 STARLINK-11448
1 63005U 25032A   26283.44691741  .00261745  00000-0  19713-2 0  9991
2 63005  43.0008 340.4899 0002183 255.0593 105.0033 15.70941890 96002
0 STARLINK-32638
1 62424U 24249R   26283.44690875  .00021672  00000-0  79407-3 0  9991
2 62424  43.0017 192.8634 0001855 269.9026  90.1613 15.27608109100528
0 STARLINK-4262
1 53015U 22076AF  26283.44686320 -.00054917  00000-0 -15981-2 0  9999
2 53015  53.1602 188.1415 0001645  88.1082 272.0109 15.34941602235561
0 STARLINK-36394
1 67566U 26016F   26283.44686159  .00010729  00000-0  33413-3 0  9995
2 67566  97.2859 341.7676 0001146  87.0990 273.0384 15.33449672 39778
0 FENGYUN 1C DEB
1 30338U 99025AAZ 26283.44659931  .00002682  00000-0  45095-3 0  9998
2 30338  98.4316 358.7584 0261797 354.6729  64.9487 14.50373804 25154
0 KUIPER-00439
1 68941U 26098Y   26283.44657237  .00002821  00000-0  39879-3 0  9994
2 68941  51.9013 266.0042 0000799  62.0279 298.0764 14.79937948 24586
0 IRIDIUM 914
1 24836U 97030A   26283.44651505  .00000298  00000-0  86074-4 0  9991
2 24836  86.3965 339.2475 0003727  85.2312 274.9314 14.41296925676298
0 ONEWEB-0051
1 45155U 20008AA  26283.44638011  .00000219  00000-0  58270-3 0  9995
2 45155  87.8964 358.1677 0001854 102.4260 257.7075 13.11413803326193
0 STARLINK-11152
1 60194U 24124M   26283.44630161 -.00000887  00000-0 -24662-5 0  9999
2 60194  53.1606 182.6106 0001142  99.4513 260.6634 15.69701235131456
0 STARLINK-31010
1 58519U 23191M   26283.44630023 -.00000351  00000-0 -32297-5 0  9996
2 58519  43.0039 330.7108 0001010 278.6550  81.4187 15.27580912158313
0 STARLINK-35044
1 65536U 25200S   26283.44624610  .00007495  00000-0  23439-3 0  9991
2 65536  97.2868 349.6297 0000528 143.3742 216.7537 15.33428608 61701
0 STARLINK-35985
1 66815U 25278AA  26283.44620255  .00013615  00000-0  50315-3 0  9992
2 66815  43.0011 341.5000 0000659 256.1456 103.9322 15.27594126 49262
0 STARLINK-36211
1 67218U 25304AC  26283.44617402  .00002784  00000-0  24093-3 0  9999
2 67218  70.0024 352.9539 0003641 271.8983  88.1759 14.98342955 46027
0 STARLINK-35570
1 66090U 25236E   26283.44608897  .00015331  00000-0  46387-3 0  9990
2 66090  53.1594 184.3032 0000968  86.9789 273.1324 15.34403922 55859
0 STARLINK-34802
1 65067U 25165M   26283.44606641  .00003600  00000-0  11384-3 0  9994
2 65067  97.2852 354.4014 0001811  90.9769 269.1681 15.33430879 67189
0 STARLINK-32407
1 62172U 24225K   26283.44597788  .00009631  00000-0  33895-3 0  9996
2 62172  70.0020 341.3725 0002083 264.7888  95.3049 15.29592593102081
0 STARLINK-33693
1 63409U 25065L   26283.44583233  .00011123  00000-0  41272-3 0  9990
2 63409  43.0017 334.2840 0001256 272.1359  87.9348 15.27610204 85680
0 GLOBALSTAR M026
1 25873U 99041B   26283.44576929  .00000061  00000-0  46185-2 0  9998
2 25873  51.9982 176.8291 0002633 350.4242 180.3393 11.06842247201666
0 STARLINK-11725
1 64125U 25111C   26283.44576291  .00167562  00000-0  12820-2 0  9999
2 64125  43.0010 119.4626 0001974 260.7136  99.3508 15.70861456 80413
0 KUIPER-00251
1 67156U 25301Z   26283.44575328  .00001507  00000-0  22666-3 0  9993
2 67156  51.9019 188.5134 0001003  78.8114 281.2961 14.79935192 45823
0 IRIDIUM 179
1 56730U 23068W   26283.44570687  .00000700  00000-0  89051-4 0  9996
2 56730  86.6822 346.5572 0002260  93.9093 266.2387 14.80037513183413
0 STARLINK-35140
1 65501U 25198K   26283.44567955  .00031709  00000-0  94463-3 0  9997
2 65501  53.1611 348.2717 0002104  88.0311 272.0933 15.34433041 61579
0 STARLINK-31430
1 59375U 24062B   26283.44565766  .00001196  00000-0  46534-4 0  9990
2 59375  53.1608 336.5822 0000941  96.5405 263.5704 15.34393784142579
0 STARLINK-36482
1 67309U 26002E   26283.44556606  .00015989  00000-0  58882-3 0  9998
2 67309  43.0039 192.3831 0000506 320.6305  39.4510 15.27607201 43924
0 STARLINK-30470
1 57892U 23146B   26283.44556367  .00000944  00000-0  43833-4 0  9990
2 57892  43.0041 181.1014 0001154 265.8710  94.2010 15.27578903169909
0 LEMUR 2 DEVERILL-M-T
1 57391U 23100F   26283.44555157  .00030649  00000-0  64481-3 0  9996
2 57391  99.4350 355.9891 0004939   7.9305 352.2014 15.45260439179010
0 STARLINK-35599
1 66102U 25236S   26283.44552911  .00015509  00000-0  46916-3 0  9994
2 66102  53.1601 182.1709 0001874  96.1104 264.0113 15.34402278 55825
0 STARLINK-32818
1 63036U 25034H   26283.44549266  .00025295  00000-0  82317-3 0  9990
2 63036  53.1588 340.1355 0003720  98.3185 261.8238 15.31732788 91978
0 STARLINK-3137
1 49449U 21104AT  26283.44544156  .00082099  00000-0  86967-3 0  9999
2 49449  53.2074 256.8225 0005385  76.3179 283.8436 15.63432612272308
0 YAOGAN 7
1 36110U 09069A   26283.44531855  .00000401  00000-0  62520-4 0  9995
2 36110  97.9878 168.4901 0025287  30.2130 330.0532 14.78095757906658
0 STARLINK-5555
1 55386U 23013BH  26283.44526711 -.00000764  00000-0 -18266-4 0  9993
2 55386  43.0037 185.5929 0001064 261.6084  98.4647 15.27571958204344
0 STARLINK-4627
1 53711U 22107M   26283.44520136  .00001769  00000-0  63490-4 0  9994
2 53711  53.1608 344.6915 0001123  74.8611 285.2516 15.34399183227172
0 STARLINK-35195
1 65606U 25207Q   26283.44519675  .00020881  00000-0  64719-3 0  9990
2 65606  97.2868 345.6828 0001864  95.1392 265.0064 15.33450747 60647
0 STARLINK-4037
1 52663U 22053H   26283.44510329  .00001019  00000-0  41312-4 0  9999
2 52663  53.1610 262.4913 0001388  76.4920 283.6237 15.34389924243564
0 STARLINK-4170
1 53140U 22083J   26283.44507652 -.00000200  00000-0  51784-5 0  9995
2 53140  53.1586 272.7564 0001208  77.0544 283.0594 15.35399140233878
0 STARLINK-30468
1 57926U 23147P   26283.44502532  .00001133  00000-0  50643-4 0  9992
2 57926  42.9975 195.6571 0000580 346.4669  13.6167 15.27593225169407
0 STARLINK-35107
1 65464U 25195G   26283.44494769  .00027873  00000-0  90574-3 0  9990
2 65464  53.1593 338.5456 0001024  81.3620 278.7498 15.31730245 62907
0 STARLINK-35994
1 66818U 25278AD  26283.44491608  .00024105  00000-0  88203-3 0  9996
2 66818  42.9979 341.4977 0000697 127.9059 232.1856 15.27602561 48050
0 STARLINK-5578
1 55374U 23013AV  26283.44477219  .00000080  00000-0  12411-4 0  9993
2 55374  43.0025 189.0130 0000558 233.9617 126.1184 15.27576171204305
0 STARLINK-5305
1 55314U 23010AX  26283.44474476  .00052141  00000-0  30289-2 0  9992
2 55314  69.9985 181.6692 0003443 268.3795  91.6977 15.11824581206848
0 ONEWEB-0598
1 55154U 23004Q   26283.44468570  .00000342  00000-0  92850-3 0  9994
2 55154  87.8964 358.1680 0001351 120.9206 239.2055 13.11416475181004
0 STARLINK-36794
1 68955U 26099E   26283.44466735  .00026086  00000-0  78016-3 0  9996
2 68955  53.1601 342.7538 0000552  13.7626 346.3392 15.34413916 24968
0 STARLINK-3750
1 52311U 22041BC  26283.44459422  .00050808  00000-0  15168-2 0  9990
2 52311  53.1600 188.8276 0001251  75.1767 284.9374 15.34147392248506
0 STARLINK-4183
1 53014U 22076AE  26283.44457882  .00000384  00000-0  21917-4 0  9992
2 53014  53.1594 185.0852 0001335  91.6465 268.4691 15.35395771235602
0 ONEWEB-0319
1 49105U 21075AG  26283.44451643  .00000031  00000-0  46413-4 0  9992
2 49105  87.9175 342.9852 0002369  94.6467 265.4935 13.17647656248786
0 STARLINK-2763
1 48670U 21044AJ  26283.44449896  .00000351  00000-0  23066-4 0  9995
2 48670  53.1594 184.7389 0001339  94.2693 265.8461 15.31704070296864
0 STARLINK-31182
1 59159U 24044H   26283.44449620  .00001344  00000-0  58369-4 0  9994
2 59159  43.0027 333.8568 0001583 295.2252  64.8436 15.27577585146449
0 STARLINK-36561
1 67537U 26014F   26283.44448973  .00011355  00000-0  35348-3 0  9996
2 67537  97.2848 168.5098 0003467  78.6596 281.5036 15.33442579 41694
0 STARLINK-3737
1 52114U 22029AC  26283.44443486  .00000115  00000-0  14557-4 0  9999
2 52114  53.1584 176.1240 0001246  87.0594 273.0551 15.34388822253465
0 STARLINK-36534
1 67496U 26012D   26283.44440315  .00027428  00000-0  10015-2 0  9991
2 67496  43.0033 181.7776 0001049  32.1388 327.9528 15.27615259 40602
0 STARLINK-2407
1 47822U 21018AM  26283.44425260 -.00001632  00000-0 -40813-4 0  9997
2 47822  53.1611 335.8225 0001439  60.5468 299.5677 15.31700811309460
0 STARLINK-38376
1 A0630U 26204R   26283.44424801  .00051780  00000-0  86515-3 0  9990
2 A0630  70.0038 182.1882 0002625 273.7115  86.3772 15.51659153  5335
0 YAOGAN-30 AD
1 49026U 21065A   26283.44417491  .00001781  00000-0  13151-3 0  9991
2 49026  34.9939 290.3520 0003451  76.2294 283.8798 15.03100512285990
0 STARLINK-35725
1 67565U 26016E   26283.44415028  .00018000  00000-0  55829-3 0  9994
2 67565  97.2858 341.7715 0001359  79.7521 280.3875 15.33460038 39779
0 STARLINK-3336
1 50818U 22001R   26283.44410951 -.00000849  00000-0 -13994-4 0  9999
2 50818  53.1579 268.8244 0001347  82.5109 277.6047 15.34389268263045
0 KUIPER-00198
1 67770U 26030G   26283.44398340  .00000442  00000-0  87024-4 0  9999
2 67770  51.8988 330.9428 0000293  26.5478 333.5499 14.79934078 37157
0 STARLINK-36629
1 67596U 26018H   26283.44395442  .00013680  00000-0  42511-3 0  9990
2 67596  97.2862 346.5680 0001433 103.0219 257.1184 15.33458662 40249
0 FENGYUN 1C DEB
1 30903U 99025AYR 26283.44375848  .00000167  00000-0  14515-3 0  9997
2 30903  99.3343 179.5996 0096228 352.7035   7.2721 13.97723237729197
0 ORBCOMM FM 111
1 40089U 14040D   26283.44370417  .00001700  00000-0  19979-3 0  9997
2 40089  47.0002 191.6829 0028536 338.0654  21.9021 14.89256571661753
0 STARLINK-32835
1 63051U 25034Y   26283.44362371  .00026945  00000-0  80505-3 0  9997
2 63051  53.1603 348.6490 0002532  85.6188 274.5103 15.34426039 91859
0 STARLINK-31644
1 59391U 24062T   26283.44354874 -.00000237  00000-0  41290-5 0  9995
2 59391  53.1610 336.5693 0001147  90.7308 269.3826 15.34404782142573
0 STARLINK-37693
1 A0039U 26161M   26283.44352975  .00022770  00000-0  68284-3 0  9997
2 A0039  53.1569 264.3849 0001233  84.8873 275.2270 15.34407693 13670
0 FENGYUN 1C DEB
1 29777U 99025BT  26283.44345946  .00000051  00000-0  71880-4 0  9991
2 29777  99.2426 345.0225 0093826 113.9545 258.4741 13.92198047  2381
0 STARLINK-2378
1 47916U 21021BJ  26283.44335866  .00039632  00000-0  11687-2 0  9991
2 47916  53.1583 335.4961 0003576  29.5112 330.6092 15.34643225309321
0 STARLINK-34779
1 65058U 25165C   26283.44334291  .00013802  00000-0  42927-3 0  9995
2 65058  97.2858 354.4065 0000959  63.5410 296.5931 15.33430698 67183
0 STARLINK-30137
1 56843U 23079W   26283.44322086  .00000164  00000-0  15490-4 0  9991
2 56843  43.0023 334.0026 0001052 269.4785  90.5946 15.27580596185732
0 STARLINK-30334
1 57719U 23129X   26283.44321138  .00000677  00000-0  34111-4 0  9997
2 57719  43.0043 345.3211 0001679 269.9615  90.1044 15.27587220173373
0 ORBCOMM FM 114
1 41179U 15081A   26283.44314595  .00000297  00000-0  98810-4 0  9991
2 41179  47.0040 177.0395 0002546 354.8560   5.2300 14.58962160574580
0 STARLINK-30463
1 57909U 23146U   26283.44313898  .00001102  00000-0  49563-4 0  9992
2 57909  43.0036 181.9276 0001015 272.3418  87.7317 15.27580483168838
0 ONEWEB-0026
1 45139U 20008J   26283.44312841  .00000280  00000-0  75375-3 0  9990
2 45139  87.8962 358.1667 0001776 105.3928 254.7396 13.11415310326219
0 STARLINK-31273
1 58846U 24017W   26283.44309529  .00001155  00000-0  45337-4 0  9990
2 58846  53.1614 284.1391 0001518  95.8415 264.2761 15.34396376152977
0 STARLINK-4763
1 53805U 22111AJ  26283.44304921 -.00000456  00000-0 -29360-5 0  9998
2 53805  53.1609 349.1041 0001030  73.1461 286.9653 15.31699553226663
0 STARLINK-37003
1 68170U 26050D   26283.44304018  .00029780  00000-0  88842-3 0  9999
2 68170  53.1594 344.2234 0002596  87.8742 272.2558 15.34419744 33639
0 STARLINK-4658
1 53612U 22104AA  26283.44302003  .00000967  00000-0  39748-4 0  9990
2 53612  53.1603 334.6747 0001063  88.5703 271.5421 15.34394350228261
0 STARLINK-4021
1 53149U 22083T   26283.44297909  .00000371  00000-0  22132-4 0  9997
2 53149  53.1598 262.3088 0001262  88.4644 271.6503 15.34392070234028
0 STARLINK-32893
1 62897U 25024U   26283.44294523  .00024818  00000-0  90756-3 0  9992
2 62897  43.0012 192.1954 0001855 268.8985  91.1654 15.27608531 95110
0 STARLINK-32438
1 61722U 24196R   26283.44290390 -.00000117  00000-0  76906-5 0  9995
2 61722  53.1594 180.4740 0001399  96.6529 263.4633 15.34394223110083
0 STARLINK-4137
1 53031U 22076AX  26283.44277229  .00000220  00000-0  17202-4 0  9997
2 53031  53.1590 176.7051 0001202  85.9352 274.1789 15.35403073235729
0 STARLINK-37301
1 68954U 26099D   26283.44257960  .00042462  00000-0  12589-2 0  9991
2 68954  53.1602 342.7527 0001910  73.4289 286.6923 15.34445318 24960
0 STARLINK-31635
1 59511U 24073A   26283.44256718 -.00000525  00000-0 -95494-5 0  9995
2 59511  43.0040 184.8418 0000657 295.2028  64.8756 15.27574428139020
0 STARLINK-30254
1 57533U 23115N   26283.44238643  .00000325  00000-0  21341-4 0  9995
2 57533  43.0033 330.3528 0000936 275.2040  84.8705 15.27583755178208
0 STARLINK-35995
1 66817U 25278AC  26283.44234740  .00016786  00000-0  61788-3 0  9992
2 66817  43.0004 341.4765 0001211 270.4428  89.6285 15.27592048 48051
0 STARLINK-3708
1 52111U 22029Z   26283.44233394 -.00000040  00000-0  99493-5 0  9992
2 52111  53.1585 176.1491 0001240  84.6414 275.4730 15.34390029253466
0 STARLINK-35675
1 67188U 25303AB  26283.44231724  .00014163  00000-0  52302-3 0  9991
2 67188  43.0026 178.3467 0001481 286.4912  73.5777 15.27591753 45571
0 STARLINK-11535
1 62595U 25008J   26283.44221827  .00175089  00000-0  13309-2 0  9991
2 62595  43.0027 271.3113 0005256 274.5777  85.4491 15.70979716100914
0 STARLINK-33834
1 63586U 25076T   26283.44218204  .00016343  00000-0  60190-3 0  9990
2 63586  42.9984 188.9140 0000852 275.6570  84.4184 15.27590593 84674
0 STARLINK-32611
1 61976U 24210T   26283.44189091  .00020165  00000-0  74063-3 0  9992
2 61976  43.0018  47.0021 0001657 288.1426  71.9245 15.27565199107726
0 STARLINK-35571
1 66089U 25236D   26283.44187842  .00012097  00000-0  36853-3 0  9993
2 66089  53.1587 184.2787 0001465  88.6202 271.4968 15.34405091 55851
0 STARLINK-32659
1 62427U 24249U   26283.44178650  .00014918  00000-0  55020-3 0  9996
2 62427  43.0035 181.5763 0002762 268.9930  91.0605 15.27599136100654
0 STARLINK-36573
1 67539U 26014H   26283.44176673  .00025656  00000-0  79448-3 0  9991
2 67539  97.2841 168.5158 0002205  87.9433 272.2063 15.33437631 41698
0 STARLINK-32538
1 62170U 24225H   26283.44175275  .00019705  00000-0  68796-3 0  9998
2 62170  70.0020 341.3600 0002779 275.5148  84.5710 15.29588718102081
0 STARLINK-3333
1 50805U 22001C   26283.44166599  .00028780  00000-0  11761-2 0  9991
2 50805  53.1384 267.2801 0004161  17.6096 342.5045 15.24166709263062
0 STARLINK-30454
1 57915U 23147C   26283.44166499  .00000240  00000-0  18254-4 0  9998
2 57915  43.0051 192.2223 0002157 266.7576  93.3029 15.27584365169443
0 FENGYUN 1C DEB
1 30075U 99025QC  26283.44152176  .00000129  00000-0  12995-3 0  9992
2 30075  99.3199 341.2085 0091672  83.0309 289.1623 13.92624248  2563
0 STARLINK-36777
1 A0626U 26204M   26283.44146273 -.00082988  00000-0 -13976-2 0  9995
2 A0626  70.0010 182.1785 0004589 268.5547  91.5114 15.51757300  5335
0 STARLINK-36588
1 67573U 26016N   26283.44142566  .00011329  00000-0  35267-3 0  9998
2 67573  97.2867 341.7767 0002127  94.4820 265.6666 15.33447290 39774
0 STARLINK-37796
1 A0053U 26161AB  26283.44142521  .00021558  00000-0  64745-3 0  9998
2 A0053  53.1573 264.3718 0001357  81.6894 278.4263 15.34393807 13679
0 STARLINK-5575
1 55381U 23013BC  26283.44140579 -.00000533  00000-0 -98756-5 0  9999
2 55381  43.0036 185.5644 0000644 259.7925 100.2854 15.27571401204342
0 STARLINK-11193
1 60195U 24124N   26283.44139508 -.00000638  00000-0 -40302-6 0  9993
2 60195  53.1603 182.5757 0001393  90.2846 269.8332 15.69703898130262
0 IRIDIUM 136
1 42962U 17061H   26283.44137409  .00000106  00000-0  30673-4 0  9991
2 42962  86.3999 337.1062 0002207  95.7498 264.3950 14.34218100471357
0 STARLINK-35527
1 66092U 25236G   26283.44132216  .00010986  00000-0  33579-3 0  9999
2 66092  53.1628 182.1471 0001893  78.0807 282.0407 15.34402001 55884
0 ONEWEB-0015
1 61594U 24188A   26283.44129749  .00000344  00000-0  93544-3 0  9998
2 61594  87.8953 358.1883 0002317  96.8040 263.3352 13.11414419 99565
0 KUIPER-00214
1 67778U 26030Q   26283.44128945  .00002635  00000-0  37450-3 0  9992
2 67778  51.9023 333.5620 0000332  57.5293 302.5702 14.79936846 37116
0 STARLINK-36640
1 67600U 26018M   26283.44123275  .00011089  00000-0  34520-3 0  9991
2 67600  97.2873 346.5746 0001436  95.7008 264.4399 15.33454051 40243
0 ONEWEB-0623
1 55164U 23004AA  26283.44112864  .00000056  00000-0  11093-3 0  9999
2 55164  87.9172 342.9948 0002689 101.5036 258.6397 13.17650364182767
0 STARLINK-38311
1 A0625U 26204L   26283.44104276  .00049760  00000-0  83185-3 0  9990
2 A0625  70.0015 182.1786 0003186 267.5637  92.5185 15.51653177  5337
0 STARLINK-35716
1 67191U 25303AE  26283.44103260  .00020519  00000-0  75293-3 0  9994
2 67191  43.0063 178.3347 0001965 254.0273 106.0363 15.27586124 45570
0 STARLINK-3301
1 50169U 21125P   26283.44100233  .00001575  00000-0  57765-4 0  9992
2 50169  53.1618 344.7502 0001280  73.5461 286.5682 15.34393840269306
0 STARLINK-3121
1 49428U 21104W   26283.44089170  .00015035  00000-0  76888-3 0  9993
2 49428  53.1616 339.7321 0001325  24.4886 335.6172 15.16858701271124
0 STARLINK-33651
1 63588U 25076V   26283.44089066  .00027001  00000-0  98646-3 0  9994
2 63588  42.9993 188.9038 0002927 266.4187  93.6329 15.27599908 84671
0 STARLINK-31695
1 59376U 24062C   26283.44088737  .00001765  00000-0  63379-4 0  9997
2 59376  53.1606 334.4215 0001373  93.9646 266.1513 15.34397362142561
0 STARLINK-32812
1 63038U 25034K   26283.44082396  .00021323  00000-0  69627-3 0  9995
2 63038  53.1590 340.0977 0002250  95.4250 264.7008 15.31729926 91977
0 STARLINK-32475
1 61728U 24196X   26283.44081383  .00002761  00000-0  92904-4 0  9992
2 61728  53.1595 180.4584 0001677  92.8621 267.2573 15.34374325110082
0 STARLINK-35087
1 65541U 25200X   26283.44080778  .00009294  00000-0  28991-3 0  9995
2 65541  97.2853 349.4899 0001294 101.5134 258.6254 15.33439561 61698
0 STARLINK-32506
1 62167U 24225E   26283.44079475  .00020578  00000-0  70193-3 0  9993
2 62167  70.0033 341.3627 0002692 277.7057  82.3813 15.30331908102086
0 ORBCOMM FM 38
1 33060U 08031A   26283.44068637  .00001093  00000-0  15830-3 0  9996
2 33060  48.4394 182.3733 0004933 312.1754  47.8743 14.83368628986000
0 STARLINK-33535
1 63417U 25065U   26283.44068542  .00013433  00000-0  49670-3 0  9996
2 63417  43.0050 334.1809 0001258 275.9843  84.0865 15.27585136 85688
0 STARLINK-30349
1 57713U 23129R   26283.44064177  .00000063  00000-0  11807-4 0  9994
2 57713  43.0042 345.3001 0001742 271.6749  88.3903 15.27586628173387
0 STARLINK-34793
1 65064U 25165J   26283.44062394  .00009258  00000-0  28866-3 0  9990
2 65064  97.2857 354.4099 0000778  72.1112 288.0215 15.33453102 67186
0 STARLINK-36081
1 67498U 26012F   26283.44052770  .00022518  00000-0  82460-3 0  9996
2 67498  43.0032 181.7533 0004359 263.5448  96.4907 15.27602751 40600
0 KUIPER-00596
1 69281U 26118Q   26283.44047651 -.00000741  00000-0 -68184-4 0  9991
2 69281  51.9004 256.0217 0001032  43.2864 316.8179 14.79927827 21153
0 STARLINK-36760
1 68956U 26099F   26283.44045995  .00022127  00000-0  66353-3 0  9991
2 68956  53.1602 342.7250 0002704  95.1154 265.0158 15.34425086 24960
0 STARLINK-36473
1 67325U 26002W   26283.44039805  .00023130  00000-0  84667-3 0  9990
2 67325  43.0014 192.3407 0003322 264.8178  95.2295 15.27606157 44087
0 STARLINK-37414
1 69176U 26111AE  26283.44030490  .00028994  00000-0  86502-3 0  9991
2 69176  53.1588 332.2469 0001212  92.2347 267.8794 15.34433420 21963
0 STARLINK-35098
1 65476U 25195U   26283.44027984  .00024339  00000-0  79236-3 0  9990
2 65476  53.1604 338.5113 0001725 102.7271 257.3924 15.31747030 62885
0 STARLINK-4120
1 53537U 22101L   26283.44023938  .00000191  00000-0  16781-4 0  9991
2 53537  53.1601 176.2226 0001006  99.2917 260.8200 15.34392917228779
0 STARLINK-5061
1 54847U 22177AD  26283.44016134  .00001500  00000-0  64012-4 0  9994
2 54847  43.0010 337.4870 0001371 269.2431  90.8263 15.27590241210062
0 ONEWEB-0110
1 47260U 20100C   26283.44014269  .00000131  00000-0  32808-3 0  9992
2 47260  87.8948 327.7651 0001646  88.2871 271.8446 13.12442705279848
0 STARLINK-11384
1 62088U 24220A   26283.43989160  .00342456  00000-0  25334-2 0  9998
2 62088  43.0002 189.0033 0004134 282.4952  77.5453 15.71122183108824
0 STARLINK-31001
1 58527U 23191V   26283.43987323  .00000067  00000-0  11973-4 0  9991
2 58527  43.0034 330.6260 0001202 290.5079  69.5644 15.27577038158317
0 STARLINK-5844
1 57068U 23088W   26283.43977841  .00000959  00000-0  44357-4 0  9991
2 57068  43.0050 341.4439 0001593 269.1975  90.8694 15.27581433183136
0 STARLINK-35839
1 67169U 25303G   26283.43974825  .00013889  00000-0  51309-3 0  9995
2 67169  43.0028 178.3351 0001402 285.0758  74.9939 15.27592161 45579
0 STARLINK-33830
1 63587U 25076U   26283.43961959  .00024663  00000-0  90201-3 0  9992
2 63587  43.0006 188.8916 0000945  33.1021 326.9889 15.27607275 84675
0 ONEWEB-0304
1 49092U 21075T   26283.43944951  .00000108  00000-0  24432-3 0  9996
2 49092  87.9176 342.9885 0002052 102.0513 258.0849 13.17648129248758
0 STARLINK-33606
1 63421U 25065Y   26283.43939421  .00004292  00000-0  16540-3 0  9996
2 63421  43.0050 334.1827 0000448 199.0485 161.0350 15.27580328 85684
0 GLOBALSTAR M075
1 37192U 10054E   26283.43936317 -.00000069  00000-0  19387-3 0  9996
2 37192  51.9931 159.2774 0000890  81.9665  89.2478 12.62261182736497
0 STARLINK-35180
1 65462U 25195E   26283.43932365  .00023598  00000-0  70699-3 0  9992
2 65462  53.1618 336.3861 0001564 100.4033 259.7146 15.34416671 62938
0 STARLINK-36396
1 67494U 26012B   26283.43926636  .00021519  00000-0  78856-3 0  9996
2 67494  43.0004 181.7555 0000667 260.4615  99.6161 15.27607978 40602
0 STARLINK-35297
1 66010U 25232F   26283.43922089 -.00002349  00000-0 -58393-4 0  9997
2 66010  53.1603 182.2375 0001850  80.6087 279.5125 15.34398907 56364
0 STARLINK-1551
1 46075U 20055BA  26283.43916785  .00000542  00000-0  29221-4 0  9999
2 46075  53.1596 182.2639 0001418 101.6957 258.4204 15.31704325342136
0 YAOGAN-39 02A
1 57886U 23145A   26283.43916597  .00008638  00000-0  35955-3 0  9999
2 57886  35.0030 195.6800 0004119 277.9847  82.0401 15.23009001170751
0 STARLINK-32902
1 62898U 25024V   26283.43909370  .00022276  00000-0  81593-3 0  9990
2 62898  43.0015 192.1664 0001712 277.0033  83.0624 15.27605752 95119
0 STARLINK-36604
1 68142U 26049A   26283.43905789  .00012010  00000-0  37371-3 0  9996
2 68142  97.2839 303.0589 0001351 123.6635 236.4737 15.33448554 32554
0 STARLINK-5423
1 55670U 23021AU  26283.43905332  .00109226  00000-0  88389-2 0  9999
2 55670  70.0057 342.9388 0007173 249.6047 110.4342 14.99100270201451
0 STARLINK-11299
1 61058U 24164J   26283.43899278  .00001182  00000-0  14621-4 0  9998
2 61058  53.1580 332.9283 0001556  84.5388 275.5808 15.69700451119146
0 STARLINK-37802
1 69318U 26119Y   26283.43886778  .00026762  00000-0  82809-3 0  9991
2 69318  97.2832 307.9569 0000768 108.3731 251.7596 15.33455510 21722
0 ONEWEB-0397
1 50477U 21132J   26283.43884043  .00000056  00000-0  11008-3 0  9991
2 50477  87.9123 312.5489 0002057  88.5134 271.6234 13.18686975236808
0 STARLINK-37061
1 68185U 26050U   26283.43883406  .00025339  00000-0  75815-3 0  9999
2 68185  53.1604 344.1912 0001915  88.6045 271.5177 15.34416563 33633
0 STARLINK-4156
1 53038U 22076BE  26283.43868618 -.00000077  00000-0  88675-5 0  9995
2 53038  53.1592 180.3439 0001068  93.6558 266.4567 15.34388712235676
0 STARLINK-36395
1 67554U 26014Y   26283.43862014  .00018682  00000-0  57955-3 0  9998
2 67554  97.2845 171.4184 0002721  86.3802 273.7752 15.33444639 41874
0 KUIPER-00218
1 67780U 26030S   26283.43857932  .00002593  00000-0  36900-3 0  9991
2 67780  51.8993 335.9615 0000335  48.4619 311.6372 14.79934096 37083
0 STARLINK-36358
1 67598U 26018K   26283.43851740  .00010522  00000-0  32774-3 0  9991
2 67598  97.2878 346.5763 0000384  91.2667 268.8620 15.33449362 40240
0 STARLINK-36000
1 66807U 25278S   26283.43849381  .00022655  00000-0  82960-3 0  9990
2 66807  43.0015 341.4503 0001883 277.6468  82.4170 15.27605508 48050
0 STARLINK-37861
1 69552U 26135G   26283.43844108  .00016805  00000-0  52150-3 0  9993
2 69552  97.2859 310.8065 0001759 107.8062 252.3373 15.33457350 18053
0 STARLINK-31274
1 59078U 24041E   26283.43840935  .00000434  00000-0  25302-4 0  9994
2 59078  43.0033 177.9961 0001151 272.7915  87.2805 15.27577185147117
0 STARLINK-37047
1 68957U 26099G   26283.43835615  .00025437  00000-0  76125-3 0  9992
2 68957  53.1599 342.7290 0001599  96.8102 263.3083 15.34406811 24965
0 YAOGAN-30 F
1 43030U 17075C   26283.43821735  .00002457  00000-0  18048-3 0  9996
2 43030  34.9952 287.4861 0002376 326.0243  34.0313 15.03112674484772
0 FENGYUN 1C DEB
1 29798U 99025CQ  26283.43813775  .00001361  00000-0  89803-3 0  9991
2 29798  99.2929 357.1104 0108942 167.6910 205.8660 14.00634141  1464
0 STARLINK-3735
1 52116U 22029AE  26283.43813391  .00000190  00000-0  16778-4 0  9996
2 52116  53.1605 176.1657 0001529  94.0706 266.0471 15.34389352253462
0 STARLINK-33677
1 63410U 25065M   26283.43812494  .00015242  00000-0  56174-3 0  9998
2 63410  43.0024 334.2277 0002493 114.9942 245.1169 15.27609446 85684
0 STARLINK-35064
1 65531U 25200M   26283.43808813  .00005318  00000-0  16698-3 0  9995
2 65531  97.2864 349.4920 0001156  95.5080 264.6295 15.33434806 61692
0 ONEWEB-0092
1 45437U 20020P   26283.43804162  .00000478  00000-0  13131-2 0  9996
2 45437  87.8970 358.1673 0001701  94.7330 265.3992 13.11414926317898
0 STARLINK-37763
1 69217U 26115G   26283.43800437  .00019443  00000-0  60295-3 0  9996
2 69217  97.2820 299.2046 0001127  95.1956 264.9416 15.33449615 22347
0 STARLINK-3294
1 50829U 22001AC  26283.43796074  .00000290  00000-0  19222-4 0  9991
2 50829  53.1590 268.7505 0001366  94.0500 266.0659 15.35404689263040
0 STARLINK-36531
1 67513U 26012W   26283.43795870  .00015222  00000-0  56120-3 0  9996
2 67513  43.0023 181.7147 0003161 266.0529  93.9962 15.27598471 40603
0 STARLINK-34739
1 65066U 25165L   26283.43790102  .00028902  00000-0  89398-3 0  9990
2 65066  97.2863 354.2687 0000591  92.6779 267.4532 15.33451741 67174
0 STARLINK-37879
1 69490U 26131N   26283.43781606  .00010321  00000-0  32157-3 0  9995
2 69490  97.2837 304.0264 0000678 101.4405 258.6914 15.33444799 19959
0 STARLINK-5865
1 57053U 23088F   26283.43768458  .00001955  00000-0  80518-4 0  9993
2 57053  43.0012 338.0182 0001396 265.4549  94.6144 15.27591184183172
0 STARLINK-35596
1 66086U 25236A   26283.43766952  .00019811  00000-0  59569-3 0  9994
2 66086  53.1587 184.2546 0001244  70.9809 289.1328 15.34411833 55850
0 STARLINK-35361
1 65667U 25211R   26283.43763923  .00015794  00000-0  49051-3 0  9997
2 65667  97.2832 323.3042 0000694  55.3927 304.7381 15.33445140 59572
0 FENGYUN 1C DEB
1 32178U 99025CTY 26283.43761558  .00001482  00000-0  63887-3 0  9996
2 32178 100.2863 340.9315 0093542 212.1992 147.3448 14.24176861682969
0 STARLINK-5576
1 55382U 23013BD  26283.43755376 -.00000676  00000-0 -15051-4 0  9990
2 55382  43.0036 185.5411 0000910 255.5514 104.5237 15.27575617204344
0 STARLINK-3896
1 52456U 22049F   26283.43752434 -.00000118  00000-0  79600-5 0  9990
2 52456  53.1606 175.0738 0001398  93.3013 266.8148 15.31703047244664
0 YAOGAN 2 DEB
1 38263U 07019C   26283.43737380  .00001494  00000-0  41342-3 0  9990
2 38263  97.8902 160.5548 0196229  28.3193 332.8498 14.37268709  4517
0 STARLINK-34867
1 65459U 25195B   26283.43722107  .00030130  00000-0  89843-3 0  9990
2 65459  53.1601 336.3696 0001086  91.3033 268.8094 15.34430693 62932
0 STARLINK-37743
1 69339U 26122L   26283.43720193  .00013400  00000-0  41657-3 0  9997
2 69339  97.2838 311.7530 0000756  90.4184 269.7146 15.33451638 19850
0 STARLINK-36198
1 67167U 25303E   26283.43717828  .00019175  00000-0  70414-3 0  9993
2 67167  43.0039 178.3131 0001724 263.3414  96.7241 15.27596717 45579
0 STARLINK-5705
1 55472U 23015Z   26283.43707714 -.00001435  00000-0 -42628-4 0  9999
2 55472  43.0007 189.0127 0000877 262.8109  97.2643 15.27578592203644
0 STARLINK-11397
1 62590U 25008D   26283.43691639  .00235308  00000-0  17792-2 0  9998
2 62590  42.9998 271.2692 0003570 273.7451  86.3009 15.70926395101003
0 STARLINK-33531
1 63399U 25065A   26283.43684063  .00024255  00000-0  88749-3 0  9990
2 63399  43.0018 334.2293 0001197 278.4478  81.6238 15.27600487 85687
0 STARLINK-36720
1 67655U 26022H   26283.43677566  .00017572  00000-0  54521-3 0  9998
2 67655  97.2851 314.7330 0000499 138.1865 221.9416 15.33453541 38480
0 STARLINK-3282
1 50177U 21125X   26283.43677254 -.00000402  00000-0 -75733-6 0  9999
2 50177  53.1599 344.5213 0001160  70.1600 289.9528 15.34393601269306
0 STARLINK-4647
1 53608U 22104W   26283.43673361 -.00000698  00000-0 -95355-5 0  9992
2 53608  53.1609 334.6399 0001411  88.2541 271.8623 15.34383991228265
0 STARLINK-1133
1 45064U 20006W   26283.43670964  .00015160  00000-0  32343-3 0  9998
2 45064  53.1538 330.4887 0004346  22.3477 337.7719 15.45114622369894
0 IRIDIUM 169
1 43926U 19002E   26283.43659848  .00000223  00000-0  66299-4 0  9997
2 43926  86.4252 337.0427 0001865  89.4778 270.6634 14.38608633406798
0 STARLINK-38055
1 69704U 26147A   26283.43658686  .00017668  00000-0  54823-3 0  9996
2 69704  97.2841 319.4267 0000530  85.5462 274.5841 15.33449784 17286
0 STARLINK-11553
1 63006U 25032B   26283.43642570  .00206753  00000-0  15644-2 0  9994
2 63006  42.9995 341.2994 0001418 214.8057 145.2718 15.71001154 95982
0 STARLINK-4367
1 53229U 22084AS  26283.43641602  .00000106  00000-0  56013-5 0  9991
2 53229  97.2827 338.9113 0001535  89.9046 270.2373 15.33441039231807
0 STARLINK-36585
1 67540U 26014J   26283.43632440  .00015327  00000-0  47612-3 0  9993
2 67540  97.2836 168.5202 0001907  94.2751 265.8709 15.33443799 41693
0 STARLINK-31020
1 58509U 23191B   26283.43631120  .00002557  00000-0  10236-3 0  9998
2 58509  43.0028 337.5067 0001373 268.1062  91.9633 15.27596844158237
0 STARLINK-36242
1 68958U 26099H   26283.43624944  .00023262  00000-0  69713-3 0  9993
2 68958  53.1596 342.6965 0002378  88.4066 271.7209 15.34414929 24965
0 STARLINK-3289
1 50173U 21125T   26283.43619284  .00019489  00000-0  96997-3 0  9999
2 50173  53.2138 347.0194 0000680  50.8407 309.2649 15.17628584269283
0 STARLINK-34962
1 65248U 25179P   26283.43615759  .00015862  00000-0  49239-3 0  9992
2 65248  97.2841 322.4069 0000607 150.6769 209.4508 15.33460118 64371
0 STARLINK-3261
1 50193U 21125AP  26283.43615292  .00000814  00000-0  37988-4 0  9994
2 50193  53.1616 340.0250 0001294  67.3508 292.7630 15.31706582269409
0 STARLINK-37472
1 69172U 26111AA  26283.43610090  .00017356  00000-0  52354-3 0  9994
2 69172  53.1594 332.2314 0001305 116.3634 243.7502 15.34404023 21962
0 ONEWEB-0309
1 49095U 21075W   26283.43608051  .00000054  00000-0  10649-3 0  9992
2 49095  87.9175 342.9818 0001714 113.2214 246.9098 13.17648931248755
0 STARLINK-30983
1 58514U 23191G   26283.43603048  .00000069  00000-0  12032-4 0  9995
2 58514  43.0019 330.6923 0001540 290.3388  69.7298 15.27578462157967
0 STARLINK-36609
1 67582U 26016X   26283.43601212  .00020697  00000-0  64181-3 0  9990
2 67582  97.2854 341.7835 0001521  95.0858 265.0558 15.33436846 39770
0 STARLINK-5773
1 57074U 23088AC  26283.43592582 -.00000306  00000-0 -15758-5 0  9995
2 57074  43.0048 341.4149 0001433 268.1970  91.8718 15.27581569183133
0 KUIPER-00209
1 67776U 26030N   26283.43590108  .00002667  00000-0  37868-3 0  9991
2 67776  51.9006 338.5911 0000260  42.7571 317.3411 14.79932649 37048
0 STARLINK-35889
1 67189U 25303AC  26283.43590014  .00024329  00000-0  88986-3 0  9993
2 67189  43.0033 178.2963 0000884  34.3742 325.7167 15.27611948 45571
0 STARLINK-32772
1 63033U 25034E   26283.43573275  .00018287  00000-0  59921-3 0  9991
2 63033  53.1610 339.3650 0003192  90.8428 269.2939 15.31719646 91988
0 STARLINK-3267
1 50197U 21125AT  26283.43562754  .00001196  00000-0  46526-4 0  9994
2 50197  53.1615 340.2085 0001272  86.8895 273.2253 15.34397568269409
0 STARLINK-35531
1 66112U 25236AC  26283.43556634  .00013908  00000-0  42183-3 0  9993
2 66112  53.1577 184.2367 0001343  80.6688 279.4466 15.34412616 55858
0 STARLINK-33708
1 63405U 25065G   26283.43555716  .00014219  00000-0  52511-3 0  9997
2 63405  42.9993 334.2109 0001435 286.1742  73.8952 15.27587551 85688
0 ONEWEB-0417
1 50492U 21132Z   26283.43546446  .00000126  00000-0  28652-3 0  9991
2 50492  87.9129 312.5482 0002117  97.0620 263.0753 13.18685015236799
0 STARLINK-30482
1 57907U 23146S   26283.43543511 -.00000404  00000-0 -51399-5 0  9993
2 57907  43.0037 181.8746 0001269 269.9962  90.0744 15.27575131168841
0 STARLINK-35052
1 65540U 25200W   26283.43537034  .00018968  00000-0  58857-3 0  9997
2 65540  97.2862 349.4971 0000731 158.5717 201.5556 15.33435184 61613
0 STARLINK-4675
1 53601U 22104P   26283.43536048 -.00000541  00000-0 -46004-5 0  9999
2 53601  53.1618 340.3975 0001492  62.9586 297.1569 15.35412992228309
0 STARLINK-2707
1 48669U 21044AH  26283.43515831  .00003086  00000-0  11114-3 0  9993
2 48669  53.1596 184.6587 0001214  92.2931 267.8209 15.31709719296865
0 STARLINK-34924
1 65469U 25195M   26283.43511621  .00020618  00000-0  61926-3 0  9990
2 65469  53.1594 336.3531 0003533  94.0049 266.1357 15.34417817 62934
0 FENGYUN 1C DEB
1 30477U 99025AGQ 26283.43506644  .00001419  00000-0  20743-2 0  9992
2 30477  99.4188 343.5297 0429610 272.0834  97.5203 13.24450377947128
0 STARLINK-2391
1 47810U 21018Z   26283.43499303 -.00000405  00000-0 -12612-5 0  9996
2 47810  53.1585 336.2914 0001585  72.2260 287.8914 15.31700149309502
0 STARLINK-31509
1 59533U 24073Y   26283.43498685 -.00000467  00000-0 -74126-5 0  9993
2 59533  43.0066 185.6450 0003600 263.6240  96.4202 15.27580055139012
0 FENGYUN 1C DEB
1 30012U 99025MM  26283.43489630  .00000192  00000-0  19150-3 0  9990
2 30012  99.4228 344.0373 0136881  63.0697 311.5171 13.85927110997274
0 STARLINK-2423
1 47833U 21018AY  26283.43473405  .00000182  00000-0  17614-4 0  9992
2 47833  53.1594 336.8929 0000853  77.2546 282.8550 15.31705333309486
0 STARLINK-32706
1 62308U 24239H   26283.43470508  .00020617  00000-0  61994-3 0  9999
2 62308  53.1597 272.8155 0000940  93.3697 266.7413 15.34385184102319
0 STARLINK-36038
1 66804U 25278P   26283.43463789  .00025704  00000-0  93961-3 0  9992
2 66804  43.0026 341.4265 0001065 275.5229  84.5501 15.27604815 48059
0 STARLINK-31649
1 59390U 24062S   26283.43457281  .00002037  00000-0  71419-4 0  9993
2 59390  53.1597 334.3765 0001357  91.6221 268.4938 15.34400104142601
0 STARLINK-1168
1 45072U 20006AE  26283.43451355  .00048656  00000-0  98209-3 0  9997
2 45072  53.1526 330.1839 0004071  23.0385 337.0805 15.46052831369898
0 FENGYUN 1C DEB
1 30464U 99025AGB 26283.43447164  .00000158  00000-0  10669-3 0  9995
2 30464  98.7943 332.8351 0110088 125.5665 248.1875 14.10331718 13123
0 ONEWEB-0629
1 55170U 23004AG  26283.43439607 -.00000861  00000-0 -22513-2 0  9996
2 55170  87.9180 342.9780 0002072  89.3575 270.7794 13.17657316182764
0 STARLINK-35261
1 65595U 25207D   26283.43432000  .00015347  00000-0  47668-3 0  9997
2 65595  97.2844 345.6937 0001610  91.0880 269.0547 15.33448626 60648
0 STARLINK-33670
1 63413U 25065Q   26283.43426601  .00017112  00000-0  62915-3 0  9990
2 63413  42.9967 334.1637 0001185  99.1055 260.9931 15.27619372 85687
0 STARLINK-37033
1 68959U 26099J   26283.43415020  .00019627  00000-0  59038-3 0  9996
2 68959  53.1608 342.7026 0000998  68.8286 291.2824 15.34406024 24968
0 STARLINK-11154
1 61059U 24164K   26283.43408780  .00000550  00000-0  94000-5 0  9991
2 61059  53.1594 332.8957 0001246  78.4691 281.6467 15.69704019119147
0 STARLINK-1810
1 46709U 20073AR  26283.43395573  .01211398  98280-3  10702-2 0  9995
2 46709  53.0183 251.5517 0005820  87.5848 272.5852 16.12527275330970
0 STARLINK-5824
1 57067U 23088V   26283.43384429  .00000133  00000-0  14358-4 0  9996
2 57067  43.0040 337.9763 0001560 266.8601  93.2073 15.27577547183171
0 FENGYUN 1C DEB
1 36682U 99025DZC 26283.43378641  .00000722  00000-0  70551-3 0  9999
2 36682  98.4596 156.9352 0230721 190.4870 169.1422 13.70819384655255
0 STARLINK-5569
1 55379U 23013BA  26283.43369803  .00000030  00000-0  10592-4 0  9999
2 55379  43.0028 185.5079 0000651 243.2053 116.8732 15.27576322204345
0 STARLINK-4335
1 53215U 22084AC  26283.43369651 -.00000813  00000-0 -22865-4 0  9991
2 53215  97.2830 338.8201 0001469  84.9322 275.2089 15.33444775232328
0 STARLINK-34884
1 66287U 25247Y   26283.43361444  .00024660  00000-0  73852-3 0  9995
2 66287  53.1593 268.8895 0001426  85.8275 274.2891 15.34402301 53982
0 STARLINK-11599
1 63670U 25085G   26283.43353556  .00228793  00000-0  17255-2 0  9990
2 63670  42.9997  64.1731 0003227 327.5589  32.5080 15.71007700 84018
0 STARLINK-2523
1 48306U 21036AG  26283.43347634  .00000471  00000-0  26943-4 0  9998
2 48306  53.1606 179.6080 0001325  93.9435 266.1717 15.31706781300966
0 STARLINK-35461
1 66088U 25236C   26283.43346220  .00026292  00000-0  78618-3 0  9995
2 66088  53.1586 184.2252 0001193  83.5274 276.5864 15.34414766 55790
0 ONEWEB-0129
1 47275U 20100T   26283.43336774  .00000313  00000-0  83386-3 0  9994
2 47275  87.8946 327.7788 0001678 134.7880 225.3385 13.12443058279797
0 STARLINK-36571
1 67579U 26016U   26283.43327763  .00018579  00000-0  57668-3 0  9990
2 67579  97.2859 341.7877 0001269  77.5374 282.6011 15.33429384 39772
0 STARLINK-31265
1 59074U 24041A   26283.43327033  .00002451  00000-0  98562-4 0  9998
2 59074  43.0030 177.9589 0000829 289.1625  70.9137 15.27572081147114
0 STARLINK-32692
1 62422U 24249P   26283.43325552  .00022089  00000-0  80916-3 0  9995
2 62422  43.0000 189.2755 0001582 269.5862  90.4808 15.27606608100568
0 STARLINK-34003
1 63882U 25094U   26283.43324909  .00018714  00000-0  40102-3 0  9993
2 63882  70.0022 344.6829 0002789 268.8652  91.2211 15.44766837 81072
0 KUIPER-00050
1 64510U 25134L   26283.43318052  .00002095  00000-0  30366-3 0  9995
2 64510  51.9005 340.9597 0000359  56.6821 303.4175 14.79934171 72198
0 STARLINK-34850
1 65460U 25195C   26283.43301279  .00027237  00000-0  81382-3 0  9999
2 65460  53.1614 336.3432 0001565  95.8730 264.2451 15.34419785 62937
0 STARLINK-35326
1 66031U 25232AC  26283.43291362  .00022610  00000-0  67797-3 0  9991
2 66031  53.1604 182.1843 0001427  81.9651 278.1514 15.34415108 56379
0 STARLINK-36557
1 67500U 26012H   26283.43283335  .00024912  00000-0  91089-3 0  9999
2 67500  43.0003 181.6832 0000761   6.5264 353.5598 15.27610738 40604
0 STARLINK-32441
1 61668U 24193H   26283.43282727  .00000372  00000-0  22139-4 0  9995
2 61668  53.1594 172.2107 0001397  68.7085 291.4067 15.34396571109429
0 ONEWEB-0305
1 49093U 21075U   26283.43270772  .00000082  00000-0  17703-3 0  9994
2 49093  87.9176 342.9826 0002276 103.7931 256.3454 13.17647712248787
0 STARLINK-35187
1 65521U 25200B   26283.43265397  .00009932  00000-0  30957-3 0  9998
2 65521  97.2859 349.5008 0001312  91.6649 268.4744 15.33444894 61694
0 STARLINK-37071
1 68190U 26050Z   26283.43260941  .00026136  00000-0  78128-3 0  9994
2 68190  53.1609 344.8601 0001952  88.0612 272.0614 15.34428247 33624
0 STARLINK-31705
1 59382U 24062J   26283.43245423  .00002954  00000-0  98518-4 0  9994
2 59382  53.1648 334.3679 0001826  98.2344 261.8865 15.34410729142568
0 KUIPER-00446
1 68944U 26098AB  26283.43237668  .00002913  00000-0  41084-3 0  9991
2 68944  51.8982 263.5590 0001240   8.1236 351.9746 14.79940691 24611
0 STARLINK-30464
1 57908U 23146T   26283.43236921 -.00000016  00000-0  89395-5 0  9993
2 57908  43.0025 185.2476 0001045 269.8578  90.2154 15.27575491168791
0 STARLINK-31009
1 58530U 23191Y   26283.43217984  .00002135  00000-0  87095-4 0  9990
2 58530  43.0021 330.6575 0000813 271.2828  88.7931 15.27574207158330
0 STARLINK-32429
1 61682U 24193X   26283.43213698  .00002597  00000-0  95409-4 0  9993
2 61682  53.1594 172.1935 0001612  92.6664 267.4522 15.31707025109428
0 STARLINK-5830
1 57065U 23088T   26283.43206350  .00000010  00000-0  98984-5 0  9992
2 57065  43.0053 341.3568 0001638 278.1372  81.9294 15.27579846182152
0 STARLINK-35762
1 67172U 25303K   26283.43204617  .00026107  00000-0  95390-3 0  9999
2 67172  43.0033 178.2770 0000486  18.6858 341.4011 15.27614227 45576
0 STARLINK-36978
1 68960U 26099K   26283.43204439  .00033560  00000-0  99908-3 0  9990
2 68960  53.1604 342.6899 0002303  83.5309 276.5955 15.34426203 24967
0 STARLINK-3743
1 52118U 22029AG  26283.43182950 -.00000427  00000-0 -14924-5 0  9995
2 52118  53.1592 176.2054 0001248  84.6958 275.4187 15.34388417253462
0 STARLINK-35244
1 65829U 25221G   26283.43179986  .00015108  00000-0  49734-3 0  9995
2 65829  53.1595 172.1918 0002017  77.3899 282.7328 15.31718181 58902
0 STARLINK-33676
1 63403U 25065E   26283.43170266  .00012669  00000-0  46895-3 0  9993
2 63403  42.9999 334.1865 0001170 269.1057  90.9661 15.27591944 85684
0 ONEWEB-0127
1 47273U 20100R   26283.43166541  .00000438  00000-0  11825-2 0  9991
2 47273  87.8947 327.7817 0001795 102.2282 257.9048 13.12443867279846
0 STARLINK-35178
1 65610U 25207U   26283.43160050  .00009798  00000-0  30554-3 0  9997
2 65610  97.2859 345.6939 0000849 100.7325 259.4014 15.33434441 60641
0 STARLINK-11187
1 60184U 24124B   26283.43158181 -.00000413  00000-0  14431-5 0  9991
2 60184  53.1582 182.5163 0000711 122.0454 238.0633 15.69704596130267
0 STARLINK-32680
1 62423U 24249Q   26283.43152700  .00034270  00000-0  12476-2 0  9999
2 62423  43.0022 181.4989 0001919 284.2642  75.7996 15.27618309100655
0 STARLINK-32590
1 63047U 25034U   26283.43149247  .00027828  00000-0  90427-3 0  9991
2 63047  53.1616 340.0421 0003021  89.9050 270.2297 15.31730211 91963
0 STARLINK-35574
1 66111U 25236AB  26283.43138161  .00021329  00000-0  64155-3 0  9992
2 66111  53.1568 184.2125 0001393 118.0326 242.0818 15.34352408 55791
0 STARLINK-5456
1 55667U 23021AR  26283.43128320  .00001717  00000-0  15162-3 0  9995
2 55667  70.0005 342.9029 0003152 269.7278  90.3520 14.98337945201447
0 FENGYUN 1C DEB
1 31319U 99025BPX 26283.43127838  .00000093  00000-0  12311-3 0  9992
2 31319  98.7932 164.9312 0170039   2.0610 173.3125 13.75917619978366
0 STARLINK-31404
1 59521U 24073L   26283.43115690 -.00000986  00000-0 -26300-4 0  9998
2 59521  43.0027 185.6027 0001623 261.7318  98.3349 15.27571690139012
0 STARLINK-11578
1 63014U 25032K   26283.43111629  .00309042  00000-0  23025-2 0  9996
2 63014  43.0012 341.2532 0002622 261.0821  98.9750 15.71055718 95932
0 STARLINK-3661
1 52129U 22029AT  26283.43103955 -.00001236  00000-0 -51727-4 0  9995
2 52129  53.1620 182.2688 0002013  92.0158 268.1066 15.13416532253385
0 STARLINK-2399
1 47816U 21018AF  26283.43099244  .00000617  00000-0  31636-4 0  9991
2 47816  53.1617 338.7812 0001188  90.5078 269.6059 15.31699298309394
0 STARLINK-32776
1 63032U 25034D   26283.43092691  .00030813  00000-0  91852-3 0  9996
2 63032  53.1605 336.4936 0002310  92.0575 268.0692 15.34427281 92027
0 STARLINK-36574
1 67535U 26014D   26283.43089213  .00030163  00000-0  93322-3 0  9995
2 67535  97.2841 168.5289 0002592  89.4102 270.7438 15.33431721 41691
0 KUIPER-00248
1 67153U 25301W   26283.43086564  .00002611  00000-0  37131-3 0  9998
2 67153  51.8982 171.1132 0001002  92.4447 267.6630 14.79935217 46048
0 STARLINK-34849
1 66005U 25232A   26283.43081393  .00021058  00000-0  63238-3 0  9994
2 66005  53.1596 182.1923 0001634  73.1754 286.9428 15.34412561 56366
0 STARLINK-35990
1 66792U 25278B   26283.43078766  .00012024  00000-0  44544-3 0  9999
2 66792  43.0032 341.3940 0001885 269.2603  90.8033 15.27601962 48057
0 STARLINK-34222
1 64191U 25113X   26283.43072197  .00013526  00000-0  41067-3 0  9995
2 64191  53.1598 172.2076 0001476  93.5855 266.5316 15.34404109 77927
0 STARLINK-31295
1 59095U 24041X   26283.43068749 -.00007478  00000-0 -26216-3 0  9999
2 59095  43.0040 177.9354 0001303 294.2472  65.8243 15.27618676147115
0 STARLINK-36590
1 67577U 26016S   26283.43054533  .00013713  00000-0  42621-3 0  9998
2 67577  97.2857 341.7909 0001441 102.9810 257.1594 15.33452593 39775
0 STARLINK-31322
1 59168U 24044S   26283.43049074  .00015076  00000-0  55599-3 0  9990
2 59168  42.9997 334.6050 0001079 277.9293  82.1437 15.27594469146433
0 FENGYUN 1C DEB
1 30696U 99025ARE 26283.43048248  .00001728  00000-0  47435-3 0  9997
2 30696  98.3570 333.4366 0085661 290.7551  80.8867 14.46212195 26506
0 STARLINK-2667
1 48663U 21044AB  26283.43047532  .00001698  00000-0  66452-4 0  9998
2 48663  53.1597 184.4902 0001352  98.3595 261.7560 15.31707859296872
0 STARLINK-4615
1 53620U 22104AJ  26283.43039573 -.00000089  00000-0  84973-5 0  9994
2 53620  53.1602 334.5951 0001013  84.9327 275.1791 15.34396381228370
0 STARLINK-36376
1 67590U 26018B   26283.43035660  .00013945  00000-0  43334-3 0  9994
2 67590  97.2867 346.5863 0001725 109.2964 250.8465 15.33454896 40247
0 STARLINK-2419
1 47830U 21018AV  26283.43031197 -.00000251  00000-0  36983-5 0  9996
2 47830  53.1620 336.2231 0002397  95.6970 264.4305 15.31706853309441
0 STARLINK-36543
1 67515U 26012Y   26283.43027866  .00014660  00000-0  54129-3 0  9993
2 67515  42.9997 181.6641 0000920 273.0938  86.9808 15.27573405 40604
0 STARLINK-32322
1 61720U 24196P   26283.43027431 -.00007043  00000-0 -19764-3 0  9999
2 61720  53.1569 180.3998 0000959  74.8122 285.2986 15.34380475110082
0 STARLINK-4155
1 53036U 22076BC  26283.43027231  .00000051  00000-0  12372-4 0  9992
2 53036  53.1608 181.6267 0001358  94.2629 265.8529 15.35398446235658
0 STARLINK-1304
1 45376U 20019S   26283.43009571  .00086831  00000-0  51675-3 0  9990
2 45376  53.0321 177.1170 0004959 117.5702 242.5821 15.77246999363572
0 ONEWEB-0310
1 49096U 21075X   26283.42998297  .00000477  00000-0  12910-2 0  9997
2 49096  87.8938 327.7941 0001844  97.0162 263.1177 13.12443315250302
0 STARLINK-36965
1 68961U 26099L   26283.42993940  .00017949  00000-0  54117-3 0  9998
2 68961  53.1631 342.6772 0000830  55.4721 304.6360 15.34395240 24966
0 STARLINK-34674
1 65526U 25200G   26283.42993294  .00013631  00000-0  42381-3 0  9991
2 65526  97.2840 349.5030 0001521 122.6548 237.4841 15.33443256 61706
0 STARLINK-36751
1 67729U 26026J   26283.42992315  .00018816  00000-0  58359-3 0  9990
2 67729  97.2843 334.9593 0001583  93.6751 266.4673 15.33450711 37037
0 STARLINK-33645
1 63412U 25065P   26283.42991807  .00023087  00000-0  84524-3 0  9991
2 63412  43.0015 337.5567 0000563 122.5681 237.5226 15.27603820 85640
0 FENGYUN 1C DEB
1 30123U 99025SC  26283.42989307  .00001606  00000-0  50986-3 0  9991
2 30123  96.9161 166.7009 0223233 243.5911 114.2211 14.27747563 15488
0 STARLINK-5537
1 55384U 23013BF  26283.42984132 -.00000350  00000-0 -31982-5 0  9996
2 55384  43.0026 185.4833 0001353 242.4828 117.5886 15.27575978204341
0 STARLINK-30186
1 57470U 23107P   26283.42979450  .00116845  00000-0  78832-3 0  9993
2 57470  42.9975 177.3977 0003010 240.8795 119.1773 15.73986841178288
0 STARLINK-37395
1 69148U 26111A   26283.42978546  .00028802  00000-0  85949-3 0  9993
2 69148  53.1597 332.1879 0000983  75.7500 284.3611 15.34429619 21964
0 STARLINK-1566
1 46079U 20055BE  26283.42977619  .00001770  00000-0  68774-4 0  9995
2 46079  53.1590 181.7391 0001198  94.6485 265.4653 15.31704281342143
0 STARLINK-3733
1 52137U 22029BB  26283.42972902  .00000440  00000-0  24162-4 0  9996
2 52137  53.1596 176.1998 0001271  93.8124 266.3024 15.34389531253474
0 STARLINK-34570
1 64860U 25152U   26283.42958019  .00015695  00000-0  48693-3 0  9997
2 64860  97.2810 133.6471 0003006  77.9435 282.2145 15.33476745 67879
0 FENGYUN 1C DEB
1 30886U 99025AXY 26283.42954944  .00002355  00000-0  10323-2 0  9998
2 30886  99.1950 195.2834 0032347 257.9838 101.7713 14.24438861  6853
0 STARLINK-4427
1 53210U 22084X   26283.42949492  .00001180  00000-0  38879-4 0  9990
2 53210  97.2835 337.9446 0001258 100.7190 259.4194 15.33441093232281
0 STARLINK-35863
1 67170U 25303H   26283.42946634  .00017275  00000-0  63551-3 0  9998
2 67170  43.0026 178.2554 0001725 269.8509  90.2145 15.27595711 45579
0 STARLINK-2457
1 48321U 21036AX  26283.42942687  .00001529  00000-0  61033-4 0  9997
2 48321  53.1597 181.6691 0001234  95.5362 264.5780 15.31704500300946
0 STARLINK-32614
1 62428U 24249V   26283.42940391  .00023360  00000-0  85514-3 0  9996
2 62428  43.0004 189.2583 0002103 272.8588  87.2023 15.27602088100560
0 GLOBALSTAR M019
1 25677U 99019B   26283.42939259 -.00000235  00000-0 -15166-2 0  9992
2 25677  51.9864 180.6196 0001017 161.2038  11.0801 12.13886240243468
0 STARLINK-4673
1 53589U 22104B   26283.42933831  .00000437  00000-0  24055-4 0  9997
2 53589  53.1610 340.3631 0000595  87.5382 272.5689 15.34393723228630
0 ONEWEB-0314
1 49100U 21075AB  26283.42932321 -.00000006  00000-0 -48776-4 0  9990
2 49100  87.9182 342.9834 0002141 107.7140 252.4226 13.17647567248747
0 STARLINK-5133
1 53980U 22125S   26283.42930041  .00000926  00000-0  38530-4 0  9991
2 53980  53.1610 328.5273 0001118  68.1391 291.9731 15.34393622221894
0 STARLINK-35500
1 66093U 25236H   26283.42925941  .00018888  00000-0  56872-3 0  9993
2 66093  53.1579 184.2017 0002203  81.2182 278.9070 15.34400338 55855
0 STARLINK-3259
1 50192U 21125AN  26283.42922826  .00017492  00000-0  53278-3 0  9995
2 50192  53.1611 340.7990 0001744  42.2670 317.8467 15.34091032269343
0 STARLINK-4157
1 53035U 22076BB  26283.42919574  .00000161  00000-0  15525-4 0  9995
2 53035  53.1611 181.5769 0001355  90.0417 270.0742 15.35396417235654
0 STARLINK-11297
1 61060U 24164L   26283.42918293  .00002208  00000-0  23089-4 0  9997
2 61060  53.1559 332.8629 0001346  79.5343 280.5827 15.69696919119140
0 STARLINK-33649
1 63416U 25065T   26283.42912124  .00007116  00000-0  26781-3 0  9996
2 63416  43.0000 334.1028 0000963 270.1275  89.9467 15.27587569 85687
0 STARLINK-36433
1 67501U 26012J   26283.42896958  .00017287  00000-0  63590-3 0  9993
2 67501  43.0010 181.6517 0001969 271.3760  88.6866 15.27596869 40609
0 STARLINK-35269
1 65593U 25207B   26283.42889390 -.00000117  00000-0 -12897-5 0  9991
2 65593  97.2856 345.6978 0002363 101.1124 259.0385 15.33417577 60633
0 STARLINK-2524
1 48304U 21036AE  26283.42880220  .00000772  00000-0  36630-4 0  9996
2 48304  53.1597 179.5117 0001500  91.1516 268.9657 15.31702428300965
0 STARLINK-35040
1 65480U 25195Y   26283.42879939  .00032456  00000-0  96648-3 0  9993
2 65480  53.1606 336.2859 0001385  93.8053 266.3108 15.34435706 62919
0 STARLINK-35399
1 66029U 25232AA  26283.42879559  .00014533  00000-0  44030-3 0  9997
2 66029  53.1586 182.8755 0001661  79.8474 280.2716 15.34408913 56366
0 IRIDIUM 133
1 42955U 17061A   26283.42868896  .00000114  00000-0  33799-4 0  9993
2 42955  86.4000 337.1226 0002133  95.4060 264.7380 14.34217166471290
0 STARLINK-33917
1 64181U 25113M   26283.42861914  .00020435  00000-0  61445-3 0  9995
2 64181  53.1602 172.1973 0001579  93.6541 266.4642 15.34391512 77962
0 STARLINK-34224
1 64251U 25119U   26283.42854439  .00015009  00000-0  55367-3 0  9990
2 64251  43.0028 174.0806 0001752 272.7421  87.3230 15.27589508 77011
0 STARLINK-30988
1 58529U 23191X   26283.42831905  .00000479  00000-0  26925-4 0  9996
2 58529  43.0018 330.6298 0001169 266.9404  93.1314 15.27582178158311
0 STARLINK-4609
1 53619U 22104AH  26283.42829382 -.00000945  00000-0 -16839-4 0  9993
2 53619  53.1608 334.5816 0001513  76.7160 283.4011 15.34399185228263
0 ONEWEB-0296
1 49085U 21075L   26283.42828561  .00000474  00000-0  12817-2 0  9994
2 49085  87.8940 327.7862 0002025 106.0077 254.1275 13.12443539249690
0 STARLINK-4384
1 53218U 22084AF  26283.42825788  .00000663  00000-0  22855-4 0  9991
2 53218  97.2835 338.8241 0001238  86.3407 273.7978 15.33439249232313
0 KUIPER-00176
1 65788U 25217AC  26283.42816498  .00000669  00000-0  11681-3 0  9995
2 65788  51.8999 173.5210 0001178  88.9227 271.1870 14.79931491 56677
0 STARLINK-31291
1 59096U 24041Y   26283.42812308  .00001052  00000-0  47740-4 0  9993
2 59096  43.0032 177.9133 0001187 277.9822  82.0895 15.27582378147112
0 STARLINK-33723
1 63593U 25076AA  26283.42804317  .00023361  00000-0  85513-3 0  9996
2 63593  43.0017 188.7996 0001666 274.4380  85.6281 15.27604418 84671
0 STARLINK-11442
1 62885U 25024G   26283.42796134  .00194599  00000-0  14770-2 0  9997
2 62885  42.9998 326.7005 0002165 234.2527 125.8139 15.70964912 97249
0 STARLINK-33694
1 63407U 25065J   26283.42784526  .00023119  00000-0  84638-3 0  9995
2 63407  43.0001 334.1472 0000661 137.3198 222.7705 15.27605292 85680
0 STARLINK-36765
1 68962U 26099M   26283.42783425  .00034110  00000-0  10152-2 0  9993
2 68962  53.1604 342.6423 0002136  84.3073 275.8173 15.34425803 24962
0 STARLINK-36400
1 67575U 26016Q   26283.42782048  .00002056  00000-0  65986-4 0  9992
2 67575  97.2851 341.7953 0001914  93.1537 266.9925 15.33442743 39770
0 STARLINK-37346
1 69149U 26111B   26283.42777127  .00019080  00000-0  57394-3 0  9997
2 69149  53.1618 332.9070 0003875 102.0605 258.0832 15.34421353 21952
0 STARLINK-4513
1 53548U 22101X   26283.42776071 -.00000001  00000-0  18063-4 0  9990
2 53548  53.1612 179.3452 0001766  96.9303 263.1889 15.08823580228724
0 STARLINK-30457
1 57900U 23146K   26283.42773563 -.00002094  00000-0 -66620-4 0  9996
2 57900  43.0032 181.8175 0000879 244.4491 115.6270 15.27566201168831
0 STARLINK-4672
1 53592U 22104E   26283.42768776  .00003783  00000-0  11926-3 0  9994
2 53592  53.1613 340.3563 0001296  87.7155 272.3996 15.35413221228636
0 ONEWEB-0392
1 50472U 21132D   26283.42764536  .00000060  00000-0  12047-3 0  9998
2 50472  87.9182 342.9768 0002292 100.5156 259.6234 13.17648493233293
0 STARLINK-35843
1 67606U 26018T   26283.42763863  .00011923  00000-0  37100-3 0  9992
2 67606  97.2869 346.5903 0001228 115.8238 244.3132 15.33450196 40245
0 STARLINK-4123
1 53539U 22101N   26283.42762673  .00001325  00000-0  50365-4 0  9993
2 53539  53.1592 176.2194 0001256  90.7559 269.3587 15.34393722228776
0 STARLINK-32428
1 61666U 24193F   26283.42746929  .00000671  00000-0  33378-4 0  9990
2 61666  53.1598 172.1756 0001549  87.1915 272.9264 15.31704289109425
0 STARLINK-31452
1 59527U 24073S   26283.42728165  .00000216  00000-0  17376-4 0  9997
2 59527  43.0014 185.5751 0001887 262.7144  97.3493 15.27579426139011
0 STARLINK-38170
1 A0636U 26204X   26283.42727693  .00037157  00000-0  62249-3 0  9999
2 A0636  70.0030 182.1244 0002208 275.9366  84.1569 15.51671936  5337
0 FENGYUN 1C DEB
1 29922U 99025HU  26283.42722127 -.00000031  00000-0  93136-5 0  9999
2 29922  99.0951 344.0755 0092588 257.3640 101.7158 13.98722798  6494
0 STARLINK-35152
1 65530U 25200L   26283.42721333  .00012249  00000-0  38111-3 0  9999
2 65530  97.2870 349.5094 0000417 329.8481  30.2738 15.33445075 61697
0 STARLINK-5156
1 53973U 22125K   26283.42720969  .00001608  00000-0  58731-4 0  9992
2 53973  53.1590 328.5967 0000713 101.2706 258.8377 15.34386987221896
0 STARLINK-36315
1 67731U 26026L   26283.42720386  .00016528  00000-0  51314-3 0  9992
2 67731  97.2848 334.9618 0000728  64.1098 296.0220 15.33446425 37034
0 STARLINK-35394
1 66023U 25232U   26283.42716045  .00019701  00000-0  59245-3 0  9997
2 66023  53.1573 184.2891 0001484  93.5698 266.5474 15.34412487 56344
0 STARLINK-5462
1 55674U 23021AY  26283.42711782 -.00001705  00000-0 -13518-3 0  9994
2 55674  70.0013 342.8863 0003356 273.4023  86.6753 14.98325426201453
0 ONEWEB-0414
1 50491U 21132Y   26283.42702762  .00000136  00000-0  31104-3 0  9991
2 50491  87.9131 312.5357 0001990  89.6209 270.5151 13.18687326236815
0 STARLINK-3720
1 52136U 22029BA  26283.42694674  .00000890  00000-0  36400-4 0  9999
2 52136  53.1601 175.3657 0001011  91.9378 268.1741 15.35400425253489
0 STARLINK-3727
1 52125U 22029AP  26283.42693319  .00000118  00000-0  14912-4 0  9999
2 52125  53.1612 176.4940 0001347  94.9374 265.1782 15.33544235253463
0 STARLINK-30453
1 57910U 23146V   26283.42692906 -.00000256  00000-0  22865-6 0  9990
2 57910  43.0069 178.4061 0001864 262.6655  97.3985 15.27579071168879
0 STARLINK-33714
1 63581U 25076N   26283.42676152  .00013898  00000-0  51309-3 0  9997
2 63581  42.9977 188.7965 0001712 286.2032  73.8631 15.27613930 84671
0 ONEWEB-0142
1 47288U 20100AG  26283.42672316  .00000485  00000-0  13136-2 0  9997
2 47288  87.8942 327.7861 0001830 110.9958 249.1367 13.12442774279788
0 STARLINK-34799
1 65472U 25195Q   26283.42670204  .00029465  00000-0  87902-3 0  9997
2 65472  53.1622 336.3065 0004868  97.5661 262.5894 15.34419359 62919
0 STARLINK-35561
1 66105U 25236V   26283.42668215  .00029053  00000-0  86731-3 0  9998
2 66105  53.1575 182.7645 0001535  75.6124 284.5048 15.34412742 55811
0 STARLINK-32589
1 62183U 24225W   26283.42667628  .00011209  00000-0  39371-3 0  9996
2 62183  70.0003 341.3126 0003599 269.9789  90.0973 15.29585115102089
0 STARLINK-11180
1 60185U 24124C   26283.42667547 -.00000406  00000-0  14994-5 0  9998
2 60185  53.1589 182.4816 0000817  47.1831 312.9256 15.69708927130267
0 STARLINK-31344
1 59171U 24044V   26283.42663473 -.00006051  00000-0 -21039-3 0  9995
2 59171  43.0010 334.5746 0000784 271.1378  88.9384 15.27604527146430
0 STARLINK-32321
1 61065U 24164R   26283.42653494  .00001045  00000-0  42076-4 0  9996
2 61065  53.1603 172.3530 0001381  76.2299 283.8857 15.34397108116377
0 ONEWEB-0133
1 47279U 20100X   26283.42646085  .00000466  00000-0  12599-2 0  9992
2 47279  87.8952 327.7768 0001759  93.1333 266.9997 13.12442893279850
0 STARLINK-11413
1 62593U 25008G   26283.42643721  .00254238  00000-0  19161-2 0  9994
2 62593  42.9988 272.0783 0001009 333.3264  26.7552 15.70948762100951
0 STARLINK-36544
1 67517U 26012AA  26283.42640073  .00019823  00000-0  72800-3 0  9997
2 67517  43.0019 181.6234 0001575 278.4128  81.6545 15.27577490 40606
0 STARLINK-2408
1 47823U 21018AN  26283.42632011  .00001258  00000-0  52297-4 0  9991
2 47823  53.1621 338.6773 0001549  85.2882 274.8296 15.31704661309401
0 STARLINK-35185
1 65608U 25207S   26283.42616206  .00020072  00000-0  62241-3 0  9998
2 65608  97.2855 345.7014 0000827  87.5372 272.5966 15.33445529 60640
0 STARLINK-31710
1 59378U 24062E   26283.42615807  .00000798  00000-0  34774-4 0  9993
2 59378  53.1621 334.3243 0001661  82.4295 277.6897 15.34395701142560
0 STARLINK-31341
1 59155U 24044D   26283.42614952  .00000119  00000-0  13866-4 0  9992
2 59155  43.0031 338.0228 0001442 281.1191  78.9499 15.27584769146368
0 STARLINK-5571
1 55380U 23013BB  26283.42610123  .00000819  00000-0  39304-4 0  9991
2 55380  43.0038 174.7811 0001446 274.5689  85.4998 15.27579371204462
0 ONEWEB-0687
1 61595U 24188B   26283.42595887  .00000063  00000-0  12995-3 0  9996
2 61595  87.9174 342.9935 0002347 105.4243 254.7148 13.17647940101076
0 STARLINK-2738
1 48668U 21044AG  26283.42581990  .00001756  00000-0  68331-4 0  9996
2 48668  53.1605 184.5698 0001330 100.9252 259.1899 15.31709083296873
0 STARLINK-38199
1 A0218U 26177F   26283.42572378  .00014766  00000-0  45866-3 0  9999
2 A0218  97.2861 334.0760 0001920  97.0308 263.1153 15.33455058 10425
0 STARLINK-37332
1 69150U 26111C   26283.42567235  .00036145  00000-0  10749-2 0  9999
2 69150  53.1595 332.8983 0002414  94.0184 266.1094 15.34424653 21956
0 STARLINK-2329
1 47873U 21021P   26283.42562267  .00000509  00000-0  28177-4 0  9993
2 47873  53.1640 336.0519 0001698  83.8198 276.2997 15.31706198309328
0 STARLINK-35888
1 67190U 25303AD  26283.42559624  .00014415  00000-0  53192-3 0  9992
2 67190  42.9980 178.2213 0004468 265.0331  95.0011 15.27598953 45574
0 STARLINK-4397
1 53205U 22084S   26283.42554229  .00001092  00000-0  36161-4 0  9998
2 53205  97.2831 338.8663 0001342 107.6171 252.5218 15.33439766231803
0 STARLINK-33800
1 63576U 25076H   26283.42547536  .00026034  00000-0  95138-3 0  9998
2 63576  43.0002 188.7899 0001988 269.6944  90.3680 15.27609509 84679
0 KUIPER-00204
1 67145U 25301N   26283.42547025  .00000622  00000-0  11062-3 0  9997
2 67145  51.8995 176.0820 0001057  93.0538 267.0546 14.79928012 45920
0 STARLINK-36569
1 67553U 26014X   26283.42545246  .00020327  00000-0  63045-3 0  9997
2 67553  97.2842 168.5389 0002098  91.2150 268.9333 15.33433834 41687
0 STARLINK-6240
1 57084U 23088AN  26283.42535558 -.00000067  00000-0  70950-5 0  9993
2 57084  43.0048 323.2233 0001289 294.4852  65.5865 15.27578269183343
0 STARLINK-2461
1 48428U 21040A   26283.42525314 -.00004270  00000-0 -12592-3 0  9997
2 48428  53.1576 259.3502 0001303  75.0433 285.0713 15.31699360299582
0 STARLINK-3235
1 50200U 21125AW  26283.42520755  .00001048  00000-0  42167-4 0  9996
2 50200  53.1607 340.9354 0001339  80.2832 279.8322 15.34390279269359
0 STARLINK-31513
1 59529U 24073U   26283.42519354  .00001160  00000-0  51669-4 0  9999
2 59529  43.0040 182.0639 0000837 280.8287  79.2470 15.27573184139055
0 STARLINK-4724
1 53702U 22107C   26283.42513899  .00002311  00000-0  79512-4 0  9996
2 53702  53.1602 328.8201 0001316  76.1590 283.9559 15.34405570227735
0 STARLINK-36593
1 67564U 26016D   26283.42511076  .00009579  00000-0  29860-3 0  9998
2 67564  97.2873 341.7953 0000922  89.7411 270.3937 15.33450678 39770
0 STARLINK-35293
1 66012U 25232H   26283.42506139  .00020953  00000-0  62946-3 0  9999
2 66012  53.1580 184.2778 0001700  81.6754 278.4441 15.34403119 56344
0 STARLINK-36603
1 67592U 26018D   26283.42491862  .00015812  00000-0  49091-3 0  9996
2 67592  97.2881 346.5949 0000391 179.5851 180.5392 15.33456569 40240
0 ONEWEB-0114
1 47262U 20100E   26283.42490008  .00000492  00000-0  13316-2 0  9993
2 47262  87.8943 327.7846 0001671 104.5881 255.5433 13.12443039279635
0 STARLINK-4468
1 53969U 22125F   26283.42486191  .00001307  00000-0  51056-4 0  9992
2 53969  53.1607 328.5786 0001335  85.9907 274.1248 15.33548757221893
0 STARLINK-5832
1 57063U 23088R   26283.42485078  .00000697  00000-0  34849-4 0  9995
2 57063  43.0058 337.9215 0001741 273.1807  86.8846 15.27578079183175
0 STARLINK-2495
1 48325U 21036BB  26283.42478360  .00001839  00000-0  71019-4 0  9992
2 48325  53.1607 181.7957 0001602  81.4005 278.7178 15.31703674300944
0 LEMUR-2-FINNIAN
1 66782U 25276DW  26283.42471475  .00004526  00000-0  35706-3 0  9997
2 66782  97.5160 350.8202 0008950  75.0249 285.1966 15.01181094 37285
0 STARLINK-33865
1 64247U 25119Q   26283.42469432  .00023302  00000-0  85355-3 0  9995
2 64247  43.0024 174.0491 0000578 222.9211 137.1596 15.27583630 76985
0 STARLINK-4596
1 53624U 22104AN  26283.42462381  .00000419  00000-0  25257-4 0  9999
2 53624  53.1611 331.0659 0000930  82.7341 277.3766 15.31706611228420
0 STARLINK-35038
1 65482U 25195AA  26283.42459168  .00028945  00000-0  86391-3 0  9995
2 65482  53.1619 336.2634 0003413  95.0997 265.0395 15.34418501 62919
0 STARLINK-35295
1 66070U 25235N   26283.42457722  .00021731  00000-0  65219-3 0  9990
2 66070  53.1586 326.7644 0001882  80.9204 279.2011 15.34412047 55815
0 STARLINK-35067
1 65527U 25200H   26283.42449813  .00012717  00000-0  39556-3 0  9999
2 65527  97.2864 349.5076 0000766  94.6774 265.4556 15.33445762 61687
0 STARLINK-36260
1 67732U 26026M   26283.42448519  .00014135  00000-0  43928-3 0  9992
2 67732  97.2862 334.9673 0001218  93.5695 266.5687 15.33448768 37037
0 STARLINK-31004
1 58528U 23191W   26283.42446599  .00001110  00000-0  49842-4 0  9992
2 58528  43.0036 330.6045 0000992 266.9445  93.1293 15.27581290158318
0 STARLINK-36183
1 67173U 25303L   26283.42433246  .00026257  00000-0  95929-3 0  9995
2 67173  43.0023 178.2178 0000625   0.0646   0.0205 15.27614228 45577
0 STARLINK-11233
1 61061U 24164M   26283.42427368 -.00000542  00000-0  37799-6 0  9991
2 61061  53.1580 332.8283 0000869  76.0799 284.0315 15.69706986119144
0 STARLINK-6262
1 57091U 23088AV  26283.42408777  .00001809  00000-0  75273-4 0  9999
2 57091  43.0039 323.2071 0001272 286.2934  73.7778 15.27567281183349
0 STARLINK-31717
1 59385U 24062M   26283.42405445  .00000313  00000-0  20391-4 0  9999
2 59385  53.1612 334.3118 0001332  87.3739 272.7416 15.34396634142593
0 STARLINK-32467
1 61713U 24196G   26283.42397767  .00000245  00000-0  18410-4 0  9995
2 61713  53.1596 180.3627 0001949  83.4196 276.7029 15.34385681110087
0 STARLINK-30133
1 56837U 23079Q   26283.42396935 -.00001300  00000-0 -37741-4 0  9994
2 56837  42.9958 333.9439 0000768 153.2078 206.8813 15.27570891185736
0 STARLINK-34423
1 64460U 25130Y   26283.42394912  .00023068  00000-0  69184-3 0  9996
2 64460  53.1586 168.7135 0001278  86.0877 274.0271 15.34396841 73619
0 STARLINK-32505
1 63085U 25037J   26283.42387505  .00009043  00000-0  31058-3 0  9990
2 63085  70.0061 168.3956 0002309 274.5340  85.5572 15.30417079 90834
0 STARLINK-30428
1 57906U 23146R   26283.42386256  .00000525  00000-0  28607-4 0  9999
2 57906  43.0018 181.7893 0001133 271.2779  88.7943 15.27580138168830
0 ONEWEB-0396
1 50476U 21132H   26283.42365504  .00000089  00000-0  19320-3 0  9996
2 50476  87.9122 312.5513 0002104  92.0701 268.0672 13.18684530236820
0 STARLINK-31671
1 59516U 24073F   26283.42343050  .00000732  00000-0  36097-4 0  9995
2 59516  43.0032 185.5428 0000731 285.0069  75.0702 15.27584651139013
0 ONEWEB-0120
1 47266U 20100J   26283.42333044  .00000370  00000-0  99377-3 0  9990
2 47266  87.8936 327.7850 0001739 102.4071 257.7252 13.12443837279841
0 FENGYUN 1C DEB
1 31989U 99025CPS 26283.42332329  .00000621  00000-0  47656-3 0  9994
2 31989  99.1769 347.9546 0115827 198.5245 225.7405 13.93977660979202
0 STARLINK-31313
1 59088U 24041Q   26283.42299362 -.00000526  00000-0 -96191-5 0  9995
2 59088  42.9994 177.8836 0000697 294.7548  65.3232 15.27573959147118
0 STARLINK-35276
1 66009U 25232E   26283.42295774  .00028111  00000-0  84013-3 0  9998
2 66009  53.1585 184.2670 0001098  92.4609 267.6519 15.34395765 56326
0 STARLINK-1308
1 45419U 20019BM  26283.42291146  .00102697  00000-0  53852-3 0  9996
2 45419  53.0390 175.7156 0006600  97.5344 262.6427 15.79981077363332
0 STARLINK-32412
1 61680U 24193V   26283.42279980  .00000350  00000-0  23058-4 0  9992
2 61680  53.1599 172.1437 0001351  83.8999 276.2156 15.31705671109427
0 KUIPER-00183
1 67138U 25301F   26283.42276518 -.00002092  00000-0 -24548-3 0  9993
2 67138  51.9026 178.6000 0001054  90.0595 270.0488 14.79941609 45941
0 STARLINK-36554
1 67502U 26012K   26283.42253407  .00023957  00000-0  87642-3 0  9995
2 67502  43.0037 181.6052 0004452 263.2410  96.7935 15.27605172 40600
0 FENGYUN 1C DEB
1 30859U 99025AWV 26283.42251251  .00008375  00000-0  19590-2 0  9992
2 30859  98.9156 357.1441 0030806 196.8346 163.1830 14.54608248 14104
0 STARLINK-35243
1 66016U 25232M   26283.42248613  .00031636  00000-0  94329-3 0  9993
2 66016  53.1579 182.8413 0001491  72.1122 288.0044 15.34406850 56360
0 STARLINK-34233
1 64172U 25113C   26283.42247042  .00009747  00000-0  32530-3 0  9991
2 64172  53.1611 172.1631 0001566  99.4960 260.6218 15.31714159 77966
0 STARLINK-2753
1 48696U 21044BL  26283.42233855  .00035559  00000-0  10156-2 0  9999
2 48696  53.1571 168.3679 0004438 118.5814 241.5636 15.35697644297098
0 STARLINK-2519
1 48305U 21036AF  26283.42222729  .00019111  00000-0  46599-3 0  9992
2 48305  53.1573 178.7806 0000922 113.3938 246.7164 15.40937214300979
0 STARLINK-2131
1 47728U 21017G   26283.42214418  .00622267  18842-3  10733-2 0  9993
2 47728  53.0563 237.5913 0006186  87.6391 272.5348 16.01772788311415
0 ONEWEB-0421
1 50496U 21132AD  26283.42196998  .00000079  00000-0  16736-3 0  9994
2 50496  87.9129 312.5514 0002095  85.1441 274.9930 13.18684521236804
0 STARLINK-1451
1 45668U 20035M   26283.42195307  .00020998  00000-0  99009-3 0  9999
2 45668  53.0480 169.2394 0002627 111.4141 248.7134 15.19459421351295
0 STARLINK-32528
1 61724U 24196T   26283.42187466 -.00001299  00000-0 -27333-4 0  9996
2 61724  53.1594 180.3465 0001276  97.0805 263.0343 15.34382779108886
0 STARLINK-35262
1 65847U 25221AA  26283.42182768  .00020952  00000-0  62963-3 0  9998
2 65847  53.1591 168.5357 0001536  89.9608 270.1571 15.34394161 58997
0 STARLINK-11197
1 60186U 24124D   26283.42177410 -.00000872  00000-0 -23471-5 0  9992
2 60186  53.1591 182.4520 0000745  77.3736 282.7365 15.69702774130261
0 STARLINK-31257
1 59079U 24041F   26283.42170877  .00000168  00000-0  15629-4 0  9990
2 59079  43.0026 177.8708 0000338 311.5281  48.5542 15.27577597147117
0 STARLINK-2513
1 48317U 21036AT  26283.42167655  .00001216  00000-0  50924-4 0  9996
2 48317  53.1610 168.8139 0001220 100.5880 259.5259 15.31712457301124
0 ONEWEB-0302
1 49091U 21075S   26283.42151310  .00000471  00000-0  12728-2 0  9990
2 49091  87.8940 327.7856 0001776 108.3063 251.8258 13.12443753249662
0 STARLINK-4486
1 53540U 22101P   26283.42137846 -.00001482  00000-0 -75080-4 0  9990
2 53540  53.1602 179.7284 0001190  83.1984 276.9143 15.08826096229402
0 STARLINK-30466
1 57904U 23146P   26283.42130068  .00000319  00000-0  21125-4 0  9994
2 57904  43.0016 181.7714 0001202 262.1998  97.8718 15.27578238168836
0 FENGYUN 1C DEB *
1 47101U 99025FBZ 26283.42126466  .00005349  00000-0  22786-2 0  9998
2 47101  98.8182 348.4526 0104108 270.0798  88.8450 14.22673005389452
0 FENGYUN 1C DEB
1 30022U 99025MX  26283.42116159  .00000056  00000-0  44284-4 0  9999
2 30022  99.0349 145.1964 0068224 123.9316  51.0604 14.23211393 24810
0 STARLINK-32817
1 63079U 25037C   26283.42115433  .00012517  00000-0  42806-3 0  9995
2 63079  70.0027 168.3838 0002222 278.7631  81.3293 15.30415092 90872
0 STARLINK-4299
1 53172U 22083AS  26283.42099238  .00000877  00000-0  39997-4 0  9994
2 53172  53.1593 259.8529 0001382  82.2607 277.8551 15.31712736234049
0 STARLINK-31370
1 59520U 24073K   26283.42086699 -.00000508  00000-0 -89378-5 0  9997
2 59520  42.9994 185.5284 0000235  24.6800 335.4062 15.27578142139012
0 STARLINK-6036
1 56800U 23078AK  26283.42086565  .00000144  00000-0  19885-4 0  9990
2 56800  69.9998 163.0933 0002853 269.3088  90.7744 14.98332248184840
0 STARLINK-35432
1 66021U 25232S   26283.42085123  .00011878  00000-0  36213-3 0  9998
2 66021  53.1573 184.2492 0001794  56.9172 303.2003 15.34398221 56349
0 FENGYUN 1C DEB
1 30340U 99025ABB 26283.42084727 -.00000051  00000-0 -37301-5 0  9997
2 30340  98.9600 341.9796 0145433  14.6270 358.9410 14.04713016 10168
0 STARLINK-35234
1 65601U 25207K   26283.42072794  .00003662  00000-0  11572-3 0  9996
2 65601  97.2861 345.7070 0001222  91.3173 268.8210 15.33437040 60643
0 STARLINK-1579
1 46083U 20055BJ  26283.42045929  .00003811  00000-0  13448-3 0  9995
2 46083  53.1594 181.8335 0001413  91.3234 268.7929 15.31711697342137
0 STARLINK-31266
1 59087U 24041P   26283.42041851  .00000360  00000-0  22627-4 0  9998
2 59087  43.0037 177.8607 0001126 276.5908  83.4815 15.27569248147168
0 STARLINK-35089
1 65484U 25195AC  26283.42038465  .00021790  00000-0  65390-3 0  9997
2 65484  53.1618 336.2372 0002724  84.8938 275.2375 15.34411658 62911
0 STARLINK-4504
1 53555U 22101AE  26283.42037894  .00000456  00000-0  46761-4 0  9990
2 53555  53.1598 179.3791 0001472  95.7042 264.4117 15.08834364229385
0 STARLINK-35595
1 66101U 25236R   26283.42036750  .00041234  00000-0  12253-2 0  9999
2 66101  53.1570 182.7260 0001545  68.2012 291.9155 15.34388649 55819
0 STARLINK-38249
1 A0221U 26177J   26283.42028801  .00020048  00000-0  62165-3 0  9991
2 A0221  97.2856 334.0899 0000604  89.4815 270.6497 15.33446983 11491
0 STARLINK-30120
1 56824U 23079B   26283.42023693 -.00000178  00000-0  30537-5 0  9996
2 56824  43.0020 334.7889 0001366 273.5595  86.5101 15.27604776186045
0 STARLINK-6225
1 57092U 23088AW  26283.42021512 -.00000051  00000-0  76566-5 0  9994
2 57092  43.0035 323.1784 0000987 281.1991  78.8749 15.27576907183344
0 STARLINK-2515
1 48323U 21036AZ  26283.42010197  .00003272  00000-0  11711-3 0  9995
2 48323  53.1593 181.6874 0001687  89.3071 270.8123 15.31710988300945
0 STARLINK-3872
1 52453U 22049C   26283.42008280  .00000068  00000-0  12876-4 0  9993
2 52453  53.1605 176.2978 0001057  92.2423 267.8701 15.35310649244644
0 KUIPER-00175
1 67135U 25301C   26283.42006629  .00001717  00000-0  25415-3 0  9999
2 67135  51.9002 181.0410 0001064  83.3002 276.8082 14.79934604 45811
0 STARLINK-36537
1 67516U 26012Z   26283.41997615  .00010672  00000-0  39666-3 0  9998
2 67516  42.9979 181.5744 0001297 280.3312  79.7393 15.27588515 40600
0 STARLINK-31643
1 59388U 24062Q   26283.41984795  .00000243  00000-0  18315-4 0  9996
2 59388  53.1612 334.2873 0001178  92.3416 267.7721 15.34395497142600
0 STARLINK-4177
1 53013U 22076AD  26283.41983271  .00000699  00000-0  31839-4 0  9997
2 53013  53.1602 180.8827 0001343  88.3327 271.7830 15.34392587235664
0 STARLINK-34433
1 64448U 25130L   26283.41974532  .00024232  00000-0  72604-3 0  9998
2 64448  53.1589 168.6965 0001670  69.5178 290.6004 15.34397807 73615
0 STARLINK-36403
1 67563U 26016C   26283.41966990  .00011081  00000-0  34498-3 0  9999
2 67563  97.2864 341.8024 0000358 141.2912 218.8357 15.33451594 39773
0 STARLINK-36634
1 67593U 26018E   26283.41948206  .00011861  00000-0  36908-3 0  9998
2 67593  97.2864 346.6029 0000908 105.8972 254.2371 15.33449825 40245
0 FENGYUN 1C DEB
1 29894U 99025GQ  26283.41947574  .00000369  00000-0  35238-3 0  9991
2 29894  99.4533 343.5987 0167111 328.7481 162.0189 13.81285925992412
0 FENGYUN 1C DEB
1 31078U 99025BFY 26283.41941064  .00000625  00000-0  28002-3 0  9992
2 31078  98.8341 350.0851 0114923   0.6367  58.8754 14.22656619 11313
0 STARLINK-37374
1 69153U 26111F   26283.41935688  .00024004  00000-0  71904-3 0  9994
2 69153  53.1597 332.8612 0000991  76.8987 283.2126 15.34410487 21953
0 STARLINK-3738
1 52117U 22029AF  26283.41922180 -.00000228  00000-0  43894-5 0  9995
2 52117  53.1590 176.2462 0001156  90.7952 269.3183 15.34392392253478
0 STARLINK-3112
1 49421U 21104P   26283.41921664  .00000185  00000-0  17720-4 0  9997
2 49421  53.1616 328.0810 0001629  55.4890 304.6265 15.31708344271276
0 ONEWEB-0443
1 51637U 22012R   26283.41920703  .00000073  00000-0  15380-3 0  9996
2 51637  87.9173 343.0005 0002011  90.0850 270.0512 13.17648624228898
0 STARLINK-4471
1 53664U 22105S   26283.41915186  .00000419  00000-0  15307-4 0  9994
2 53664  97.2830 159.9013 0002108  88.3495 271.7989 15.33440172225799
0 STARLINK-31307
1 59089U 24041R   26283.41912404 -.00003476  00000-0 -11676-3 0  9994
2 59089  43.0022 177.8551 0002020 265.0369  95.0252 15.27595360147168
0 STARLINK-36749
1 67734U 26026P   26283.41904653  .00010387  00000-0  32355-3 0  9996
2 67734  97.2855 334.9711 0001280  96.5483 263.5905 15.33451840 37036
0 STARLINK-5460
1 55671U 23021AV  26283.41895836  .00000689  00000-0  65552-4 0  9997
2 55671  69.9996 343.2478 0003576 269.3265  90.7484 14.98334410201449
0 STARLINK-31327
1 59160U 24044J   26283.41892739  .00002462  00000-0  98988-4 0  9999
2 59160  43.0045 334.5219 0001366 265.5990  94.4706 15.27570055146433
0 STARLINK-4151
1 53034U 22076BA  26283.41887249  .00000511  00000-0  28230-4 0  9992
2 53034  53.1605 175.0909 0001158  89.6893 270.4241 15.31702741235748
0 STARLINK-5232
1 55675U 23021AZ  26283.41876144  .00000951  00000-0  87488-4 0  9996
2 55675  69.9998 342.8575 0003291 269.2875  90.7907 14.98336631201456
0 STARLINK-3138
1 49430U 21104Y   26283.41875447 -.00000273  00000-0  30435-5 0  9992
2 49430  53.1608 328.2502 0001092  65.5886 294.5231 15.34395154271283
0 STARLINK-36552
1 67503U 26012L   26283.41868634  .00022501  00000-0  82407-3 0  9997
2 67503  43.0011 181.5662 0002411 266.5789  93.4787 15.27603689 40607
0 FENGYUN 1C DEB
1 31946U 99025CMX 26283.41863240  .00001832  00000-0  89054-3 0  9990
2 31946  98.8841 348.6345 0081441 266.8257  92.3597 14.17792509682815
0 STARLINK-35543
1 66201U 25243AA  26283.41862730  .00019684  00000-0  64413-3 0  9992
2 66201  53.1586 326.1607 0001208  98.7632 261.3506 15.31713129 53550
0 STARLINK-4356
1 53224U 22084AM  26283.41862253  .00000520  00000-0  18444-4 0  9996
2 53224  97.2846 337.9093 0001048  93.9911 266.1451 15.33437104231746
0 ONEWEB-0041
1 45148U 20008T   26283.41847733  .00000069  00000-0  89442-4 0  9996
2 45148  87.9390 340.1489 0015653 263.7637  96.1729 13.48614192333588
0 STARLINK-32821
1 63078U 25037B   26283.41841930  .00011397  00000-0  39004-3 0  9992
2 63078  70.0023 168.3780 0003551 274.5428  85.5341 15.30425100 90867
0 KUIPER-00266
1 67789U 26030AB  26283.41830933  .00002520  00000-0  35931-3 0  9993
2 67789  51.9004 323.5940 0000337  38.7318 321.3668 14.79939943 37251
0 STARLINK-5627
1 55364U 23013AK  26283.41829151  .00000932  00000-0  43396-4 0  9997
2 55364  43.0037 174.1242 0001252 271.3248  88.7460 15.27578922204478
0 STARLINK-34832
1 65475U 25195T   26283.41828314  .00028034  00000-0  83713-3 0  9993
2 65475  53.1601 336.2493 0002650  92.3658 267.7648 15.34421965 62919
0 STARLINK-35274
1 66073U 25235R   26283.41826410  .00022606  00000-0  67780-3 0  9993
2 66073  53.1588 326.7297 0000747  69.3342 290.7741 15.34417141 55815
0 ONEWEB-0147
1 47293U 20100AM  26283.41812889  .00000472  00000-0  12774-2 0  9996
2 47293  87.8948 327.7701 0001705  93.9391 266.1932 13.12444396279683
0 STARLINK-30992
1 58524U 23191S   26283.41804163  .00000841  00000-0  40068-4 0  9993
2 58524  43.0033 330.5573 0001058 274.7596  85.3135 15.27580335158311
0 STARLINK-11638
1 63269U 25053E   26283.41798046  .00175987  00000-0  13394-2 0  9990
2 63269  42.9997 257.6497 0002742 248.3456 111.7119 15.70957356 91442
0 STARLINK-2410
1 47825U 21018AQ  26283.41793457  .00001027  00000-0  44835-4 0  9997
2 47825  53.1597 323.4895 0001226  79.4226 280.6914 15.31707726309633
0 LEMUR 2 BALTO
1 63395U 25052BH  26283.41785097  .00004126  00000-0  32875-3 0  9993
2 63395  97.6589 175.6189 0007460  55.4315 304.7612 15.00874078 86040
0 STARLINK-6254
1 57090U 23088AU  26283.41764510 -.00000005  00000-0  93589-5 0  9996
2 57090  43.0034 323.1567 0001084 275.6285  84.4443 15.27576913183344
0 STARLINK-32308
1 61663U 24193C   26283.41762439 -.00000470  00000-0 -27787-5 0  9997
2 61663  53.1586 168.5693 0001520  71.8769 288.2399 15.34392216109474
0 STARLINK-33675
1 63423U 25065AA  26283.41754367  .00024689  00000-0  90247-3 0  9998
2 63423  43.0018 334.0169 0001618 291.5941  68.4738 15.27624603 85688
0 FENGYUN 1C DEB
1 30326U 99025AAM 26283.41753873  .00000088  00000-0  10376-3 0  9994
2 30326  98.6103 152.1989 0140684 287.8476  70.7380 13.85581192996331
0 STARLINK-30462
1 57902U 23146M   26283.41744225 -.00000072  00000-0  69116-5 0  9997
2 57902  43.0054 181.7379 0000882 281.7129  78.3624 15.27578996169853
0 KUIPER-00120
1 65762U 25217A   26283.41737251  .00000519  00000-0  97117-4 0  9998
2 65762  51.8984 183.5174 0001180  92.4685 267.6413 14.79931110 56530
0 STARLINK-35301
1 65843U 25221W   26283.41705278  .00017656  00000-0  53243-3 0  9998
2 65843  53.1590 166.3787 0001359  90.4578 269.6581 15.34400911 57670
0 STARLINK-2538
1 48300U 21036AA  26283.41702964  .00000467  00000-0  26814-4 0  9993
2 48300  53.1612 168.8259 0001336  85.3197 274.7957 15.31703821301130
0 STARLINK-31476
1 59523U 24073N   26283.41701730 -.00003299  00000-0 -11044-3 0  9992
2 59523  42.9976 185.4978 0000750 304.9247  55.1534 15.27572297139010
0 STARLINK-4495
1 53552U 22101AB  26283.41670302 -.00000204  00000-0  53025-5 0  9997
2 53552  53.1602 179.3956 0001621  79.5770 280.5404 15.08826578229370
0 STARLINK-5953
1 56799U 23078AJ  26283.41669087  .00000137  00000-0  19298-4 0  9992
2 56799  69.9997 163.0753 0002322 270.9847  89.1046 14.98330367184845
0 FENGYUN 1C DEB
1 37926U 99025EPB 26283.41668089  .00001887  00000-0  79963-3 0  9996
2 37926  98.7021 349.4380 0052247  67.8630 352.6456 14.25856758785672
0 STARLINK-31286
1 59082U 24041J   26283.41656777  .00000184  00000-0  16208-4 0  9993
2 59082  43.0053 177.8329 0001235 280.3513  79.7199 15.27573679147197
0 STARLINK-3715
1 52127U 22029AR  26283.41649779 -.00000402  00000-0 -61291-6 0  9993
2 52127  53.1603 174.3615 0001263 106.0994 254.0149 15.35400697253482
0 STARLINK-37081
1 68229U 26053Y   26283.41643117  .00021891  00000-0  67841-3 0  9991
2 68229  97.2838 159.9292 0002149  84.7820 275.3668 15.33444622 33320
0 STARLINK-5647
1 55355U 23013AA  26283.41621048  .00000206  00000-0  17017-4 0  9997
2 55355  43.0037 170.6793 0001309 270.9292  89.1409 15.27576664204500
0 STARLINK-36444
1 67521U 26012AE  26283.41612558  .00016894  00000-0  62140-3 0  9999
2 67521  43.0016 181.5444 0001532 269.9170  90.1506 15.27612872 40601
0 IRIDIUM 129
1 42958U 17061D   26283.41600452 -.00000014  00000-0 -11919-4 0  9998
2 42958  86.3993 337.1123 0002282  91.9971 268.1486 14.34217382471314
0 STARLINK-2498
1 48326U 21036BC  26283.41578297  .00012583  00000-0  41636-3 0  9991
2 48326  53.1583 181.7703 0001400  95.9075 264.2086 15.31716064300945
0 STARLINK-32839
1 63077U 25037A   26283.41569181  .00011142  00000-0  38144-3 0  9998
2 63077  70.0030 168.3719 0003803 269.5647  90.5093 15.30423023 90876
0 KUIPER-00260
1 67787U 26030Z   26283.41562418  .00000582  00000-0  10532-3 0  9997
2 67787  51.9026 326.1993 0000318  25.3168 334.7810 14.79934088 37122
0 STARLINK-32376
1 61707U 24196A   26283.41555766  .00000617  00000-0  29405-4 0  9991
2 61707  53.1597 180.3079 0001851  83.3805 276.7408 15.34390247110096
0 STARLINK-34430
1 64456U 25130U   26283.41553253  .00019205  00000-0  57812-3 0  9998
2 64456  53.1589 168.6648 0001348 102.8665 257.2489 15.34397566 73614
0 STARLINK-2234
1 48580U 21041AD  26283.41543532  .00002541  00000-0  93587-4 0  9999
2 48580  53.1595 181.6809 0001435  96.7811 263.3354 15.31709783298541
0 STARLINK-35756
1 67175U 25303N   26283.41532830  .00019090  00000-0  70097-3 0  9991
2 67175  43.0026 178.1453 0001892 268.0453  92.0182 15.27602774 45574
0 YAOGAN-42 02
1 59557U 24075A   26283.41517819  .00009177  00000-0  38256-3 0  9997
2 59557  35.0010 264.9774 0004489 143.6002 216.5019 15.22943232137662
0 STARLINK-35148
1 65844U 25221X   26283.41495400  .00026616  00000-0  79607-3 0  9990
2 65844  53.1584 166.3663 0001377  77.1171 282.9985 15.34399829 57679
0 STARLINK-32418
1 62429U 24249W   26283.41478984  .00023281  00000-0  85176-3 0  9996
2 62429  43.0001 181.3627 0002497 276.5094  83.5474 15.27621077100657
0 ONEWEB-0308
1 49094U 21075V   26283.41472676  .00000348  00000-0  93059-3 0  9993
2 49094  87.8949 327.7862 0001855  96.9250 263.2089 13.12444922249678
0 STARLINK-4375
1 53192U 22084D   26283.41466177  .00000696  00000-0  23888-4 0  9997
2 53192  97.2840 338.7744 0001054 104.8433 255.2926 15.33439947232467
0 STARLINK-36584
1 67547U 26014R   26283.41457556  .00015397  00000-0  47827-3 0  9996
2 67547  97.2848 168.5527 0002323  91.6122 268.5387 15.33444429 41692
0 STARLINK-31724
1 59554U 24074W   26283.41455484  .00000569  00000-0  30203-4 0  9993
2 59554  42.9999 174.8390 0001136 284.2428  75.8297 15.27585788139260
0 STARLINK-3718
1 52132U 22029AW  26283.41449197  .00000743  00000-0  33137-4 0  9993
2 52132  53.1592 174.3952 0001002  99.7176 260.3939 15.34387625253492
0 GLOBALSTAR M071
1 31576U 07020F   26283.41448045 -.00000070  00000-0  20754-3 0  9991
2 31576  52.0081 325.1393 0000791  17.1480 356.2257 12.18271998553476
0 IRIDIUM 33 DEB
1 33881U 97051BA  26283.41418238  .00005021  00000-0  93962-3 0  9997
2 33881  86.3871 334.7123 0054877 226.8378 145.2610 14.63704085919048
0 YAOGAN-47
1 66988U 25289A   26283.41397090  .00004762  00000-0  20210-3 0  9994
2 66988  97.4915 353.6223 0004282 155.2899 204.8544 15.23574755 46475
0 STARLINK-32381
1 61066U 24164S   26283.41391660  .00001071  00000-0  42855-4 0  9994
2 61066  53.1600 172.2718 0001592  77.7179 282.4001 15.34390182116370
0 STARLINK-34213
1 64148U 25112C   26283.41379717  .00020780  00000-0  64417-3 0  9996
2 64148  97.2838 330.2426 0000722  66.7351 293.3967 15.33447608 75801
0 STARLINK-4569
1 53687U 22105AR  26283.41373031  .00000814  00000-0  27550-4 0  9998
2 53687  97.2838 159.8499 0002090  95.5273 264.6208 15.33431063225797
0 STARLINK-36691
1 67735U 26026Q   26283.41360588  .00014736  00000-0  45775-3 0  9992
2 67735  97.2858 334.9820 0001785 101.6218 258.5225 15.33453363 37036
0 STARLINK-31698
1 59379U 24062F   26283.41354007  .00001604  00000-0  58630-4 0  9999
2 59379  53.1606 334.2668 0001536  94.0774 266.0404 15.34382670142563
0 STARLINK-35365
1 66186U 25243K   26283.41349993  .00022437  00000-0  67292-3 0  9993
2 66186  53.1601 324.7204 0000985 306.9211  53.1702 15.34413593 53577
0 STARLINK-2387
1 47806U 21018V   26283.41329341  .00003299  00000-0  11800-3 0  9991
2 47806  53.1582 323.6541 0001195  95.3787 264.7351 15.31712611309682
0 STARLINK-4363
1 53220U 22084AH  26283.41318815  .00000082  00000-0  48667-5 0  9996
2 53220  97.2844 337.9242 0000899  94.9181 265.2164 15.33434655232266
0 FENGYUN 1C DEB
1 30887U 99025AXZ 26283.41318257  .00002036  00000-0  37987-3 0  9991
2 30887  98.3298 339.8841 0260732  90.8174 272.2899 14.46458922 24800
0 STARLINK-30306
1 57633U 23122B   26283.41306394  .00003352  00000-0  13129-3 0  9997
2 57633  42.9962 320.0652 0000489 154.4728 205.6147 15.27577558175042
0 STARLINK-37345
1 69156U 26111J   26283.41304452  .00032956  00000-0  98153-3 0  9996
2 69156  53.1600 332.7910 0001447  76.6985 283.4179 15.34422506 21959
0 FENGYUN 1C DEB
1 30224U 99025WH  26283.41302844  .00000321  00000-0  28390-3 0  9994
2 30224  99.4475 332.3571 0110673 254.8444 117.0852 13.90083302999329
0 ONEWEB-0109
1 47259U 20100B   26283.41299498  .00000272  00000-0  72106-3 0  9997
2 47259  87.8949 327.7862 0001752 101.6593 258.4732 13.12445974279671
0 KUIPER-00259
1 67786U 26030Y   26283.41291289  .00002686  00000-0  38114-3 0  9994
2 67786  51.8993 328.5959 0000368  44.1447 315.9545 14.79938949 37187
0 STARLINK-2479
1 48136U 21027AW  26283.41283111 -.00000035  00000-0  10658-4 0  9999
2 48136  53.1587 246.2250 0001421 116.5788 243.5360 15.31698914305411
0 FENGYUN 1C DEB
1 31254U 99025BML 26283.41271962  .00000806  00000-0  25242-3 0  9995
2 31254  98.4230 332.3924 0150167  22.3942 351.3244 14.37094385 17296
0 STARLINK-31292
1 59081U 24041H   26283.41270773  .00000373  00000-0  23083-4 0  9999
2 59081  43.0013 177.8040 0000955 280.8795  79.1949 15.27582079147109
0 FENGYUN 1C DEB
1 32174U 99025CTU 26283.41261153  .00000281  00000-0  13969-3 0  9998
2 32174  98.5652 340.6797 0151379  96.3868 265.4571 14.18226717683811
0 STARLINK-35023
1 65279U 25184G   26283.41255544  .00018574  00000-0  57614-3 0  9991
2 65279  97.2848 331.0587 0001127  77.4143 282.7226 15.33451000 63777
0 STARLINK-3726
1 52122U 22029AL  26283.41253106 -.00000446  00000-0 -22305-5 0  9993
2 52122  53.1579 176.9493 0000798  77.4153 282.6939 15.33550792253452
0 STARLINK-36328
1 68096U 26042AD  26283.41252007  .00023301  00000-0  69845-3 0  9999
2 68096  53.1583 256.8532 0001192  67.1369 292.9760 15.34407577 35233
0 STARLINK-31270
1 59154U 24044C   26283.41250035  .00000473  00000-0  26716-4 0  9999
2 59154  43.0037 334.4747 0001630 268.5777  91.4888 15.27585210146439
0 STARLINK-5651
1 55357U 23013AC  26283.41236157 -.00000254  00000-0  28509-6 0  9996
2 55357  43.0033 170.6622 0001514 269.5383  90.5295 15.27574698204517
0 STARLINK-37980
1 A0283U 26183M   26283.41234289  .00014140  00000-0  42885-3 0  9997
2 A0283  53.1605 164.8039 0001111  81.5747 278.5381 15.34399881  9354
0 STARLINK-36547
1 67520U 26012AD  26283.41226621  .00006314  00000-0  23871-3 0  9994
2 67520  42.9980 181.5083 0001422 279.1737  80.8954 15.27590870 40603
0 FENGYUN 1C DEB
1 31411U 99025BSX 26283.41217684  .00000589  00000-0  23835-3 0  9995
2 31411  98.6329 346.9895 0102247  92.4804 329.1262 14.28519833987863
0 STARLINK-11371
1 62879U 25024A   26283.41215659  .00207746  00000-0  15722-2 0  9994
2 62879  42.9995 327.4714 0001373 221.1348 138.9416 15.70993931 97235
0 STARLINK-30331
1 57740U 23131J   26283.41205432  .00000247  00000-0  18480-4 0  9993
2 57740  43.0012 326.7668 0000830 273.9528  86.1228 15.27577298173618
0 STARLINK-31680
1 59380U 24062G   26283.41199181  .00001557  00000-0  57198-4 0  9996
2 59380  53.1604 336.3745 0001162  87.4022 272.7113 15.34395638142535
0 STARLINK-1167
1 45071U 20006AD  26283.41196633  .00046238  00000-0  87816-3 0  9995
2 45071  53.1510 327.2190 0003262 345.0412  15.0499 15.47843529369936
0 STARLINK-35291
1 66083U 25235AB  26283.41194782  .00026242  00000-0  78442-3 0  9991
2 66083  53.1586 326.6858 0003217  97.1786 262.9583 15.34423963 55782
0 STARLINK-4395
1 53199U 22084L   26283.41194719 -.00000020  00000-0  17147-5 0  9998
2 53199  97.2852 338.7596 0000939  88.0774 272.0576 15.33435216231792
0 GLOBALSTAR M051
1 25853U 99037C   26283.41191897 -.00000075  00000-0 -81115-4 0  9996
2 25853  51.9812 322.4100 0000719 119.2808 240.8075 11.42204658187262
0 STARLINK-36586
1 67548U 26014S   26283.41185572  .00021744  00000-0  67417-3 0  9993
2 67548  97.2845 168.5583 0001861  94.5739 265.5716 15.33431639 41696
0 GLOBALSTAR M041
1 25650U 99012B   26283.41184319 -.00000067  00000-0  23073-3 0  9993
2 25650  52.0032 321.5059 0002030 173.1451 186.9414 11.96683840235777
0 FENGYUN 1C DEB
1 30503U 99025AHR 26283.41184234  .00000263  00000-0  15624-3 0  9996
2 30503  99.1726 141.6105 0009291 128.7171 356.5965 14.16391586 16171
0 STARLINK-31411
1 59182U 24045E   26283.41170335 -.00002511  00000-0 -81733-4 0  9992
2 59182  43.0073 319.6270 0001757 284.1471  75.9186 15.27582989146002
0 STARLINK-36562
1 67570U 26016K   26283.41151426  .00014190  00000-0  44093-3 0  9993
2 67570  97.2870 341.8184 0001025 257.9839 102.1289 15.33452425 39773
0 STARLINK-4600
1 53628U 22104AS  26283.41146150  .00000499  00000-0  25913-4 0  9992
2 53628  53.1601 334.4789 0001241  84.2459 275.8686 15.34396918228384
0 STARLINK-32283
1 62425U 24249S   26283.41143091  .00013993  00000-0  51672-3 0  9993
2 62425  43.0001 177.8773 0002276 275.7718  84.2874 15.27599327100692
0 STARLINK-37011
1 68217U 26053L   26283.41141778  .00015550  00000-0  48303-3 0  9991
2 68217  97.2837 156.8890 0002099  88.7138 271.4345 15.33442507 33123
0 STARLINK-35490
1 66204U 25243AD  26283.41139461  .00025176  00000-0  75334-3 0  9990
2 66204  53.1599 324.7007 0001110  90.8019 269.3111 15.34417940 53576
0 FENGYUN 1C DEB
1 29851U 99025EV  26283.41136185  .00000286  00000-0  27701-3 0  9996
2 29851  99.5441 334.4835 0142425 150.5986 223.8163 13.83795457995393
0 ONEWEB-0121
1 47267U 20100K   26283.41133828  .00000279  00000-0  74056-3 0  9993
2 47267  87.8947 327.7845 0002010  88.7673 271.3686 13.12444776279751
0 STARLINK-34194
1 64179U 25113K   26283.41131335  .00027061  00000-0  80907-3 0  9994
2 64179  53.1571 168.5482 0000927  73.1564 286.9540 15.34402932 78012
0 STARLINK-34997
1 65418U 25192Q   26283.41131005  .00035643  00000-0  10589-2 0  9995
2 65418  53.1600 312.5402 0001292  98.2367 261.8782 15.34463362 62297
0 STARLINK-32895
1 63081U 25037E   26283.41123462  .00010646  00000-0  37422-3 0  9997
2 63081  70.0015 168.3554 0003436 273.6368  86.4414 15.29581925 90740
0 STARLINK-5542
1 57075U 23088AD  26283.41122106 -.00000133  00000-0  46765-5 0  9994
2 57075  43.0029 323.1169 0001032 273.4466  86.6267 15.27577125183343
0 FENGYUN 1C DEB *
1 47025U 99025FBB 26283.41114894  .00004151  00000-0  10805-2 0  9993
2 47025  99.0159 155.5037 0035540 174.9442   0.4637 14.49803784671087
0 YAOGAN-39 05B
1 58558U 23194B   26283.41114461  .00004050  00000-0  20275-3 0  9991
2 58558  34.9914  83.1190 0011620 232.7647 127.2006 15.16798658157609
0 STARLINK-33652
1 63400U 25065B   26283.41114272  .00014057  00000-0  51916-3 0  9996
2 63400  43.0027 334.0295 0001771 270.1235  89.9414 15.27593592 85683
0 IRIDIUM 36
1 24967U 97056C   26283.41099658  .00000286  00000-0  88090-4 0  9993
2 24967  86.3980 331.1052 0001921  94.1252 266.0166 14.37999560521227
0 STARLINK-36512
1 67504U 26012M   26283.41097860  .00018950  00000-0  69595-3 0  9999
2 67504  43.0012 181.5071 0001689 287.8876  72.1791 15.27599748 40601
0 YAOGAN-35 05B
1 53761U 22109B   26283.41092615  .00018498  00000-0  41148-3 0  9996
2 53761  34.9768 284.3054 0005456 196.6907 163.3635 15.42717430228659
0 STARLINK-36330
1 67737U 26026S   26283.41088197  .00015786  00000-0  49040-3 0  9992
2 67737  97.2845 334.9843 0001859  94.7768 265.3687 15.33437110 37033
0 STARLINK-3898
1 52458U 22049H   26283.41083121  .00000029  00000-0  11984-4 0  9990
2 52458  53.1617 176.3869 0001094  94.1272 265.9856 15.34389752244646
0 STARLINK-32186
1 60412U 24141Q   26283.41082610 -.00004082  00000-0 -10972-3 0  9996
2 60412  53.1614 320.3916 0000953  89.6804 270.4308 15.34406901122463
0 ONEWEB-0572
1 55151U 23004M   26283.41077065  .00000056  00000-0  11194-3 0  9997
2 55151  87.9179 342.9900 0001906 104.1509 255.9834 13.17648294182656
0 STARLINK-35302
1 65845U 25221Y   26283.41074117  .00012346  00000-0  37593-3 0  9992
2 65845  53.1591 166.3357 0001276  90.1579 269.9570 15.34399758 57679
0 STARLINK-34211
1 64255U 25119Y   26283.41072249  .00013290  00000-0  49140-3 0  9996
2 64255  43.0038 174.8022 0000507 297.7671  62.3129 15.27592220 77009
0 FENGYUN 1C DEB
1 32128U 99025CRW 26283.41060312  .00001019  00000-0  41056-3 0  9999
2 32128  98.9946 328.3638 0396206 114.6706 249.6250 13.94870844671906
0 STARLINK-4376
1 53216U 22084AD  26283.41047428  .00001299  00000-0  42548-4 0  9992
2 53216  97.2842 337.9446 0001106 105.0087 255.1279 15.33441364231748
0 STARLINK-4634
1 53967U 22125D   26283.41036914  .00000020  00000-0  11723-4 0  9991
2 53967  53.1598 328.4847 0001159  84.2663 275.8472 15.34394535221893
0 ONEWEB-0326
1 49195U 21083K   26283.41030156  .00000075  00000-0  15799-3 0  9999
2 49195  87.9123 312.5550 0002141  91.6734 268.4644 13.18687431245185
0 STARLINK-37699
1 A0279U 26183H   26283.41024391  .00015873  00000-0  47986-3 0  9994
2 A0279  53.1610 164.8068 0001550  73.6832 286.4341 15.34403235  9354
0 STARLINK-32900
1 63093U 25037S   26283.41024321  .00009289  00000-0  31885-3 0  9992
2 63093  70.0020 168.3481 0003439 273.0231  87.0551 15.30421442 90742
0 KUIPER-00222
1 67782U 26030U   26283.41023795  .00000495  00000-0  93996-4 0  9991
2 67782  51.8970 331.2478 0000546  79.2209 280.8815 14.79929839 37142
0 STARLINK-35785
1 67176U 25303P   26283.41019572  .00018351  00000-0  67411-3 0  9990
2 67176  42.9995 178.1064 0000587 351.9731   8.1112 15.27610689 45572
0 FENGYUN 1C DEB
1 29771U 99025BM  26283.41014168  .00193429  00000-0  82578-2 0  9997
2 29771  99.6081 201.8279 0006120 180.7339 179.3883 15.21989597376326
0 STARLINK-6232
1 57085U 23088AP  26283.40993670 -.00000074  00000-0  68214-5 0  9993
2 57085  43.0030 323.1059 0000921 269.1414  90.9333 15.27578124183347
0 STARLINK-1172
1 45074U 20006AG  26283.40991524  .00049002  00000-0  88338-3 0  9991
2 45074  53.1494 325.5534 0003100  14.5446 345.5652 15.49312330369956
0 STARLINK-3139
1 49425U 21104T   26283.40989956  .00000347  00000-0  22956-4 0  9995
2 49425  53.1606 328.1395 0001875  78.9480 281.1732 15.31704903271282
0 STARLINK-31688
1 59386U 24062N   26283.40988961  .00016310  00000-0  49266-3 0  9992
2 59386  53.1606 336.3626 0001414  80.2163 279.8999 15.34408857142536
0 STARLINK-33711
1 63404U 25065F   26283.40985668  .00025271  00000-0  92389-3 0  9993
2 63404  43.0037 334.0241 0001234 272.3370  87.7340 15.27608905 85686
0 STARLINK-35018
1 65288U 25184R   26283.40983658  .00017548  00000-0  54481-3 0  9993
2 65288  97.2861 331.0640 0001001  92.4666 267.6691 15.33434521 63777
0 STARLINK-5666
1 55349U 23013U   26283.40978884 -.00000189  00000-0  26689-5 0  9999
2 55349  43.0031 170.6495 0001369 263.4769  96.5927 15.27578884204512
0 STARLINK-30481
1 57899U 23146J   26283.40973165 -.00002753  00000-0 -90550-4 0  9992
2 57899  43.0030 181.6849 0001305 271.0417  89.0285 15.27584873169893
0 IRIDIUM 132
1 42961U 17061G   26283.40966162 -.00000039  00000-0 -21145-4 0  9993
2 42961  86.3994 337.1118 0002103  94.3638 265.7798 14.34217104471335
0 ONEWEB-0132
1 47278U 20100W   26283.40965875  .00000222  00000-0  58108-3 0  9997
2 47278  87.8941 327.7911 0001896  95.5111 264.6233 13.12444009279690
0 STARLINK-11252
1 61051U 24164B   26283.40956040  .00002959  00000-0  29294-4 0  9994
2 61051  53.1607 332.7401 0001295  81.6012 278.5153 15.69693964119147
0 FENGYUN 1C DEB
1 38135U 99025EQG 26283.40953496  .00000768  00000-0  26676-3 0  9997
2 38135  98.6215 341.0987 0219312 271.3600  86.2467 14.25972028653391
0 YAOGAN 8
1 36121U 09072A   26283.40942757  .00000048  00000-0  27493-3 0  9990
2 36121 100.1955 161.7250 0021683  64.7649 295.5703 13.05087459803705
0 STARLINK-38200
1 A0232U 26177V   26283.40941017  .00019353  00000-0  60012-3 0  9990
2 A0232  97.2855 334.1034 0001812  96.2192 263.9257 15.33450692 10423
0 STARLINK-3268
1 50190U 21125AL  26283.40933890 -.00000049  00000-0  96937-5 0  9996
2 50190  53.1613 334.3073 0001220  82.3859 277.7282 15.34390141269439
0 STARLINK-4501
1 53553U 22101AC  26283.40932260 -.00000202  00000-0  54168-5 0  9998
2 53553  53.1600 179.3031 0001502  88.8631 271.2532 15.08833896229381
0 STARLINK-35011
1 66082U 25235AA  26283.40926913  .00011220  00000-0  37249-3 0  9998
2 66082  53.1594 325.9557 0001149  84.2182 275.8950 15.31726240 55824
0 STARLINK-4411
1 53202U 22084P   26283.40922873  .00000052  00000-0  39306-5 0  9997
2 53202  97.2843 338.7623 0000877  97.8614 262.2728 15.33438348231799
0 STARLINK-34410
1 64440U 25130C   26283.40921912  .00022696  00000-0  68076-3 0  9993
2 64440  53.1592 168.6348 0001106  96.5593 263.5535 15.34402487 73610
0 STARLINK-30309
1 57632U 23122A   26283.40920667 -.00000227  00000-0  12857-5 0  9998
2 57632  43.0045 320.0481 0001148 261.8388  98.2334 15.27577972175047
0 ONEWEB-0627
1 55168U 23004AE  26283.40906535  .00000075  00000-0  16061-3 0  9996
2 55168  87.9179 343.0000 0002379  99.3085 260.8315 13.17651496182754
0 STARLINK-2429
1 47838U 21018BD  26283.40900020  .00001155  00000-0  48969-4 0  9990
2 47838  53.1604 326.4495 0001278  87.9925 272.1223 15.31708635309585
0 STARLINK-37363
1 69158U 26111L   26283.40883497  .00022139  00000-0  66421-3 0  9993
2 69158  53.1612 332.7646 0002025  84.4968 275.6266 15.34411057 21950
0 STARLINK-31281
1 59077U 24041D   26283.40883228  .00003299  00000-0  12925-3 0  9990
2 59077  43.0032 177.7772 0001397 281.3283  78.7412 15.27610772147163
0 STARLINK-32380
1 61069U 24164V   26283.40882289  .00000981  00000-0  43352-4 0  9990
2 61069  53.1580 172.2398 0001273  81.0427 279.0719 15.31707786116371
0 STARLINK-36594
1 67574U 26016P   26283.40879647  .00014159  00000-0  44001-3 0  9992
2 67574  97.2859 341.8197 0001364 107.9116 252.2275 15.33450688 39777
0 STARLINK-3976
1 52673U 22053T   26283.40875282  .00000583  00000-0  27605-4 0  9992
2 52673  53.1583 254.9371 0001271  88.7187 271.3962 15.35403239243667
0 STARLINK-32265
1 60415U 24141T   26283.40872276  .00000545  00000-0  27281-4 0  9993
2 60415  53.1584 320.3793 0001575  98.1373 261.9809 15.34395948122528
0 STARLINK-37108
1 68218U 26053M   26283.40869827  .00018406  00000-0  57108-3 0  9999
2 68218  97.2836 156.8934 0002475  81.2065 278.9458 15.33442116 33120
0 FENGYUN 1C DEB
1 31820U 99025CHJ 26283.40867110  .00009368  00000-0  62143-3 0  9992
2 31820  98.9307 143.0632 0135676 114.6879 246.8537 15.00208718 27292
0 STARLINK-35393
1 65827U 25221E   26283.40864322  .00033859  00000-0  10078-2 0  9996
2 65827  53.1592 166.3309 0001172  93.1622 266.9515 15.34429718 59021
0 FENGYUN 1C DEB
1 31667U 99025CBZ 26283.40852164  .00000347  00000-0  17028-3 0  9994
2 31667  99.0473 149.7272 0050200 303.5947  56.0444 14.23797747602852
0 ONEWEB-0303
1 49187U 21083B   26283.40848981  .00000018  00000-0  12274-4 0  9995
2 49187  87.9124 312.5551 0002063  93.9471 266.1897 13.18685808245163
0 STARLINK-5622
1 55358U 23013AD  26283.40848697  .00001559  00000-0  66151-4 0  9995
2 55358  43.0044 170.6379 0001460 265.3667  94.7018 15.27591378204511
0 STARLINK-34173
1 64196U 25113AC  26283.40846923  .00007072  00000-0  23927-3 0  9997
2 64196  53.1602 172.0745 0001399 101.4999 258.6160 15.31721206 77961
0 STARLINK-36412
1 67518U 26012AB  26283.40839513  .00018200  00000-0  66812-3 0  9999
2 67518  43.0002 181.4802 0004373 259.3649 100.6711 15.27630424 40607
0 STARLINK-11206
1 60312U 24133M   26283.40838195 -.00001940  00000-0 -11173-4 0  9997
2 60312  53.1585 168.0607 0000596 102.1480 257.9604 15.69697044127458
0 STARLINK-6029
1 56803U 23078AN  26283.40834277 -.00000088  00000-0  42120-6 0  9990
2 56803  69.9997 163.0493 0002776 270.8913  89.1928 14.98329911184840
0 STARLINK-4633
1 53964U 22125A   26283.40826918  .00000793  00000-0  34616-4 0  9991
2 53964  53.1604 328.4723 0001157  78.4544 281.6588 15.34392346221893
0 STARLINK-32326
1 61674U 24193P   26283.40813363  .00000194  00000-0  18019-4 0  9999
2 61674  53.1601 172.0546 0001351  86.8748 273.2408 15.31701553109421
0 STARLINK-37457
1 A0294U 26183Y   26283.40813250  .00022750  00000-0  68248-3 0  9996
2 A0294  53.1607 164.7816 0001368  85.1525 274.9634 15.34397220  9354
0 STARLINK-5866
1 57233U 23094R   26283.40794193 -.00002571  00000-0 -83989-4 0  9994
2 57233  43.0025 258.1208 0002507 257.3896 102.6676 15.27554867179955
0 KUIPER-00196
1 67144U 25301M   26283.40787534 -.00000778  00000-0 -73067-4 0  9993
2 67144  51.8957 161.1139 0001226  94.3073 265.8029 14.79929755 46019
0 STARLINK-31558
1 59196U 24045U   26283.40785067 -.00001156  00000-0 -32492-4 0  9992
2 59196  43.0016 319.5919 0001099 273.0674  87.0052 15.27573107146013
0 STARLINK-31028
1 58516U 23191J   26283.40776246 -.00000852  00000-0 -21441-4 0  9991
2 58516  43.0020 330.4775 0000805 250.8998 109.1767 15.27591475158314
0 IRIDIUM 33 DEB
1 33866U 97051AK  26283.40774176  .00001164  00000-0  44352-3 0  9998
2 33866  86.3048 325.2576 0110237 270.0254 101.1203 14.26849531911104
0 FENGYUN 1C DEB
1 31269U 99025BNB 26283.40771057  .00004548  00000-0  89831-3 0  9991
2 31269  98.1465 155.5464 0231860  73.8535  99.0562 14.47171479  8360
0 STARLINK-35755
1 67163U 25303A   26283.40761653  .00021816  00000-0  79919-3 0  9995
2 67163  43.0009 178.0903 0002262 268.1806  91.8787 15.27609853 45579
0 STARLINK-32903
1 63090U 25037P   26283.40751833  .00007867  00000-0  27072-3 0  9996
2 63090  70.0023 168.3418 0002954 267.9511  92.1326 15.30425447 90742
0 STARLINK-3725
1 52123U 22029AM  26283.40743422  .00002269  00000-0  75964-4 0  9999
2 52123  53.1596 176.3458 0001220  91.5363 268.5780 15.35387036253467
0 STARLINK-37973
1 A0281U 26183K   26283.40741256  .00031206  00000-0  90147-3 0  9997
2 A0281  53.1598 164.7932 0001404  72.9924 287.1233 15.35411697  9353
0 STARLINK-2514
1 48331U 21036BH  26283.40736811  .00049808  00000-0  11306-2 0  9994
2 48331  53.1531 176.9249 0001498  97.7446 262.3731 15.42580767301010
0 FENGYUN 1C DEB
1 30868U 99025AXE 26283.40714130  .00000119  00000-0  79337-4 0  9995
2 30868  98.2196 141.9783 0136843  65.2425 108.3984 14.11250666  9648
0 STARLINK-36545
1 67505U 26012N   26283.40712061  .00021189  00000-0  77661-3 0  9997
2 67505  42.9988 181.4770 0002377 267.9154  92.1426 15.27608568 40608
0 ONEWEB-0285
1 49075U 21075A   26283.40710548  .00000161  00000-0  41330-3 0  9992
2 49075  87.8943 327.7873 0002099  98.5196 261.6171 13.12444676250325
0 STARLINK-35349
1 65835U 25221N   26283.40709722  .00021371  00000-0  64192-3 0  9990
2 65835  53.1588 168.4497 0001594  86.2738 273.8447 15.34396418 57642
0 STARLINK-37813
1 A0289U 26183T   26283.40696818  .00019931  00000-0  58069-3 0  9996
2 A0289  53.1600 164.7788 0001471  88.1062 272.0109 15.35403968  9357
0 STARLINK-1307
1 45397U 20019AP  26283.40685981  .00043156  00000-0  42666-3 0  9998
2 45397  53.0485 168.2516 0003521 119.7151 240.4214 15.65457491363523
0 STARLINK-34183
1 64254U 25119X   26283.40685198  .00023894  00000-0  87413-3 0  9993
2 64254  43.0008 174.7755 0000546 333.7060  26.3764 15.27613007 77005
0 FENGYUN 1C DEB
1 30765U 99025AUB 26283.40683324  .00000920  00000-0  48253-3 0  9993
2 30765  98.7585 329.4178 0068068  69.7938 303.2163 14.15460432 10660
0 ONEWEB-0560
1 55145U 23004F   26283.40679697  .00000086  00000-0  18499-3 0  9996
2 55145  87.9119 312.5512 0001594  94.0181 266.1133 13.18687231184890
0 STARLINK-35364
1 65840U 25221T   26283.40653820  .00023256  00000-0  69734-3 0  9994
2 65840  53.1590 166.3137 0001416  75.6064 284.5096 15.34397623 57677
0 STARLINK-36563
1 67550U 26014U   26283.40641710  .00013319  00000-0  41424-3 0  9995
2 67550  97.2843 168.5627 0001915  91.2558 268.8904 15.33438021 41696
0 FENGYUN 1C DEB
1 29818U 99025DL  26283.40637800  .00000202  00000-0  14439-3 0  9990
2 29818  98.6769 153.3547 0113392 257.9432 278.6775 14.04680297 10390
0 STARLINK-35878
1 67178U 25303R   26283.40633783  .00021993  00000-0  80580-3 0  9995
2 67178  43.0003 178.0724 0001390 277.0504  83.0190 15.27602268 45579
0 STARLINK-5993
1 56449U 23064B   26283.40604722  .00000614  00000-0  59293-4 0  9992
2 56449  69.9981 323.2759 0003747 269.4073  90.6656 14.98331269187403
0 LEMUR-2-TARTIFLETTE
1 66784U 25276DY  26283.40603666  .00005548  00000-0  44879-3 0  9992
2 66784  97.5155 350.1202 0017738 103.3447 256.9756 15.00035909 47469
0 STARLINK-37106
1 68219U 26053N   26283.40597922  .00016664  00000-0  51732-3 0  9995
2 68219  97.2833 156.8971 0002101  90.2674 269.8810 15.33445866 33127
0 YAOGAN-35 A
1 49390U 21101A   26283.40594366  .00009225  00000-0  32922-3 0  9997
2 49390  34.9979 266.4164 0005846 329.2311  30.8062 15.28095600274504
0 STARLINK-5609
1 55348U 23013T   26283.40593844  .00000855  00000-0  40579-4 0  9999
2 55348  43.0037 170.6179 0001227 271.1949  88.8762 15.27574692204519
0 STARLINK-30479
1 57898U 23146H   26283.40588144 -.00001413  00000-0 -41827-4 0  9995
2 57898  42.9978 181.6593 0000916 275.6974  84.3773 15.27582424169892
0 ONEWEB-0463
1 51650U 22012AE  26283.40571177  .00000079  00000-0  16922-3 0  9996
2 51650  87.9171 343.0020 0001838 107.8487 252.2845 13.17648911228842
0 STARLINK-34166
1 64158U 25112N   26283.40564247  .00015861  00000-0  49263-3 0  9996
2 64158  97.2839 330.1120 0001580  91.2519 268.8905 15.33441292 75795
0 STARLINK-35375
1 66065U 25235H   26283.40563732  .00023068  00000-0  69140-3 0  9993
2 66065  53.1588 326.6536 0001510  91.7436 268.3739 15.34416054 55813
0 STARLINK-4452
1 53658U 22105L   26283.40556367  .00001886  00000-0  60716-4 0  9991
2 53658  97.2831 159.7987 0002026  88.0773 272.0702 15.33448004225784
0 STARLINK-36737
1 67740U 26026V   26283.40545134  .00013861  00000-0  43075-3 0  9998
2 67740  97.2842 334.9915 0002061  99.3877 260.7599 15.33454223 37037
0 STARLINK-30243
1 57648U 23122S   26283.40534732  .00000084  00000-0  12587-4 0  9998
2 57648  42.9996 320.0076 0001232 274.3493  85.7218 15.27577685175040
0 STARLINK-3131
1 49427U 21104V   26283.40523373  .00000474  00000-0  27029-4 0  9991
2 49427  53.1611 328.1504 0001313  71.7637 288.3507 15.31705367271288
0 KUIPER-00169
1 65782U 25217W   26283.40518676  .00001820  00000-0  26772-3 0  9991
2 65782  51.9007 163.6547 0000834  97.3448 262.7609 14.79932727 56817
0 STARLINK-11529
1 62599U 25008N   26283.40518605  .00220576  00000-0  16664-2 0  9993
2 62599  43.0001 271.9055 0004985 278.0281  82.0021 15.70985473101064
0 FENGYUN 1C DEB
1 29982U 99025LG  26283.40509850  .00001388  00000-0  22487-3 0  9993
2 29982  99.3781 154.0368 0119770  88.1168  85.4454 14.68638077 47093
0 STARLINK-35041
1 66188U 25243M   26283.40508484  .00031552  00000-0  94095-3 0  9995
2 66188  53.1590 324.6643 0001293  83.9052 276.2098 15.34402938 53577
0 FENGYUN 1C DEB
1 30805U 99025AUP 26283.40505773  .00000550  00000-0  36981-3 0  9993
2 30805  98.7928 321.3871 0073078 162.1394 212.6482 14.03435978  1917
0 STARLINK-33945
1 64154U 25112J   26283.40502526  .00016032  00000-0  49797-3 0  9997
2 64154  97.2852 337.8527 0000484 106.5988 253.5308 15.33438163 76290
0 STARLINK-11673
1 64318U 25124B   26283.40499160  .00166628  00000-0  12721-2 0  9994
2 64318  43.0013 174.9742 0002153 279.9278  80.1346 15.70916376 76600
0 KUIPER-00213
1 67777U 26030P   26283.40483286  .00002640  00000-0  37513-3 0  9995
2 67777  51.8971 336.1774 0000321  50.9767 309.1224 14.79934546 37078
0 STARLINK-3156
1 49458U 21104BC  26283.40478724  .00000634  00000-0  30591-4 0  9990
2 49458  53.1605 318.9071 0001195  78.1080 282.0056 15.33552196271419
0 STARLINK-32906
1 63080U 25037D   26283.40477730  .00108637  00000-0  37033-2 0  9990
2 63080  70.0025 168.3267 0004015 249.0275 111.0471 15.29803675 90881
0 STARLINK-1277
1 45369U 20019K   26283.40472760  .00134865  00000-0  58412-3 0  9990
2 45369  53.0357 175.8548 0003919 112.8535 247.2901 15.83996169363595
0 GLOBALSTAR M090
1 38044U 11080E   26283.40464646 -.00000076  00000-0  15360-3 0  9996
2 38044  52.0147 337.7840 0000328 149.3777 223.5226 12.62268298684267
0 STARLINK-37328
1 69160U 26111N   26283.40462824  .00032966  00000-0  98189-3 0  9998
2 69160  53.1595 332.7351 0001862  86.8394 273.2822 15.34419705 21953
0 STARLINK-37945
1 69669U 26143W   26283.40458817  .00013191  00000-0  41008-3 0  9991
2 69669  97.2854 326.3223 0002439 101.1740 258.9777 15.33452532 18193
0 ONEWEB-0102
1 47258U 20100A   26283.40455942  .00000036  00000-0  65310-4 0  9991
2 47258  87.8939 327.7941 0001682  94.2822 265.8499 13.12444631279841
0 STARLINK-36415
1 67519U 26012AC  26283.40455488  .00019003  00000-0  69790-3 0  9995
2 67519  42.9979 181.4437 0001876 288.8545  71.2103 15.27597381 40602
0 STARLINK-34652
1 64772U 25147T   26283.40454413  .00023583  00000-0  70677-3 0  9992
2 64772  53.1586 320.5938 0001260  89.5685 270.5462 15.34405816 71692
0 STARLINK-4588
1 53641U 22104BF  26283.40449874  .00001352  00000-0  55288-4 0  9992
2 53641  53.1603 325.1664 0001078  72.8629 287.2490 15.31714252228843
0 STARLINK-34845
1 65289U 25184S   26283.40439869  .00011832  00000-0  36827-3 0  9998
2 65289  97.2839 331.0685 0001293  90.9102 269.2288 15.33441757 63772
0 STARLINK-2411
1 47826U 21018AR  26283.40430105  .00001341  00000-0  54980-4 0  9996
2 47826  53.1590 326.1004 0000889  96.5013 263.6089 15.31696304309595
0 STARLINK-6031
1 56810U 23078AV  26283.40417676 -.00001050  00000-0 -80245-4 0  9997
2 56810  69.9996 163.0343 0002677 269.9863  90.0990 14.98321468184843
0 STARLINK-32378
1 61064U 24164Q   26283.40415724  .00000325  00000-0  22221-4 0  9995
2 61064  53.1590 172.2086 0001285  89.0888 271.0261 15.31703854116379
0 STARLINK-35713
1 66278U 25247P   26283.40415697  .00011812  00000-0  36018-3 0  9990
2 66278  53.1583 268.7052 0001393 106.5409 253.5746 15.34399915 54030
0 STARLINK-4606
1 53632U 22104AW  26283.40408865  .00000354  00000-0  21619-4 0  9999
2 53632  53.1607 328.6683 0001281  86.7641 273.3508 15.34392442228796
0 FENGYUN 1C DEB
1 29904U 99025HA  26283.40405855  .00001328  00000-0  30302-3 0  9996
2 29904  99.0037 345.1046 0207084 140.8128 220.8265 14.45321516 34141
0 STARLINK-31542
1 59194U 24045S   26283.40399172 -.00000230  00000-0  11562-5 0  9995
2 59194  43.0029 319.5641 0000649 247.6957 112.3826 15.27580678146009
0 STARLINK-37717
1 A0226U 26177P   26283.40397149  .00010782  00000-0  33573-3 0  9993
2 A0226  97.2849 334.1076 0001666 100.0009 260.1422 15.33453247 11550
0 STARLINK-31011
1 58517U 23191K   26283.40390896  .00000046  00000-0  11204-4 0  9994
2 58517  43.0035 330.4590 0001393 278.4188  81.6505 15.27581737158310
0 STARLINK-34063
1 64185U 25113R   26283.40379801  .00007639  00000-0  25759-3 0  9995
2 64185  53.1592 172.0470 0001067  94.5314 265.5809 15.31711961 77961
0 STARLINK-4364
1 53230U 22084AT  26283.40379751  .00001698  00000-0  54952-4 0  9999
2 53230  97.2843 338.8243 0001070 102.8999 257.2363 15.33423238231801
0 STARLINK-35793
1 67179U 25303S   26283.40377274  .00026910  00000-0  98320-3 0  9991
2 67179  42.9998 178.0542 0000542 305.0013  55.0788 15.27601473 45573
0 STARLINK-36579
1 67541U 26014K   26283.40370203  .00019239  00000-0  59682-3 0  9993
2 67541  97.2841 168.5662 0002695  95.9825 264.1725 15.33437720 41692
0 ONEWEB-0166
1 48065U 21025Z   26283.40363865  .00000232  00000-0  59994-3 0  9995
2 48065  87.8891 297.2726 0001880  93.5608 266.5736 13.13471089268771
0 STARLINK-2389
1 47808U 21018X   26283.40359228  .00000027  00000-0  12619-4 0  9995
2 47808  53.1597 323.3712 0001260  90.5290 269.5856 15.31704433309682
0 STARLINK-35379
1 66084U 25235AC  26283.40353793  .00030282  00000-0  90360-3 0  9992
2 66084  53.1587 326.6312 0001263  81.3990 278.7156 15.34405933 55812
0 STARLINK-11205
1 60313U 24133N   26283.40347559 -.00001837  00000-0 -10311-4 0  9995
2 60313  53.1593 168.0285 0001073  88.8343 271.2798 15.69699971127453
0 STARLINK-34197
1 64184U 25113Q   26283.40346454  .00012693  00000-0  38613-3 0  9991
2 64184  53.1588 172.7540 0001609  76.7268 283.3914 15.34402019 77950
0 STARLINK-32310
1 61662U 24193B   26283.40346331  .00001267  00000-0  52584-4 0  9999
2 61662  53.1618 172.0296 0001413  78.9161 281.2000 15.31706577109426
0 STARLINK-36435
1 67568U 26016H   26283.40336057  .00012729  00000-0  39584-3 0  9999
2 67568  97.2859 341.8290 0001626  98.5624 261.5803 15.33452827 39771
0 GLOBALSTAR M049
1 25771U 99031B   26283.40335347 -.00000053  00000-0  41606-3 0  9993
2 25771  51.9858 185.6913 0002953  84.3324 275.7809 11.12138209170853
0 IRIDIUM 107
1 42960U 17061F   26283.40331804  .00000142  00000-0  43536-4 0  9992
2 42960  86.3997 337.1360 0002015  92.8383 267.3044 14.34218263471337
0 STARLINK-37012
1 68221U 26053Q   26283.40326230  .00011271  00000-0  35098-3 0  9996
2 68221  97.2844 156.8994 0002401  90.0012 270.1506 15.33439737 33121
0 IRIDIUM 47 DEB
1 40254U 97082P   26283.40324092  .00041975  00000-0  48250-2 0  9993
2 40254  85.9872 159.0951 0052543 104.3356 256.3709 14.84595146619530
0 ONEWEB-0393
1 50473U 21132E   26283.40317511  .00000047  00000-0  87521-4 0  9999
2 50473  87.9175 342.9897 0002038  99.7148 260.4214 13.17649229233282
0 ORBCOMM-X
1 21576U 91050C   26283.40305172  .00000194  00000-0  69597-4 0  9993
2 21576  98.2828 343.6571 0004025 155.8986 204.2394 14.43632836851392
0 STARLINK-4595
1 53627U 22104AR  26283.40304874 -.00000224  00000-0  45089-5 0  9993
2 53627  53.1605 334.4288 0001180  70.6517 289.4613 15.34387138228382
0 STARLINK-34229
1 64250U 25119T   26283.40300165  .00014778  00000-0  54503-3 0  9992
2 64250  43.0016 174.7500 0000730 285.0651  75.0120 15.27607085 77004
0 STARLINK-35299
1 66072U 25235Q   26283.40296410  .00019769  00000-0  59471-3 0  9996
2 66072  53.1602 324.5046 0001323  80.6195 279.4958 15.34398133 55848
0 FENGYUN 1C DEB
1 31244U 99025BMA 26283.40296052  .00000565  00000-0  35027-3 0  9994
2 31244  99.0003 350.8629 0101925  53.5397 307.5113 14.06612702618802
0 STARLINK-34338
1 64151U 25112F   26283.40292356  .00016961  00000-0  52672-3 0  9998
2 64151  97.2844 330.1146 0001410  87.4098 272.7306 15.33433178 75796
0 STARLINK-35231
1 65849U 25221AC  26283.40288801  .00011611  00000-0  35414-3 0  9996
2 65849  53.1602 168.4223 0001353  70.4345 289.6804 15.34408835 58991
0 STARLINK-2433
1 47841U 21018BG  26283.40276408 -.00013515  00000-0 -42430-3 0  9991
2 47841  53.1595 319.7909 0001144 112.7762 247.3360 15.31717420309668
0 STARLINK-36693
1 67742U 26026X   26283.40273349  .00017130  00000-0  53170-3 0  9996
2 67742  97.2869 334.9964 0000398  68.6843 291.4442 15.33446798 37031
0 STARLINK-31003
1 58520U 23191N   26283.40262215  .00000377  00000-0  23221-4 0  9990
2 58520  43.0030 330.4466 0001199 263.8852  96.1863 15.27586900158316
0 STARLINK-5608
1 55353U 23013Y   26283.40257664 -.00000785  00000-0 -19010-4 0  9992
2 55353  43.0037 167.1802 0001478 265.3181  94.7502 15.27573686204554
0 STARLINK-37311
1 69161U 26111P   26283.40253612  .00024662  00000-0  73857-3 0  9991
2 69161  53.1601 332.7245 0002739  87.6085 272.5231 15.34402124 21957
0 STARLINK-2361
1 47901U 21021AT  26283.40249753  .00050679  00000-0  92180-3 0  9992
2 47901  53.1531 323.7964 0004041  21.7060 338.4119 15.49040029309498
0 STARLINK-37381
1 68774U 26086J   26283.40248229  .00010816  00000-0  33678-3 0  9992
2 68774  97.2833 318.5242 0001309  96.0433 264.0959 15.33454607 26730
0 KUIPER-00165
1 65778U 25217S   26283.40247614  .00002881  00000-0  40670-3 0  9998
2 65778  51.8999 166.1468 0000803 102.2561 257.8491 14.79939996 56773
0 STARLINK-32178
1 60413U 24141R   26283.40241066  .00000386  00000-0  22559-4 0  9994
2 60413  53.1602 320.3384 0001401  81.9922 278.1240 15.34399486122464
0 STARLINK-3730
1 52139U 22029BD  26283.40240943  .00000427  00000-0  23788-4 0  9997
2 52139  53.1600 176.3328 0001368  88.3530 271.7630 15.34397868253462
0 STARLINK-6194
1 57077U 23088AF  26283.40237704  .00000045  00000-0  11157-4 0  9993
2 57077  43.0019 323.9061 0001027 266.1471  93.9264 15.27577522183497
0 FENGYUN 1C DEB
1 30342U 99025ABD 26283.40235161  .00000508  00000-0  47952-3 0  9993
2 30342 100.1849 131.2935 0168756  67.1247  55.6401 13.80403181990504
0 STARLINK-34295
1 64455U 25130T   26283.40234722  .00014660  00000-0  44414-3 0  9997
2 64455  53.1594 166.4568 0001364 101.7046 258.4110 15.34402845 73649
0 STARLINK-4359
1 53226U 22084AP  26283.40231132 -.00000287  00000-0 -65508-5 0  9999
2 53226  97.2844 337.9175 0001098  78.6676 281.4690 15.33445222231745
0 STARLINK-5675
1 55340U 23013K   26283.40208122 -.00000430  00000-0 -61137-5 0  9998
2 55340  43.0042 170.5948 0001130 262.0550  98.0174 15.27577290204517
0 STARLINK-4077
1 53154U 22083Y   26283.40206062  .00000772  00000-0  34001-4 0  9992
2 53154  53.1602 268.7282 0001088  97.2112 262.9015 15.34388115233924
0 STARLINK-4605
1 53616U 22104AE  26283.40195825  .00000565  00000-0  27859-4 0  9996
2 53616  53.1602 328.4689 0001183  78.1627 281.9509 15.34394884228458
0 STARLINK-6208
1 56895U 23083V   26283.40195374  .00000385  00000-0  23519-4 0  9993
2 56895  43.0041 316.3839 0001204 290.8191  69.2532 15.27577779184420
0 STARLINK-3140
1 49460U 21104BE  26283.40189058 -.00001908  00000-0 -45384-4 0  9995
2 49460  53.1610 318.3383 0001405  75.9912 284.1247 15.34372686271411
0 STARLINK-37948
1 69670U 26143X   26283.40186895  .00013812  00000-0  42930-3 0  9992
2 69670  97.2848 326.3227 0001123  90.2506 269.8866 15.33450044 18195
0 STARLINK-5985
1 56451U 23064D   26283.40186611  .00000519  00000-0  51278-4 0  9996
2 56451  69.9981 323.2613 0003746 268.8632  91.2098 14.98333394187406
0 STARLINK-34954
1 65275U 25184C   26283.40168077  .00012196  00000-0  37947-3 0  9991
2 65275  97.2835 331.0672 0001439  99.6162 260.5243 15.33445416 63774
0 STARLINK-30276
1 57652U 23122W   26283.40149332  .00000247  00000-0  18502-4 0  9995
2 57652  43.0047 319.9820 0001503 267.8797  92.1883 15.27591442175040
0 STARLINK-30142
1 56836U 23079P   26283.40148216  .00001684  00000-0  70735-4 0  9991
2 56836  43.0032 331.2379 0001203 290.1029  69.9694 15.27566132185767
0 STARLINK-4494
1 53558U 22101AH  26283.40130178 -.00000177  00000-0  59008-5 0  9990
2 53558  53.1587 160.8242 0001243  72.6328 287.4810 15.34396568229641
0 STARLINK-38075
1 A0227U 26177Q   26283.40124782  .00008095  00000-0  25282-3 0  9997
2 A0227  97.2835 333.9593 0001358  93.6433 266.4965 15.33442433 11481
0 ONEWEB-0123
1 47269U 20100M   26283.40116085 -.00000251  00000-0 -73398-3 0  9990
2 47269  87.8945 327.7882 0001940  98.9477 261.1872 13.12443419279801
0 STARLINK-31276
1 59075U 24041B   26283.40114866  .00000152  00000-0  15030-4 0  9999
2 59075  43.0006 177.7177 0000648 278.1959  81.8819 15.27579996147161
0 STARLINK-36426
1 67560U 26014AA  26283.40097742  .00012732  00000-0  39599-3 0  9994
2 67560  97.2844 168.5711 0001802  94.9826 265.1622 15.33448173 41680
0 ORBCOMM FM 36
1 25984U 99065E   26283.40089703  .00000721  00000-0  27536-3 0  9995
2 25984  45.0402 332.5483 0005025 218.3027 141.7466 14.39376492403585
0 STARLINK-35131
1 66075U 25235T   26283.40085347  .00018678  00000-0  56231-3 0  9993
2 66075  53.1588 324.4872 0001487  86.7070 273.4103 15.34413602 55845
0 STARLINK-5649
1 55354U 23013Z   26283.40079660 -.00000245  00000-0  59831-6 0  9998
2 55354  43.0030 170.5784 0000889 255.6679 104.4074 15.27575896204518
0 STARLINK-35281
1 65824U 25221B   26283.40078587  .00009057  00000-0  27889-3 0  9995
2 65824  53.1595 168.4116 0001400  83.1065 277.0097 15.34398234 58995
0 STARLINK-34862
1 65180U 25175G   26283.40073380  .00014453  00000-0  44913-3 0  9997
2 65180  97.2829 152.1150 0002931  71.6551 288.5010 15.33444473 65186
0 STARLINK-32946
1 63196U 25048P   26283.40073069  .00017358  00000-0  63828-3 0  9998
2 63196  42.9983 316.7536 0000134 330.1564  29.9280 15.27607326 89885
0 ONEWEB-0289
1 49079U 21075E   26283.40063976  .00000119  00000-0  27442-3 0  9993
2 49079  87.9169 343.0065 0001623 108.7988 251.3319 13.17648329249378
0 STARLINK-38255
1 A0269U 26181Z   26283.40063529  .00016207  00000-0  50331-3 0  9996
2 A0269  97.2837 327.2174 0001516  75.4102 284.7309 15.33441150 11038
0 STARLINK-37030
1 68220U 26053P   26283.40054383  .00016623  00000-0  51622-3 0  9999
2 68220  97.2848 156.9012 0002603  90.6879 269.4662 15.33435435 33122
0 STARLINK-31290
1 59085U 24041M   26283.40049034  .00002933  00000-0  11601-3 0  9992
2 59085  43.0042 163.8669 0001056 262.6231  97.4501 15.27597914147418
0 STARLINK-32907
1 63095U 25037U   26283.40040925  .00007736  00000-0  27319-3 0  9993
2 63095  70.0029 168.3100 0002717 276.1108  83.9757 15.29592553 90839
0 STARLINK-34246
1 64769U 25147Q   26283.40033557  .00019407  00000-0  58387-3 0  9994
2 64769  53.1597 320.5687 0001579  67.6804 292.4365 15.34408840 71699
0 STARLINK-31395
1 59180U 24045C   26283.40028083 -.00000455  00000-0 -70185-5 0  9996
2 59180  43.0037 320.3985 0001330 278.3214  81.7487 15.27585543145994
0 STARLINK-34445
1 64457U 25130V   26283.40023960  .00014326  00000-0  43420-3 0  9994
2 64457  53.1601 166.4433 0001246  91.0017 269.1129 15.34407926 73643
0 STARLINK-34313
1 64166U 25112W   26283.40020146  .00014900  00000-0  46280-3 0  9999
2 64166  97.2859 330.1283 0001134  99.4556 260.6815 15.33454131 75798
0 STARLINK-36692
1 67744U 26026Z   26283.40001166  .00012763  00000-0  39691-3 0  9993
2 67744  97.2879 335.0003 0000828 102.4780 257.6555 15.33452384 37032
0 STARLINK-31310
1 59092U 24041U   26283.40000338  .00000894  00000-0  41992-4 0  9995
2 59092  43.0019 178.5592 0001256 280.4534  79.6176 15.27582054147109
0 STARLINK-37982
1 A0285U 26183P   26283.39996793  .00021042  00000-0  61223-3 0  9997
2 A0285  53.1600 164.7331 0001166  89.1458 270.9678 15.35410725  9355
0 STARLINK-35374
1 66194U 25243T   26283.39995641  .00014781  00000-0  48680-3 0  9999
2 66194  53.1599 326.0504 0001344  90.8492 269.2664 15.31720900 53555
0 STARLINK-37023
1 68076U 26042H   26283.39989933  .00020952  00000-0  62907-3 0  9990
2 68076  53.1576 256.7874 0001319  64.4563 295.6576 15.34422125 35240
0 YAOGAN-36 01A
1 53943U 22120A   26283.39982944  .00008567  00000-0  33369-3 0  9993
2 53943  34.9915 278.5111 0005774 298.8933  61.1203 15.25221457224901
0 STARLINK-3843
1 52341U 22045L   26283.39976814  .00000333  00000-0  20995-4 0  9994
2 52341  53.1605 318.3685 0001050  78.0692 282.0428 15.34393374248146
0 KUIPER-00170
1 65783U 25217X   26283.39975901 -.00005255  00000-0 -66060-3 0  9990
2 65783  51.8997 168.6168 0000741  96.2349 263.8697 14.79944410 56747
0 STARLINK-37674
1 A0278U 26183G   26283.39971985  .00019511  00000-0  58690-3 0  9997
2 A0278  53.1596 164.7311 0001419  88.8997 271.2168 15.34409549  9353
0 STARLINK-35831
1 66374U 25254AC  26283.39968508 -.00019214  00000-0 -55961-3 0  9991
2 66374  53.1607 308.3695 0002300 138.3304 221.7874 15.34360905 51947
0 STARLINK-11707
1 64328U 25124M   26283.39968444  .00250793  00000-0  18936-2 0  9990
2 64328  43.0018 174.9261 0001524 293.0486  67.0221 15.70915205 76607
0 STARLINK-2257
1 47787U 21018A   26283.39967226  .00000399  00000-0  24610-4 0  9998
2 47787  53.1608 326.4364 0001124  79.6998 280.4130 15.31707528309584
0 STARLINK-37480
1 A0287U 26183R   26283.39960004  .00028515  00000-0  82464-3 0  9997
2 A0287  53.1603 164.7284 0001158  92.9111 267.2024 15.35424035  9359
0 STARLINK-4385
1 53198U 22084K   26283.39959595  .00000302  00000-0  11684-4 0  9996
2 53198  97.2854 337.8706 0001609 115.4311 244.7099 15.33447380232391
0 STARLINK-36168
1 68677U 26077R   26283.39949078  .00014908  00000-0  46312-3 0  9997
2 68677  97.2830 153.0279 0002432  84.9523 275.1997 15.33447561 28069
0 ONEWEB-0119
1 47265U 20100H   26283.39947948 -.00000114  00000-0 -35319-3 0  9993
2 47265  87.8936 327.7875 0001861  97.3197 262.8143 13.12444931279813
0 STARLINK-33901
1 63878U 25094Q   26283.39936247  .00029570  00000-0  10032-2 0  9997
2 63878  70.0019  48.3486 0003253 278.4760  81.6047 15.30405927 79481
0 STARLINK-32908
1 63084U 25037H   26283.39934073  .00016122  00000-0  55011-3 0  9994
2 63084  70.0027 168.3067 0002133 274.1603  85.9329 15.30397506 90747
0 STARLINK-37749
1 69651U 26143C   26283.39914988  .00014190  00000-0  44099-3 0  9999
2 69651  97.2845 326.3247 0000493  39.8029 320.3250 15.33449566 18266
0 STARLINK-34336
1 64462U 25130AA  26283.39913974  .00010997  00000-0  36548-3 0  9994
2 64462  53.1585 172.0476 0001445 100.5926 259.5238 15.31710107 73566
0 STARLINK-34984
1 65290U 25184T   26283.39896013  .00011900  00000-0  37023-3 0  9991
2 65290  97.2873 331.0812 0002295  96.2181 263.9324 15.33454652 63773
0 STARLINK-32323
1 61677U 24193S   26283.39868229 -.00007462  00000-0 -21010-3 0  9992
2 61677  53.1585 168.4498 0000909  94.4045 265.7061 15.34377643109471
0 STARLINK-35857
1 67186U 25303Z   26283.39864985  .00017914  00000-0  65908-3 0  9997
2 67186  43.0032 178.0109 0000633 252.2121 107.8662 15.27572344 45576
0 STARLINK-38226
1 A0217U 26177E   26283.39853596  .00010852  00000-0  33793-3 0  9996
2 A0217  97.2849 333.9618 0000653 109.2745 250.8568 15.33449192 10417
0 STARLINK-6243
1 57080U 23088AJ  26283.39851551  .00000334  00000-0  21675-4 0  9994
2 57080  43.0017 323.8752 0001290 271.0942  88.9762 15.27579426183161
0 STARLINK-34346
1 64155U 25112K   26283.39848245  .00055584  00000-0  15416-2 0  9992
2 64155  97.2759 330.2467 0002201 151.5742 208.5623 15.36737103 75809
0 STARLINK-2061
1 48312U 21036AN  26283.39842252  .00001063  00000-0  46011-4 0  9992
2 48312  53.1597 169.1659 0001649  76.0015 284.1170 15.31704610301124
0 ONEWEB-0306
1 49188U 21083C   26283.39837330  .00000041  00000-0  70970-4 0  9993
2 49188  87.9129 312.5495 0001640  97.3853 262.7466 13.18686503245200
0 STARLINK-30917
1 58419U 23180T   26283.39832586  .00004758  00000-0  18234-3 0  9991
2 58419  43.0047 171.1990 0001718 262.1841  97.8815 15.27576617161739
0 STARLINK-37196
1 69163U 26111R   26283.39831540  .00018056  00000-0  54412-3 0  9999
2 69163  53.1600 332.6968 0002379  89.8052 270.3224 15.34406600 21958
0 STARLINK-36566
1 67551U 26014V   26283.39826093  .00024763  00000-0  76698-3 0  9999
2 67551  97.2842 168.4220 0001848  98.7006 261.4446 15.33438506 41675
0 STARLINK-34541
1 64771U 25147S   26283.39823167  .00024752  00000-0  74136-3 0  9998
2 64771  53.1589 320.5563 0001326  87.0207 273.0947 15.34397431 71626
0 STARLINK-6202
1 56896U 23083W   26283.39808357  .00001341  00000-0  58227-4 0  9991
2 56896  43.0019 316.3518 0000587 260.4142  99.6643 15.27588825184538
0 STARLINK-34967
1 65177U 25175D   26283.39801228  .00019278  00000-0  59765-3 0  9992
2 65177  97.2831 152.1162 0002588  78.2970 281.8563 15.33458322 65181
0 IRIDIUM 33 DEB
1 36028U 97051VK  26283.39790602  .00023166  00000-0  14215-2 0  9991
2 36028  86.3114 162.9618 0016102  45.5535 314.7017 15.09899988916560
0 STARLINK-3341
1 50817U 22001Q   26283.39789622  .00000602  00000-0  28962-4 0  9992
2 50817  53.1594 269.0479 0001228  88.7689 271.3454 15.34389498263041
0 STARLINK-11601
1 63110U 25039G   26283.39784383  .00175986  00000-0  13404-2 0  9996
2 63110  42.9978  22.6394 0000927 239.0549 121.0228 15.70941844 93380
0 FENGYUN 1C DEB
1 30264U 99025XZ  26283.39782500  .00001141  00000-0  65392-3 0  9990
2 30264  98.9472 341.3589 0107025 162.3559 260.6476 14.08596830  8031
0 STARLINK-37110
1 68222U 26053R   26283.39782431  .00013489  00000-0  41945-3 0  9995
2 68222  97.2837 156.9080 0002647  94.8025 265.3520 15.33439310 33128
0 STARLINK-4597
1 53640U 22104BE  26283.39777152  .00001536  00000-0  56585-4 0  9997
2 53640  53.1606 328.6281 0001142  64.9518 295.1603 15.34393197228791
0 STARLINK-3162
1 49411U 21104D   26283.39775273  .00000422  00000-0  23630-4 0  9997
2 49411  53.1597 319.0536 0001307  59.3622 300.7509 15.34391908271407
0 STARLINK-5986
1 56452U 23064E   26283.39768928 -.00001210  00000-0 -93611-4 0  9990
2 56452  69.9995 323.2488 0003039 265.7239  94.3573 14.98327494187402
0 STARLINK-3721
1 52134U 22029AY  26283.39767397  .00002899  00000-0  96904-4 0  9992
2 52134  53.1587 174.4074 0001253  92.3376 267.7770 15.34395665253490
0 STARLINK-30326
1 57639U 23122H   26283.39764390  .00000535  00000-0  28971-4 0  9996
2 57639  43.0013 319.9491 0000711 223.5051 136.5745 15.27578889175044
0 KUIPER-00158
1 65776U 25217Q   26283.39747528  .00002942  00000-0  39396-3 0  9994
2 65776  51.8961 173.6861 0001530  64.0100 296.1021 14.82142494 56679
0 STARLINK-4617
1 53675U 22105AD  26283.39739830  .00000818  00000-0  27668-4 0  9999
2 53675  97.2829 159.9015 0002054  88.7854 271.3625 15.33440370225797
0 STARLINK-36174
1 67166U 25303D   26283.39734748  .00025082  00000-0  91726-3 0  9990
2 67166  43.0023 178.0094 0000710 297.6332  62.4448 15.27602352 45571
0 FENGYUN 1C DEB
1 30858U 99025AWU 26283.39731718  .00000446  00000-0  23748-3 0  9990
2 30858  98.7640 342.6780 0028751 326.4218 164.5122 14.18170500 12550
0 STARLINK-6182
1 56878U 23083C   26283.39731156  .00000304  00000-0  20561-4 0  9991
2 56878  43.0042 312.9444 0001032 329.0334  31.0456 15.27576004184465
0 STARLINK-36717
1 67743U 26026Y   26283.39729364  .00013779  00000-0  42811-3 0  9993
2 67743  97.2860 335.0042 0001221  87.9096 272.2286 15.33462932 37033
0 ONEWEB-0391
1 50471U 21132C   26283.39726955  .00000003  00000-0 -25545-4 0  9992
2 50471  87.9171 343.0048 0002660 108.2459 251.8962 13.17648462233257
0 STARLINK-35179
1 66066U 25235J   26283.39722647  .00023009  00000-0  68978-3 0  9997
2 66066  53.1596 326.6014 0003037  90.6008 269.5343 15.34410024 55818
0 FENGYUN 1C DEB
1 30138U 99025ST  26283.39722157  .00001140  00000-0  54624-3 0  9997
2 30138  98.7308 338.3205 0019237 352.4336  20.8404 14.20908615 16847
0 STARLINK-3117
1 49435U 21104AD  26283.39717195 -.00000393  00000-0 -63028-6 0  9998
2 49435  53.1609 318.9807 0001313  91.6263 268.4890 15.33553733271401
0 STARLINK-34214
1 64190U 25113W   26283.39714747  .00012725  00000-0  38704-3 0  9997
2 64190  53.1599 172.7098 0001309  89.7167 270.3985 15.34404522 77951
0 KUIPER-00147
1 65768U 25217G   26283.39708069  .00001530  00000-0  22969-3 0  9992
2 65768  51.8984 171.1381 0001338  83.1651 276.9463 14.79928814 56708
0 ORBCOMM FM 118
1 41183U 15081E   26283.39698259  .00000489  00000-0  13976-3 0  9994
2 41183  47.0033 177.0172 0003411 209.9129 150.1563 14.58837915574550
0 FENGYUN 1C DEB
1 30016U 99025MR  26283.39696765  .00008665  00000-0  99670-3 0  9996
2 30016  98.8823 333.8915 0041036 163.4343 209.5969 14.85448553 39245
0 STARLINK-37122
1 68678U 26077S   26283.39677098  .00015837  00000-0  49191-3 0  9998
2 68678  97.2835 153.0330 0001944  89.0473 271.0992 15.33440526 28064
0 STARLINK-35421
1 66062U 25235E   26283.39664898  .00026644  00000-0  79633-3 0  9994
2 66062  53.1596 324.4657 0001277  79.0479 281.0667 15.34422659 55848
0 STARLINK-35356
1 65836U 25221P   26283.39657411  .00023714  00000-0  71047-3 0  9996
2 65836  53.1581 168.3817 0001258  73.9815 286.1326 15.34413400 57641
0 STARLINK-33893
1 64253U 25119W   26283.39655459  .00021561  00000-0  78996-3 0  9992
2 64253  43.0004 174.6941 0003995 263.3578  96.6819 15.27608107 77005
0 STARLINK-31454
1 59014U 24036S   26283.39653548  .00002145  00000-0  80872-4 0  9999
2 59014  53.1591 160.2786 0001276  86.8833 273.2314 15.31700864148209
0 STARLINK-31548
1 59193U 24045R   26283.39642430 -.00002072  00000-0 -65766-4 0  9991
2 59193  42.9997 320.3671 0000540 267.1473  92.9317 15.27591537145994
0 IRIDIUM 47 DEB
1 40255U 97082Q   26283.39628736  .00003719  00000-0  97785-3 0  9996
2 40255  86.2791 310.4490 0129319 229.0609 129.9343 14.43982208621028
0 FENGYUN 1C DEB
1 30259U 99025XU  26283.39617605  .00001133  00000-0  19981-3 0  9991
2 30259  98.7227 152.8977 0241260  72.6400 100.2744 14.52446095 38514
0 STARLINK-34399
1 64444U 25130G   26283.39603563  .00018752  00000-0  56469-3 0  9995
2 64444  53.1594 166.4202 0001135  96.0238 264.0894 15.34402509 73646
0 STARLINK-30277
1 57645U 23122P   26283.39603467  .00000904  00000-0  42355-4 0  9992
2 57645  43.0010 177.8497 0001293 255.9173 104.1535 15.27581733176710
0 STARLINK-5977
1 56791U 23078AA  26283.39583923  .00000880  00000-0  81516-4 0  9992
2 56791  69.9994 163.0086 0002756 272.1262  87.9581 14.98324512184844
0 STARLINK-38126
1 A0235U 26177Y   26283.39581811  .00013581  00000-0  42223-3 0  9994
2 A0235  97.2851 333.9672 0000992 101.6960 258.4394 15.33446332 10415
0 STARLINK-5631
1 55346U 23013R   26283.39565786 -.00000452  00000-0 -69028-5 0  9995
2 55346  43.0050 170.5405 0000908 248.8907 111.1848 15.27574762204516
0 STARLINK-4332
1 53190U 22084B   26283.39562807  .00001955  00000-0  62907-4 0  9993
2 53190  97.2831 338.8801 0001331  95.2018 264.9377 15.33428925232472
0 STARLINK-4493
1 53533U 22101G   26283.39558323  .00001368  00000-0  55854-4 0  9993
2 53533  53.1597 175.2489 0001292  87.7486 272.3663 15.31701856228784
0 STARLINK-3792
1 52339U 22045J   26283.39556812  .00000718  00000-0  32394-4 0  9996
2 52339  53.1601 318.3849 0001289  90.1309 269.9841 15.34391991248141
0 FENGYUN 1C DEB
1 32241U 99025CWP 26283.39555917  .00002607  00000-0  90886-3 0  9991
2 32241  99.0554 330.2238 0142267  70.1985 291.4471 14.30716756981342
0 STARLINK-34963
1 65242U 25179H   26283.39537670  .00012578  00000-0  39123-3 0  9998
2 65242  97.2862 322.4634 0001380  95.9176 264.2224 15.33448381 64516
0 KUIPER-00205
1 67774U 26030L   26283.39532032  .00002543  00000-0  36240-3 0  9992
2 67774  51.9005 313.6739 0000460  54.9078 305.1928 14.79931295 37398
0 STARLINK-34972
1 65188U 25175Q   26283.39528946  .00004270  00000-0  13454-3 0  9998
2 65188  97.2831 152.1226 0001370  87.6037 272.5362 15.33440808 65151
0 STARLINK-35566
1 66061U 25235D   26283.39512182  .00019485  00000-0  58618-3 0  9996
2 66061  53.1588 326.5828 0002012  91.9345 268.1888 15.34407324 55814
0 STARLINK-3079
1 49433U 21104AB  26283.39507314  .00000555  00000-0  27574-4 0  9998
2 49433  53.1596 316.9097 0001116  69.6665 290.4457 15.34393861272528
0 STARLINK-33929
1 64188U 25113U   26283.39504095  .00020423  00000-0  61362-3 0  9997
2 64188  53.1590 172.6951 0001337  79.9491 280.1662 15.34416524 77954
0 ONEWEB-0325
1 49194U 21083J   26283.39499915  .00000054  00000-0  10520-3 0  9991
2 49194  87.9124 312.5544 0001935  90.7635 269.3719 13.18685608245196
0 STARLINK-34341
1 64161U 25112R   26283.39474549  .00013050  00000-0  40539-3 0  9998
2 64161  97.2850 330.1326 0002098  99.2049 260.9431 15.33480609 75793
0 STARLINK-36740
1 67741U 26026W   26283.39457498  .00011396  00000-0  35475-3 0  9998
2 67741  97.2861 335.0058 0000327 111.3468 248.7809 15.33448048 37031
0 ONEWEB-0111
1 47261U 20100D   26283.39440374 -.00000321  00000-0 -92671-3 0  9994
2 47261  87.8941 327.7902 0001869  93.7548 266.3794 13.12443556279671
0 KUIPER-00151
1 65771U 25217K   26283.39439988  .00000752  00000-0  12771-3 0  9992
2 65771  51.9000 173.6997 0000771  96.4732 263.6318 14.79928757 56673
0 STARLINK-2420
1 47831U 21018AW  26283.39427412  .00010340  00000-0  34433-3 0  9996
2 47831  53.1606 323.4664 0001317  91.7644 268.3508 15.31717248309662
0 STARLINK-1131
1 45047U 20006D   26283.39425793  .00050474  00000-0  44037-3 0  9992
2 45047  53.1495 328.9224 0000550  22.7036 337.4005 15.68495436369909
0 FENGYUN 1C DEB
1 37056U 99025EEQ 26283.39415096  .00000945  00000-0  16145-3 0  9992
2 37056  98.9501 330.8848 0264190 317.6966  40.4115 14.51508425697865
0 STARLINK-34749
1 65675U 25211Z   26283.39413732  .00014572  00000-0  45276-3 0  9999
2 65675  97.2843 323.3648 0001036  98.4127 261.7233 15.33449468 59571
0 STARLINK-35964
1 66796U 25278F   26283.39411216  .00018330  00000-0  67359-3 0  9994
2 66796  43.0017 326.9343 0001187 284.8312  75.2408 15.27597938 48213
0 FENGYUN 1C DEB
1 30004U 99025MD  26283.39409874  .00000922  00000-0  47223-3 0  9991
2 30004  99.2200 120.9513 0037088 210.8494 270.0053 14.17799466 15799
0 STARLINK-33965
1 64755U 25147A   26283.39402162  .00020745  00000-0  62351-3 0  9992
2 64755  53.1585 320.5358 0001193  86.0134 274.1005 15.34395747 71733
0 STARLINK-31590
1 59198U 24045W   26283.39385706  .00000237  00000-0  18143-4 0  9992
2 59198  43.0020 320.3452 0000888 259.1082 100.9670 15.27579621145999
0 STARLINK-37949
1 69671U 26143Y   26283.39371281  .00013937  00000-0  43318-3 0  9995
2 69671  97.2850 326.3343 0001324  96.2871 263.8522 15.33447536 18197
0 STARLINK-35982
1 66828U 25280H   26283.39364697  .00003753  00000-0  32212-3 0  9996
2 66828  70.0004 153.2256 0002597 271.6095  88.4767 14.98331189 48234
0 STARLINK-3133
1 49416U 21104J   26283.39354013 -.00000055  00000-0  95080-5 0  9999
2 49416  53.1599 328.3795 0001204  83.5181 276.5959 15.34395255271272
0 STARLINK-5935
1 56453U 23064F   26283.39351534 -.00000023  00000-0  58549-5 0  9994
2 56453  69.9983 323.2322 0003692 268.4487  91.6249 14.98329570187404
0 STARLINK-38399
1 A0759U 26219G   26283.39342826  .00243890  00000-0  21013-2 0  9994
2 A0759  70.0000  42.9987 0003515 269.0546  91.0246 15.68370517  3227
0 STARLINK-31124
1 58674U 23211H   26283.39338732  .00001665  00000-0  70055-4 0  9997
2 58674  43.0028 312.4993 0001040 284.7099  75.3638 15.27566856155301
0 ONEWEB-0567
1 55147U 23004H   26283.39330012  .00000090  00000-0  19438-3 0  9990
2 55147  87.9116 312.5652 0001686 103.2600 256.8720 13.18687660184888
0 STARLINK-11493
1 62410U 24249B   26283.39322478  .00163404  00000-0  12478-2 0  9995
2 62410  43.0004 313.8782 0000571 236.6166 123.4647 15.70920421103249
0 STARLINK-38164
1 A0224U 26177M   26283.39309842  .00014022  00000-0  43576-3 0  9997
2 A0224  97.2853 333.9713 0001025  88.4706 271.6654 15.33451303 11331
0 ONEWEB-0140
1 47286U 20100AE  26283.39269461 -.00000301  00000-0 -87248-3 0  9999
2 47286  87.8949 327.7742 0001805  91.4528 268.6807 13.12444447279806
0 KUIPER-00200
1 67772U 26030J   26283.39264113  .00002407  00000-0  34457-3 0  9999
2 67772  51.8998 316.2158 0000423  45.1900 314.9097 14.79935921 37356
0 STARLINK-35363
1 66178U 25243B   26283.39246072  .00018355  00000-0  55292-3 0  9996
2 66178  53.1594 324.5838 0001537  79.5684 280.5491 15.34406478 53576
0 STARLINK-6155
1 57076U 23088AE  26283.39209295  .00000396  00000-0  23922-4 0  9996
2 57076  43.0028 323.8344 0001986 261.2557  98.8070 15.27577848183168
0 STARLINK-34612
1 64773U 25147U   26283.39191937  .00021502  00000-0  64548-3 0  9999
2 64773  53.1595 320.5171 0001388  94.3075 265.8086 15.34410726 71695
0 STARLINK-31431
1 59002U 24036E   26283.39188322  .00001074  00000-0  46356-4 0  9998
2 59002  53.1584 160.2577 0001377  90.4947 269.6212 15.31705560148209
0 STARLINK-34429
1 64464U 25130AC  26283.39182666  .00020030  00000-0  60240-3 0  9997
2 64464  53.1594 166.3859 0001481  85.1951 274.9221 15.34398736 73640
0 STARLINK-5661
1 55343U 23013N   26283.39180218 -.00000077  00000-0  67334-5 0  9995
2 55343  43.0021 170.5163 0000948 257.7316 102.3429 15.27575655204518
0 STARLINK-37559
1 A0295U 26183Z   26283.39163396  .00028025  00000-0  81088-3 0  9992
2 A0295  53.1601 164.6750 0000851  96.6812 263.4288 15.35417498  9356
0 STARLINK-31679
1 59519U 24073J   26283.39147702  .00000722  00000-0  35760-4 0  9995
2 59519  42.9978 174.9200 0001082 270.5771  89.4956 15.27580998139135
0 STARLINK-35648
1 66482U 25262AC  26283.39146992  .00013397  00000-0  49532-3 0  9996
2 66482  43.0027 163.5219 0001240 271.0552  89.0158 15.27591248 51584
0 STARLINK-37312
1 68676U 26077Q   26283.39132819  .00026335  00000-0  81476-3 0  9990
2 68676  97.2874 153.0434 0003154  78.3643 281.7954 15.33458919 28066
0 STARLINK-38402
1 A0761U 26219J   26283.39130345  .00149681  00000-0  13073-2 0  9998
2 A0761  70.0000  42.9907 0003727 272.7842  87.2926 15.68327230  3223
0 STARLINK-32912
1 63088U 25037M   26283.39116191  .00013643  00000-0  46607-3 0  9997
2 63088  70.0007 168.2811 0003065 274.1822  85.9004 15.30416521 90988
0 STARLINK-37610
1 A0029U 26161B   26283.39102119  .00018981  00000-0  57086-3 0  9990
2 A0029  53.1569 264.7663 0001678  65.0478 295.0699 15.34433470 13668
0 STARLINK-37838
1 69654U 26143F   26283.39099231  .00012665  00000-0  39390-3 0  9990
2 69654  97.2841 326.3372 0001598  91.0238 269.1188 15.33449353 18267
0 STARLINK-32426
1 61681U 24193W   26283.39083398  .00002058  00000-0  72037-4 0  9993
2 61681  53.1593 172.6525 0001317  89.1033 271.0121 15.34398418109419
0 YAOGAN-35 C
1 49393U 21101D   26283.39083353  .00013186  00000-0  51969-3 0  9990
2 49393  35.0053 259.5229 0004405 341.0435  19.0116 15.24767299274590
0 STARLINK-3864
1 52468U 22049T   26283.39082600 -.00000150  00000-0  66831-5 0  9997
2 52468  53.1596 161.0833 0001165  96.4556 263.6580 15.34390799244859
0 STARLINK-34922
1 65273U 25184A   26283.39079155  .00042216  00000-0  13002-2 0  9996
2 65273  97.2875 331.0871 0000269 106.6299 253.4973 15.33505118 63774
0 IRIDIUM 33 DEB
1 46974U 97051ACG 26283.39053543  .00006262  00000-0  15484-2 0  9995
2 46974  86.3001 332.9097 0083818 260.7785  98.3932 14.49773029618720
0 STARLINK-5668
1 55350U 23013V   26283.39051825 -.00000348  00000-0 -31128-5 0  9998
2 55350  43.0016 170.5016 0001096 238.2272 121.8473 15.27576200204519
0 STARLINK-38053
1 A0230U 26177T   26283.39037737  .00011812  00000-0  36759-3 0  9994
2 A0230  97.2846 333.9745 0001837 104.9418 255.2028 15.33447785 11488
0 STARLINK-34403
1 64443U 25130F   26283.39028283  .00013150  00000-0  39956-3 0  9993
2 64443  53.1571 168.5133 0001034  81.1317 278.9802 15.34406392 73611
0 STARLINK-34836
1 65399U 25191W   26283.39028150  .00011167  00000-0  34780-3 0  9990
2 65399  97.2828 149.0887 0002855  73.6556 286.5001 15.33433785 62685
0 STARLINK-33857
1 64195U 25113AB  26283.39022804  .00025250  00000-0  82239-3 0  9997
2 64195  53.1570 172.6655 0001535  80.1854 279.9321 15.31711475 77912
0 STARLINK-35424
1 66460U 25262E   26283.39018776  .00025099  00000-0  91765-3 0  9997
2 66460  43.0024 163.5236 0000456  26.9501 333.1374 15.27610291 51746
0 ONEWEB-0173
1 48069U 21025AD  26283.39008397 -.00000088  00000-0 -27667-3 0  9996
2 48069  87.8889 297.2906 0001609 101.6390 258.4920 13.13471555268920
0 FENGYUN 1C DEB
1 31069U 99025BFP 26283.39006466  .00002243  00000-0  45853-3 0  9998
2 31069  99.1117 117.3731 0099997 243.6907 115.3991 14.58942173 30787
0 STARLINK-31498
1 59189U 24045M   26283.39000221 -.00000875  00000-0 -22260-4 0  9993
2 59189  43.0015 320.3164 0001101 284.3086  75.7644 15.27585211145998
0 STARLINK-2406
1 47821U 21018AL  26283.38997461  .00000714  00000-0  34775-4 0  9994
2 47821  53.1602 323.7074 0001229  78.0843 282.0296 15.31707915309629
0 STARLINK-34964
1 65239U 25179E   26283.38994267  .00013179  00000-0  40983-3 0  9996
2 65239  97.2835 322.4601 0001694  82.3916 277.7519 15.33444517 64362
0 KUIPER-00276
1 67794U 26030AG  26283.38993762  .00002684  00000-0  38092-3 0  9997
2 67794  51.8993 318.6957 0000462  47.3234 312.7767 14.79940813 37328
0 STARLINK-34948
1 65191U 25175T   26283.38985534  .00018292  00000-0  56744-3 0  9999
2 65191  97.2833 152.1272 0002971  83.7751 276.3830 15.33448155 65184
0 STARLINK-34261
1 64764U 25147K   26283.38981503  .00026467  00000-0  79153-3 0  9997
2 64764  53.1593 320.5046 0001329  83.1581 276.9573 15.34407404 71735
0 STARLINK-34177
1 64170U 25113A   26283.38979834  .00017547  00000-0  57540-3 0  9990
2 64170  53.1577 171.9649 0001405  78.1662 281.9497 15.31725569 77968
0 STARLINK-34421
1 64459U 25130X   26283.38972399  .00018478  00000-0  55629-3 0  9998
2 64459  53.1587 166.3773 0001185  74.8758 285.2376 15.34422381 73642
0 STARLINK-36960
1 68225U 26053U   26283.38966618  .00015456  00000-0  48003-3 0  9996
2 68225  97.2836 156.9198 0002175  89.1770 270.9722 15.33447754 33105
0 STARLINK-32910
1 63089U 25037N   26283.38966380  .00008538  00000-0  30105-3 0  9993
2 63089  70.0013 168.2737 0003060 268.9506  91.1319 15.29586433 90883
0 STARLINK-32244
1 60411U 24141P   26283.38965916  .00000601  00000-0  31103-4 0  9991
2 60411  53.1613 323.8099 0001262  74.3799 285.7342 15.31715607122470
0 STARLINK-32175
1 60339U 24136L   26283.38963918 -.00000394  00000-0 -53248-6 0  9991
2 60339  53.1584 156.4528 0000824  60.3153 299.7932 15.34396812122561
0 STARLINK-35837
1 66840U 25280V   26283.38962365  .00003465  00000-0  29800-3 0  9994
2 66840  70.0011 153.2133 0001969 271.6078  88.4855 14.98338411 48236
0 STARLINK-31113
1 58668U 23211B   26283.38954988 -.00002140  00000-0 -68310-4 0  9998
2 58668  43.0024 312.4698 0000791 282.8327  77.2436 15.27564031155307
